CompetitionDistance,CompetitionOpenSinceMonth,CompetitionOpenSinceYear,Promo2SinceWeek,Promo2SinceYear,StoreType,Assortment,Promo2,PromoInterval,Store,node_type
269,0,0,0,0,a,a,0,,0,store
7011,3,2012,0,0,c,a,0,,1,store
12768,7,2010,38,2010,d,c,1,"Jan,Apr,Jul,Oct",2,store
5684,0,0,0,0,d,c,0,,3,store
73934,0,0,0,0,a,c,0,,4,store
11619,0,0,13,2015,d,c,1,"Jan,Apr,Jul,Oct",5,store
5969,9,2011,0,0,d,a,0,,6,store
71,7,2015,0,0,a,a,0,,7,store
13094,0,0,0,0,a,a,0,,8,store
2295,1,2006,9,2010,a,a,1,"Jan,Apr,Jul,Oct",9,store
1035,4,2003,14,2012,a,c,1,"Mar,Jun,Sept,Dec",10,store
7621,3,2006,0,0,a,c,0,,11,store
1151,0,0,38,2013,d,c,1,"Jan,Apr,Jul,Oct",12,store
3026,4,2011,16,2011,a,a,1,"Jan,Apr,Jul,Oct",13,store
4052,0,0,14,2011,c,c,1,"Mar,Jun,Sept,Dec",14,store
2069,4,2012,0,0,c,a,0,,15,store
8608,1,2012,0,0,a,a,0,,16,store
2171,0,0,0,0,c,c,0,,17,store
1073,7,2006,0,0,c,c,0,,18,store
11313,10,0,0,0,d,c,0,,19,store
19,0,0,44,2009,a,a,1,"Jan,Apr,Jul,Oct",20,store
1886,11,2011,0,0,a,c,0,,21,store
17074,0,0,0,0,a,c,0,,22,store
4480,4,2009,14,2014,a,a,1,"Jan,Apr,Jul,Oct",23,store
151,9,2008,0,0,c,a,0,,24,store
14708,0,0,0,0,c,a,0,,25,store
16,4,2002,0,0,c,a,0,,26,store
333,5,2012,0,0,c,a,0,,27,store
3456,10,2010,0,0,a,a,0,,28,store
3411,9,2009,0,0,a,a,0,,29,store
1496,12,2012,0,0,a,a,0,,30,store
212,7,2012,10,2011,a,a,1,"Jan,Apr,Jul,Oct",31,store
45450,4,2015,0,0,a,c,0,,32,store
21685,4,2014,0,0,d,c,0,,33,store
138,2,2005,0,0,b,c,0,,34,store
10021,9,2013,0,0,a,a,0,,35,store
3450,3,2010,14,2013,d,a,1,"Feb,May,Aug,Nov",36,store
1691,12,2011,31,2010,a,a,1,"Jan,Apr,Jul,Oct",37,store
10058,0,0,0,0,d,c,0,,38,store
85,11,2011,0,0,c,a,0,,39,store
508,0,0,20,2014,a,c,1,"Mar,Jun,Sept,Dec",40,store
940,6,2013,12,2011,d,c,1,"Jan,Apr,Jul,Oct",41,store
17898,0,0,0,0,a,c,0,,42,store
185,0,0,37,2012,a,c,1,"Jan,Apr,Jul,Oct",43,store
6243,0,0,32,2011,d,c,1,"Jan,Apr,Jul,Oct",44,store
2966,4,2005,0,0,a,a,0,,45,store
5328,3,2006,17,2011,a,c,1,"Feb,May,Aug,Nov",46,store
6300,11,2006,0,0,a,a,0,,47,store
1774,7,2002,0,0,a,a,0,,48,store
1899,0,0,0,0,a,c,0,,49,store
1621,7,2006,7,2014,c,c,1,"Mar,Jun,Sept,Dec",50,store
4436,0,0,36,2011,d,c,1,"Jan,Apr,Jul,Oct",51,store
2420,9,2013,40,2012,a,c,1,"Mar,Jun,Sept,Dec",52,store
15759,11,923,0,0,a,c,0,,53,store
7443,0,0,14,2011,a,a,1,"Jan,Apr,Jul,Oct",54,store
19584,8,2013,0,0,a,a,0,,55,store
18897,9,2011,18,2014,d,a,1,"Mar,Jun,Sept,Dec",56,store
50781,4,2014,0,0,c,c,0,,57,store
944,0,0,14,2012,d,c,1,"Feb,May,Aug,Nov",58,store
2173,4,2005,12,2011,a,a,1,"Jan,Apr,Jul,Oct",59,store
1819,1,2013,0,0,a,c,0,,60,store
2060,3,2010,0,2013,d,a,1,"Feb,May,Aug,Nov",61,store
12964,10,2013,14,2013,a,a,1,"Feb,May,Aug,Nov",62,store
4688,9,2007,0,0,a,c,0,,63,store
2231,9,2011,0,0,a,a,0,,64,store
8578,0,0,0,0,d,c,0,,65,store
1030,11,2009,0,0,a,a,0,,66,store
922,11,2013,38,2010,d,a,1,"Jan,Apr,Jul,Oct",67,store
749,11,2008,20,2012,a,a,1,"Jan,Apr,Jul,Oct",68,store
8512,9,2010,0,0,d,c,0,,69,store
9983,4,2011,14,2013,d,c,1,"Jan,Apr,Jul,Oct",70,store
1796,10,2009,0,0,a,a,0,,71,store
545,0,0,40,2013,a,c,1,"Jan,Apr,Jul,Oct",72,store
5609,7,2009,16,2011,a,a,1,"Jan,Apr,Jul,Oct",73,store
154,0,0,0,0,c,c,0,,74,store
12146,9,2014,0,0,d,c,0,,75,store
3424,0,0,0,0,a,c,0,,76,store
3544,0,0,5,2015,a,c,1,"Mar,Jun,Sept,Dec",77,store
6733,9,2011,0,0,a,a,0,,78,store
225,4,2008,21,2010,c,a,1,"Mar,Jun,Sept,Dec",79,store
5864,3,0,0,0,a,a,0,,80,store
2066,10,1999,0,0,d,c,0,,81,store
17043,9,2006,0,0,a,a,0,,82,store
914,0,0,40,2012,a,c,1,"Jan,Apr,Jul,Oct",83,store
2664,11,2010,14,2014,d,a,1,"Jan,Apr,Jul,Oct",84,store
4530,0,0,10,2011,a,a,1,"Jan,Apr,Jul,Oct",85,store
2924,2,2009,0,0,a,a,0,,86,store
199,0,0,13,2013,a,c,1,"Feb,May,Aug,Nov",87,store
2341,2,2012,40,2014,c,a,1,"Jan,Apr,Jul,Oct",88,store
10203,2,2007,33,2014,a,a,1,"Jan,Apr,Jul,Oct",89,store
3107,9,2009,15,2011,a,c,1,"Jan,Apr,Jul,Oct",90,store
433,0,0,0,0,a,a,0,,91,store
12440,0,0,23,2011,c,c,1,"Mar,Jun,Sept,Dec",92,store
4247,0,0,0,0,a,c,0,,93,store
8711,9,2012,0,0,d,a,0,,94,store
2329,8,1773,0,0,a,a,0,,95,store
13046,0,0,14,2011,d,c,1,"Jan,Apr,Jul,Oct",96,store
8576,0,0,0,2013,d,c,1,"Jan,Apr,Jul,Oct",97,store
109,3,2007,0,0,a,c,0,,98,store
2230,9,2010,0,0,a,c,0,,99,store
2740,7,2015,0,0,c,a,0,,100,store
6339,10,1978,0,2011,a,a,0,,101,store
3350,10,2008,38,2011,c,c,1,"Feb,May,Aug,Nov",102,store
3810,12,2005,0,0,a,a,0,,103,store
523,7,2009,6,2011,c,a,1,"Jan,Apr,Jul,Oct",104,store
1591,0,0,11,2013,a,c,1,"Feb,May,Aug,Nov",105,store
1674,0,0,28,2013,d,a,1,"Jan,Apr,Jul,Oct",106,store
120,12,2007,40,2014,c,c,1,"Jan,Apr,Jul,Oct",107,store
621,4,2014,0,0,a,c,0,,108,store
112,0,0,0,0,d,c,0,,109,store
1276,3,2014,14,2010,d,a,1,"Jan,Apr,Jul,Oct",110,store
3335,0,0,0,0,c,a,0,,111,store
637,9,2011,38,2012,a,a,1,"Mar,Jun,Sept,Dec",112,store
4153,1,2005,13,2010,d,c,1,"Jan,Apr,Jul,Oct",113,store
13822,9,2011,7,2011,a,c,1,"Feb,May,Aug,Nov",114,store
19635,0,0,43,2009,a,c,1,"Jan,Apr,Jul,Oct",115,store
1113,11,2009,0,0,a,c,0,,116,store
1511,12,2007,13,2011,c,a,1,"Jan,Apr,Jul,Oct",117,store
993,1,2015,0,0,d,c,0,,118,store
2650,3,2014,38,2014,a,a,1,"Jan,Apr,Jul,Oct",119,store
1906,11,2014,0,0,d,c,0,,120,store
4445,2,2012,0,0,c,a,0,,121,store
75,0,0,0,0,a,c,0,,122,store
11409,0,0,0,0,d,a,0,,123,store
21671,5,2011,38,2015,a,c,1,"Mar,Jun,Sept,Dec",124,store
3348,11,2010,0,0,c,a,0,,125,store
16982,0,0,0,0,d,a,0,,126,store
646,9,2010,0,0,a,a,0,,127,store
2803,7,1325,0,0,a,a,0,,128,store
584,9,2006,0,2013,a,a,1,"Jan,Apr,Jul,Oct",129,store
108,0,0,7,2013,c,a,1,"Jan,Apr,Jul,Oct",130,store
345,7,2010,0,0,a,a,0,,131,store
10766,0,0,0,0,a,c,0,,132,store
3308,7,2013,24,2009,d,a,1,"Jan,Apr,Jul,Oct",133,store
709,0,0,0,0,a,a,0,,134,store
2836,12,2008,0,0,a,a,0,,135,store
679,9,2007,0,0,c,c,0,,136,store
7906,7,2004,0,0,c,a,0,,137,store
1311,4,2011,0,0,a,a,0,,138,store
4930,12,2012,34,2012,d,b,1,"Jan,Apr,Jul,Oct",139,store
865,0,0,40,2009,a,a,1,"Feb,May,Aug,Nov",140,store
9471,0,0,0,0,d,c,0,,141,store
2505,12,2004,0,0,a,a,0,,142,store
4968,7,2015,0,0,a,a,0,,143,store
2365,11,2011,23,2011,a,c,1,"Feb,May,Aug,Nov",144,store
13101,0,0,14,2013,a,c,1,"Jan,Apr,Jul,Oct",145,store
520,3,2001,10,2012,a,a,1,"Mar,Jun,Sept,Dec",146,store
3978,0,0,14,2011,c,c,1,"Jan,Apr,Jul,Oct",147,store
1206,0,0,14,2010,a,c,1,"Mar,Jun,Sept,Dec",148,store
111,0,0,0,0,c,c,0,,149,store
2094,0,0,14,2011,c,a,1,"Mar,Jun,Sept,Dec",150,store
243,7,2013,39,2014,a,a,1,"Jan,Apr,Jul,Oct",151,store
754,12,2010,0,2014,d,a,1,"Jan,Apr,Jul,Oct",152,store
10481,5,2013,2,2013,a,c,1,"Jan,Apr,Jul,Oct",153,store
1655,0,0,28,2012,a,c,1,"Jan,Apr,Jul,Oct",154,store
457,9,2012,0,0,a,c,0,,155,store
17765,0,0,16,2011,a,a,1,"Feb,May,Aug,Nov",156,store
1621,8,2005,0,0,a,a,0,,157,store
15218,9,2011,0,0,a,c,0,,158,store
53978,7,2011,0,0,a,c,0,,159,store
2303,9,2007,0,0,a,a,0,,160,store
8293,10,2010,14,2013,d,c,1,"Feb,May,Aug,Nov",161,store
2643,4,2012,0,0,d,a,0,,162,store
10583,3,2012,0,0,a,a,0,,163,store
12254,7,2010,36,2009,d,a,1,"Jan,Apr,Jul,Oct",164,store
90,0,0,22,2012,a,a,1,"Mar,Jun,Sept,Dec",165,store
1232,2,2006,0,0,a,a,0,,166,store
1276,11,2005,0,0,a,a,0,,167,store
0,0,0,0,0,a,a,0,,168,store
1267,0,0,13,2011,d,a,1,"Jan,Apr,Jul,Oct",169,store
186,11,2006,4,2010,c,a,1,"Jan,Apr,Jul,Oct",170,store
3040,9,2007,0,0,a,a,0,,171,store
3409,0,0,0,0,d,c,0,,172,store
3439,1,2013,21,2011,d,c,1,"Feb,May,Aug,Nov",173,store
2257,4,2015,0,0,c,a,0,,174,store
1622,11,2010,7,2015,d,c,1,"Feb,May,Aug,Nov",175,store
1541,7,2008,22,2010,a,a,1,"Jan,Apr,Jul,Oct",176,store
1598,11,2012,0,0,a,c,0,,177,store
3256,11,2010,0,0,d,a,0,,178,store
99,11,2013,0,0,a,a,0,,179,store
9308,3,2013,14,2011,a,a,1,"Jan,Apr,Jul,Oct",180,store
1277,4,2012,0,0,a,a,0,,181,store
980,3,2013,0,0,a,c,0,,182,store
29965,1,2013,0,0,a,a,0,,183,store
368,12,2007,40,2013,a,c,1,"Jan,Apr,Jul,Oct",184,store
10952,0,0,6,2011,c,c,1,"Jan,Apr,Jul,Oct",185,store
1401,2,2011,0,0,a,c,0,,186,store
8294,9,2008,0,0,a,a,0,,187,store
24194,4,2009,0,0,a,c,0,,188,store
2085,5,2013,0,0,a,c,0,,189,store
65791,7,2011,0,0,a,a,0,,190,store
47,11,2014,36,2009,a,a,1,"Feb,May,Aug,Nov",191,store
3370,0,0,40,2009,d,a,1,"Feb,May,Aug,Nov",192,store
3301,11,2009,14,2011,a,a,1,"Jan,Apr,Jul,Oct",193,store
11122,11,2006,0,0,d,a,0,,194,store
6155,9,2009,0,0,a,c,0,,195,store
133,5,2013,0,0,c,a,0,,196,store
402,0,0,15,2012,a,a,1,"Jan,Apr,Jul,Oct",197,store
2124,0,0,7,2011,a,c,1,"Jan,Apr,Jul,Oct",198,store
263,11,2012,0,0,a,a,0,,199,store
14512,9,2013,0,0,a,c,0,,200,store
3554,0,0,14,2011,d,c,1,"Mar,Jun,Sept,Dec",201,store
105,1,709,0,0,c,c,0,,202,store
1506,0,0,40,2012,d,c,1,"Mar,Jun,Sept,Dec",203,store
3171,3,2007,36,2014,d,c,1,"Jan,Apr,Jul,Oct",204,store
3376,5,2012,14,2011,a,c,1,"Jan,Apr,Jul,Oct",205,store
4934,11,2011,0,0,a,c,0,,206,store
4759,0,0,12,2013,d,c,1,"Jan,Apr,Jul,Oct",207,store
1640,5,2010,0,0,d,a,0,,208,store
4783,11,2014,0,0,d,c,0,,209,store
841,2,2007,0,0,a,a,0,,210,store
18395,9,2011,0,0,a,a,0,,211,store
9296,11,0,0,0,a,a,0,,212,store
181,11,2012,0,0,a,a,0,,213,store
108,0,0,49,2012,c,a,1,"Jan,Apr,Jul,Oct",214,store
3732,5,2010,26,2011,d,a,1,"Jan,Apr,Jul,Oct",215,store
1665,9,2010,0,0,d,a,0,,216,store
592,6,2005,38,2014,a,c,1,"Jan,Apr,Jul,Oct",217,store
14699,0,0,16,2015,a,a,1,"Jan,Apr,Jul,Oct",218,store
1556,0,0,0,0,a,a,0,,219,store
3566,0,0,44,2009,a,a,1,"Feb,May,Aug,Nov",220,store
309,11,2003,13,2012,c,a,1,"Mar,Jun,Sept,Dec",221,store
22417,0,0,35,2014,d,a,1,"Jan,Apr,Jul,Oct",222,store
14342,0,0,0,0,d,c,0,,223,store
11466,9,2013,0,0,d,c,0,,224,store
4599,7,2005,33,2013,d,c,1,"Jan,Apr,Jul,Oct",225,store
1110,4,2010,0,0,c,c,0,,226,store
10929,9,2005,23,2012,a,a,1,"Mar,Jun,Sept,Dec",227,store
7140,4,2013,0,0,d,c,0,,228,store
17971,0,0,0,0,a,c,0,,229,store
393,3,2014,40,2014,d,a,1,"Jan,Apr,Jul,Oct",230,store
54155,4,2005,0,0,d,c,0,,231,store
3439,12,2010,40,2014,a,a,1,"Jan,Apr,Jul,Oct",232,store
4505,0,0,40,2013,a,c,1,"Feb,May,Aug,Nov",233,store
17156,0,0,18,2011,a,c,1,"Jan,Apr,Jul,Oct",234,store
3772,9,2009,0,0,d,a,0,,235,store
1693,11,2004,13,2012,a,a,1,"Mar,Jun,Sept,Dec",236,store
303,11,2006,0,0,d,c,0,,237,store
9845,9,2006,0,0,a,c,0,,238,store
10914,0,0,0,0,d,c,0,,239,store
1127,0,0,40,2013,c,c,1,"Feb,May,Aug,Nov",240,store
2454,5,2007,0,0,d,c,0,,241,store
1211,8,2013,35,2014,a,a,1,"Jan,Apr,Jul,Oct",242,store
4441,0,0,25,2010,d,c,1,"Mar,Jun,Sept,Dec",243,store
4306,12,2012,0,0,a,a,0,,244,store
1051,12,2011,42,2009,a,a,1,"Jan,Apr,Jul,Oct",245,store
384,12,2003,23,2014,d,a,1,"Mar,Jun,Sept,Dec",246,store
37923,7,2015,0,0,c,a,0,,247,store
2627,0,0,36,2010,d,a,1,"Mar,Jun,Sept,Dec",248,store
5417,7,2010,36,2011,a,a,1,"Jan,Apr,Jul,Oct",249,store
1004,0,0,0,0,a,c,0,,250,store
260,10,2002,0,0,c,a,0,,251,store
443,8,2008,0,0,a,a,0,,252,store
7318,0,0,0,0,d,c,0,,253,store
13958,8,2011,0,0,d,c,0,,254,store
8076,11,2007,0,0,d,c,0,,255,store
13194,0,0,21,2014,a,a,1,"Jan,Apr,Jul,Oct",256,store
3897,2,2009,0,0,d,a,0,,257,store
623,9,2012,0,0,a,c,0,,258,store
2081,0,0,0,0,c,c,0,,259,store
10153,0,0,32,2011,c,c,1,"Feb,May,Aug,Nov",260,store
4493,9,2007,23,2013,d,c,1,"Feb,May,Aug,Nov",261,store
1852,0,0,28,2010,d,a,1,"Jan,Apr,Jul,Oct",262,store
3281,9,2010,34,2012,a,c,1,"Mar,Jun,Sept,Dec",263,store
358,4,2005,0,0,d,c,0,,264,store
2773,9,2010,0,0,c,c,0,,265,store
45627,9,2011,0,0,a,a,0,,266,store
407,7,2013,23,2012,a,a,1,"Jan,Apr,Jul,Oct",267,store
828,0,0,12,2010,a,a,1,"Jan,Apr,Jul,Oct",268,store
2097,2,458,0,0,a,c,0,,269,store
16,11,2014,0,0,a,a,0,,270,store
460,3,2010,0,0,a,a,0,,271,store
4343,10,2005,13,2011,c,c,1,"Jan,Apr,Jul,Oct",272,store
466,0,0,11,2013,a,a,1,"Feb,May,Aug,Nov",273,store
1116,0,0,13,2013,a,a,1,"Jan,Apr,Jul,Oct",274,store
2521,0,0,40,2012,c,c,1,"Mar,Jun,Sept,Dec",275,store
4764,0,0,0,0,a,a,0,,276,store
3801,3,2007,0,0,a,c,0,,277,store
2849,0,0,0,0,a,c,0,,278,store
13319,0,0,0,0,d,a,0,,279,store
1269,9,2004,0,0,c,a,0,,280,store
816,11,2013,0,0,a,c,0,,281,store
312,0,0,0,0,a,a,0,,282,store
3209,0,0,13,2011,a,c,1,"Jan,Apr,Jul,Oct",283,store
236,7,2010,9,2014,a,a,1,"Jan,Apr,Jul,Oct",284,store
9014,8,2005,0,0,a,a,0,,285,store
231,9,2006,32,2010,a,c,1,"Mar,Jun,Sept,Dec",286,store
4036,12,2012,0,0,a,a,0,,287,store
34,0,0,0,0,d,c,0,,288,store
4925,0,0,39,2010,c,a,1,"Jan,Apr,Jul,Oct",289,store
680,12,2007,0,0,d,a,0,,290,store
8101,12,2011,0,0,a,a,0,,291,store
2274,4,2010,0,0,c,a,0,,292,store
808,2,2009,0,0,a,a,0,,293,store
190,5,2009,14,2011,a,a,1,"Jan,Apr,Jul,Oct",294,store
13275,9,2011,0,0,d,c,0,,295,store
1386,0,0,0,0,d,c,0,,296,store
2288,0,0,20,2010,a,c,1,"Feb,May,Aug,Nov",297,store
96,6,2005,40,2013,c,c,1,"Mar,Jun,Sept,Dec",298,store
104,0,0,40,2010,c,a,1,"Jan,Apr,Jul,Oct",299,store
19494,9,2012,0,0,d,c,0,,300,store
347,3,2011,29,2009,a,a,1,"Jan,Apr,Jul,Oct",301,store
154,0,0,46,2014,a,a,1,"Jan,Apr,Jul,Oct",302,store
12729,9,2012,0,0,c,c,0,,303,store
51022,0,0,0,0,d,c,0,,304,store
826,0,0,0,0,a,a,0,,305,store
823,0,0,22,2009,a,a,1,"Jan,Apr,Jul,Oct",306,store
16643,4,0,37,2009,d,c,1,"Jan,Apr,Jul,Oct",307,store
2421,0,0,16,2015,d,c,1,"Mar,Jun,Sept,Dec",308,store
27,4,2012,13,2015,a,a,1,"Feb,May,Aug,Nov",309,store
8664,6,0,0,0,d,c,0,,310,store
7518,1,2011,14,2012,d,c,1,"Jan,Apr,Jul,Oct",311,store
4822,9,2010,0,0,a,a,0,,312,store
16303,0,0,14,2012,d,c,1,"Mar,Jun,Sept,Dec",313,store
2423,0,0,0,0,a,c,0,,314,store
2982,11,2007,0,0,d,a,0,,315,store
485,11,2006,31,2011,d,a,1,"Jan,Apr,Jul,Oct",316,store
502,0,0,0,0,a,c,0,,317,store
929,0,0,0,0,a,c,0,,318,store
5167,12,2003,0,0,a,c,0,,319,store
6752,3,2013,31,2014,a,a,1,"Jan,Apr,Jul,Oct",320,store
10761,10,2005,21,2014,d,c,1,"Jan,Apr,Jul,Oct",321,store
233,0,0,31,2012,a,c,1,"Mar,Jun,Sept,Dec",322,store
4087,10,2010,0,0,a,c,0,,323,store
3187,9,2014,0,0,d,c,0,,324,store
2458,0,0,13,2015,d,c,1,"Jan,Apr,Jul,Oct",325,store
23942,0,0,0,0,a,c,0,,326,store
14825,0,0,0,0,a,a,0,,327,store
19720,7,2014,0,0,d,c,0,,328,store
1579,7,2010,35,2009,a,a,1,"Jan,Apr,Jul,Oct",329,store
17915,9,2011,0,0,d,c,0,,330,store
5743,0,0,0,0,a,a,0,,331,store
7251,0,0,0,0,d,c,0,,332,store
6303,0,0,49,2009,d,a,1,"Feb,May,Aug,Nov",333,store
21965,11,2003,0,0,c,c,0,,334,store
3619,0,0,20,2013,a,c,1,"Mar,Jun,Sept,Dec",335,store
33150,0,0,36,2009,d,c,1,"Jan,Apr,Jul,Oct",336,store
2418,12,2010,0,0,a,a,0,,337,store
4527,8,2003,0,0,c,c,0,,338,store
22494,5,189,0,0,a,c,0,,339,store
19399,4,2011,15,2011,d,c,1,"Jan,Apr,Jul,Oct",340,store
1841,9,2010,0,0,a,c,0,,341,store
2311,0,0,14,2012,c,c,1,"Feb,May,Aug,Nov",342,store
244,3,2012,0,0,a,c,0,,343,store
8621,12,2005,0,0,a,a,0,,344,store
559,4,0,0,0,a,a,0,,345,store
2928,2,2012,14,2011,d,b,1,"Jan,Apr,Jul,Oct",346,store
731,1,2013,35,2011,d,c,1,"Jan,Apr,Jul,Oct",347,store
836,9,2011,30,2013,a,c,1,"Feb,May,Aug,Nov",348,store
2638,0,0,40,2009,a,c,1,"Feb,May,Aug,Nov",349,store
12066,4,2009,0,0,d,c,0,,350,store
1192,4,2007,14,2010,d,c,1,"Feb,May,Aug,Nov",351,store
9692,0,0,44,2009,d,c,1,"Feb,May,Aug,Nov",352,store
5832,0,0,0,0,a,c,0,,353,store
1175,5,2002,26,2012,a,a,1,"Mar,Jun,Sept,Dec",354,store
140,4,2010,16,2011,a,c,1,"Jan,Apr,Jul,Oct",355,store
212,7,2014,0,0,a,a,0,,356,store
1792,4,2012,40,2009,c,a,1,"Feb,May,Aug,Nov",357,store
2195,6,2011,13,2010,d,c,1,"Feb,May,Aug,Nov",358,store
3633,0,0,13,2011,d,c,1,"Feb,May,Aug,Nov",359,store
778,12,2011,0,0,a,c,0,,360,store
17860,4,2015,0,2011,a,c,0,"Mar,Jun,Sept,Dec",361,store
5012,0,0,14,2011,c,a,1,"Jan,Apr,Jul,Oct",362,store
9923,0,0,11,2010,a,a,1,"Jan,Apr,Jul,Oct",363,store
11636,0,0,0,0,a,c,0,,364,store
6304,0,0,26,2010,a,c,1,"Mar,Jun,Sept,Dec",365,store
155,0,0,0,0,a,c,0,,366,store
2207,6,2011,14,2012,a,a,1,"Jan,Apr,Jul,Oct",367,store
13407,0,0,24,2012,d,c,1,"Jan,Apr,Jul,Oct",368,store
3796,7,2010,23,2014,d,c,1,"Feb,May,Aug,Nov",369,store
3690,4,2015,0,0,a,a,0,,370,store
2090,0,0,7,2013,a,a,1,"Jan,Apr,Jul,Oct",371,store
8142,7,2005,0,0,a,c,0,,372,store
2325,8,2013,0,0,a,c,0,,373,store
3035,12,2013,22,2009,a,a,1,"Jan,Apr,Jul,Oct",374,store
1006,4,2004,0,0,a,a,0,,375,store
2838,9,2007,0,0,d,c,0,,376,store
13692,2,2009,0,0,d,c,0,,377,store
3924,0,0,40,2010,d,c,1,"Jan,Apr,Jul,Oct",378,store
2256,3,2007,48,2014,a,a,1,"Jan,Apr,Jul,Oct",379,store
1395,0,0,40,2009,a,c,1,"Feb,May,Aug,Nov",380,store
7352,11,2009,38,2011,a,a,1,"Jan,Apr,Jul,Oct",381,store
2974,0,0,14,2014,d,a,1,"Mar,Jun,Sept,Dec",382,store
1065,0,0,39,2009,d,c,1,"Jan,Apr,Jul,Oct",383,store
146,7,2014,36,2012,a,a,1,"Jan,Apr,Jul,Oct",384,store
532,0,0,13,2012,a,c,1,"Jan,Apr,Jul,Oct",385,store
2126,9,2010,0,0,d,c,0,,386,store
3499,0,0,0,0,a,c,0,,387,store
8240,0,0,1,2013,d,c,1,"Jan,Apr,Jul,Oct",388,store
1626,4,2006,30,2012,a,c,1,"Mar,Jun,Sept,Dec",389,store
306,3,2013,0,0,c,a,0,,390,store
414,2,2013,29,2012,d,c,1,"Feb,May,Aug,Nov",391,store
8285,3,2007,0,0,d,c,0,,392,store
1327,0,0,0,0,d,c,0,,393,store
2352,0,0,14,2012,c,c,1,"Jan,Apr,Jul,Oct",394,store
3178,0,0,0,0,a,c,0,,395,store
3483,11,2011,0,0,d,c,0,,396,store
5050,11,2008,10,2011,a,a,1,"Jan,Apr,Jul,Oct",397,store
720,7,2012,0,0,d,a,0,,398,store
2514,10,2002,35,2014,d,a,1,"Jan,Apr,Jul,Oct",399,store
7095,9,2007,0,0,a,a,0,,400,store
7233,10,0,0,0,a,c,0,,401,store
220,8,2012,23,2014,a,a,1,"Jan,Apr,Jul,Oct",402,store
1790,0,0,33,2010,c,a,1,"Jan,Apr,Jul,Oct",403,store
15176,0,0,37,2011,c,c,1,"Mar,Jun,Sept,Dec",404,store
8257,0,0,14,2015,a,c,1,"Jan,Apr,Jul,Oct",405,store
1879,10,578,3,2013,d,c,1,"Jan,Apr,Jul,Oct",406,store
234,11,2002,0,0,a,a,0,,407,store
185,0,0,0,0,a,c,0,,408,store
4183,6,2011,19,2013,c,c,1,"Jan,Apr,Jul,Oct",409,store
11465,4,2005,13,2011,d,a,1,"Jan,Apr,Jul,Oct",410,store
4,0,0,35,2011,a,a,1,"Feb,May,Aug,Nov",411,store
119,3,2012,0,0,a,a,0,,412,store
8517,7,2014,0,0,a,a,0,,413,store
2043,5,2012,0,0,c,a,0,,414,store
2102,5,2009,0,0,a,a,0,,415,store
8196,8,2011,11,2011,d,a,1,"Jan,Apr,Jul,Oct",416,store
1188,4,2004,9,2012,a,a,1,"Jan,Apr,Jul,Oct",417,store
4637,4,2013,0,0,a,a,0,,418,store
2236,9,2007,0,0,a,a,0,,419,store
3170,6,2005,40,2009,d,a,1,"Jan,Apr,Jul,Oct",420,store
3438,0,0,27,2014,d,a,1,"Jan,Apr,Jul,Oct",421,store
6549,4,2005,14,2011,a,a,1,"Jan,Apr,Jul,Oct",422,store
2594,4,2014,0,0,d,a,0,,423,store
3446,0,0,0,0,c,c,0,,424,store
153,11,2013,0,0,a,c,0,,425,store
1420,9,2012,0,0,c,a,0,,426,store
2840,11,2008,0,0,a,c,0,,427,store
3389,9,2012,0,0,d,c,0,,428,store
1623,8,2015,0,0,a,c,0,,429,store
18079,3,2002,13,2011,d,a,1,"Jan,Apr,Jul,Oct",430,store
31857,7,2015,0,0,d,c,0,,431,store
2766,0,0,31,2012,c,a,1,"Jan,Apr,Jul,Oct",432,store
356,0,0,33,2010,a,c,1,"Mar,Jun,Sept,Dec",433,store
691,9,2011,0,0,a,c,0,,434,store
449,12,625,0,0,b,b,0,,435,store
463,0,0,0,0,a,c,0,,436,store
372,0,0,41,2012,a,a,1,"Mar,Jun,Sept,Dec",437,store
1,7,2010,0,0,a,a,0,,438,store
1237,12,2013,0,0,d,c,0,,439,store
884,9,2007,0,0,c,a,0,,440,store
263,11,2012,0,0,a,a,0,,441,store
4965,12,2008,0,0,d,c,0,,442,store
9308,0,0,13,2011,d,c,1,"Feb,May,Aug,Nov",443,store
9680,2,2014,0,0,d,c,0,,444,store
1148,11,2002,0,0,a,a,0,,445,store
2842,10,2011,41,2009,d,a,1,"Feb,May,Aug,Nov",446,store
505,0,0,14,2013,c,c,1,"Jan,Apr,Jul,Oct",447,store
4112,0,0,0,0,a,c,0,,448,store
102,11,2012,0,0,a,a,0,,449,store
5874,11,2010,10,2011,d,a,1,"Jan,Apr,Jul,Oct",450,store
1699,9,2009,35,2015,a,a,1,"Feb,May,Aug,Nov",451,store
81,2,2013,13,2014,a,a,1,"Jan,Apr,Jul,Oct",452,store
73,11,2007,14,2011,a,a,1,"Jan,Apr,Jul,Oct",453,store
4606,0,0,33,2013,a,a,1,"Feb,May,Aug,Nov",454,store
47079,9,2010,0,0,d,c,0,,455,store
1553,12,2012,0,0,a,a,0,,456,store
629,0,0,0,0,a,a,0,,457,store
6371,8,2014,0,0,a,c,0,,458,store
357,8,2010,19,2014,a,c,1,"Jan,Apr,Jul,Oct",459,store
18968,9,2012,40,2012,a,a,1,"Mar,Jun,Sept,Dec",460,store
4656,4,2013,0,0,a,c,0,,461,store
2264,0,0,0,2015,a,b,1,"Mar,Jun,Sept,Dec",462,store
10,0,0,0,0,a,a,0,,463,store
440,3,2012,0,0,a,a,0,,464,store
14507,11,2011,0,0,a,c,0,,465,store
417,4,2006,0,0,a,a,0,,466,store
145,10,2004,0,0,d,c,0,,467,store
1135,7,2006,21,2012,a,c,1,"Mar,Jun,Sept,Dec",468,store
21390,4,0,0,0,a,a,0,,469,store
5923,4,2002,0,0,a,c,0,,470,store
1818,3,2013,0,0,a,a,0,,471,store
7689,11,2013,40,2012,d,b,1,"Jan,Apr,Jul,Oct",472,store
1681,11,2009,0,0,c,c,0,,473,store
9070,4,2012,0,0,a,c,0,,474,store
780,4,2015,0,0,a,a,0,,475,store
7616,9,2009,0,0,d,c,0,,476,store
67610,11,2004,0,0,a,c,0,,477,store
499,3,2013,14,2013,d,c,1,"Jan,Apr,Jul,Oct",478,store
215,12,2010,0,0,a,a,0,,479,store
19233,11,2003,29,2011,a,a,1,"Jan,Apr,Jul,Oct",480,store
525,7,2011,13,2011,d,b,1,"Jan,Apr,Jul,Oct",481,store
273,0,0,13,2013,d,c,1,"Feb,May,Aug,Nov",482,store
1482,2,2015,0,0,a,a,0,,483,store
1653,7,2003,16,2011,a,c,1,"Feb,May,Aug,Nov",484,store
364,0,0,45,2011,a,c,1,"Jan,Apr,Jul,Oct",485,store
10590,0,0,0,0,d,c,0,,486,store
3341,1,2012,29,2009,a,a,1,"Jan,Apr,Jul,Oct",487,store
194,11,1150,0,0,c,c,0,,488,store
1173,10,2011,0,0,d,c,0,,489,store
12908,4,2013,0,0,a,c,0,,490,store
1726,11,2007,11,2013,a,a,1,"Feb,May,Aug,Nov",491,store
1786,6,2013,40,2014,a,a,1,"Feb,May,Aug,Nov",492,store
10,7,2015,0,0,a,a,0,,493,store
1716,9,2009,0,0,a,a,0,,494,store
46368,12,0,0,0,a,c,0,,495,store
131,3,2002,0,0,a,c,0,,496,store
385,7,2012,20,2013,d,c,1,"Feb,May,Aug,Nov",497,store
221,11,2011,0,0,a,a,0,,498,store
1976,5,2012,43,2014,c,a,1,"Jan,Apr,Jul,Oct",499,store
1074,11,2008,0,0,a,c,0,,500,store
1447,11,2009,0,0,a,c,0,,501,store
16234,11,620,14,2011,d,a,1,"Jan,Apr,Jul,Oct",502,store
228,7,2009,18,2011,a,a,1,"Mar,Jun,Sept,Dec",503,store
2106,5,2009,0,0,a,c,0,,504,store
3436,11,2010,0,0,d,c,0,,505,store
8345,7,2013,0,0,a,a,0,,506,store
4195,3,2013,0,0,a,a,0,,507,store
1765,11,2005,0,0,a,a,0,,508,store
5247,0,0,0,0,a,c,0,,509,store
2652,7,2012,23,2011,c,c,1,"Feb,May,Aug,Nov",510,store
1522,2,2014,0,0,c,c,0,,511,store
2067,7,2011,9,2010,d,a,1,"Jan,Apr,Jul,Oct",512,store
12674,7,2014,0,0,d,c,0,,513,store
2315,3,2009,0,0,a,a,0,,514,store
1679,11,2004,0,0,d,c,0,,515,store
2967,0,0,9,2011,a,c,1,"Jan,Apr,Jul,Oct",516,store
9202,0,0,17,2010,c,a,1,"Feb,May,Aug,Nov",517,store
842,10,752,0,0,c,c,0,,518,store
611,12,2004,35,2014,c,a,1,"Mar,Jun,Sept,Dec",519,store
1729,3,2004,0,0,a,c,0,,520,store
1151,0,0,0,0,a,a,0,,521,store
4690,3,2009,0,0,d,a,0,,522,store
836,0,0,35,2009,d,a,1,"Jan,Apr,Jul,Oct",523,store
1914,2,2013,0,0,a,c,0,,524,store
7534,4,2010,0,0,a,a,0,,525,store
3036,0,0,0,0,c,a,0,,526,store
3358,11,2007,0,0,a,a,0,,527,store
1382,7,2012,0,0,a,a,0,,528,store
365,11,2006,14,2011,a,a,1,"Jan,Apr,Jul,Oct",529,store
1801,10,2007,13,2015,a,c,1,"Feb,May,Aug,Nov",530,store
2185,7,2013,31,2010,d,a,1,"Mar,Jun,Sept,Dec",531,store
2864,0,0,42,2012,c,c,1,"Jan,Apr,Jul,Oct",532,store
3698,1,2007,0,0,c,c,0,,533,store
3540,5,2009,0,0,d,a,0,,534,store
4920,9,2012,0,0,a,a,0,,535,store
12959,0,0,0,0,d,c,0,,536,store
134,11,2009,0,0,a,a,0,,537,store
10244,0,0,0,0,a,c,0,,538,store
3624,0,0,0,0,a,c,0,,539,store
3465,9,2012,0,0,a,a,0,,540,store
598,11,2013,0,0,a,c,0,,541,store
858,8,2003,7,2013,a,c,1,"Feb,May,Aug,Nov",542,store
1065,11,2007,14,2013,d,a,1,"Feb,May,Aug,Nov",543,store
3114,10,2009,0,0,a,c,0,,544,store
1247,5,2015,31,2013,a,a,1,"Jan,Apr,Jul,Oct",545,store
3239,10,2006,0,0,a,a,0,,546,store
2672,7,2006,35,2011,a,c,1,"Feb,May,Aug,Nov",547,store
2835,5,1552,23,2012,a,c,1,"Jan,Apr,Jul,Oct",548,store
3281,7,2015,0,0,a,a,0,,549,store
566,3,2009,30,2010,a,a,1,"Mar,Jun,Sept,Dec",550,store
3571,9,2010,38,2013,a,c,1,"Mar,Jun,Sept,Dec",551,store
344,6,2013,0,0,a,a,0,,552,store
4957,0,0,40,2009,d,c,1,"Feb,May,Aug,Nov",553,store
341,0,0,0,0,b,c,0,,554,store
218,7,2011,40,2011,a,c,1,"Jan,Apr,Jul,Oct",555,store
1874,0,0,0,0,c,c,0,,556,store
3812,0,0,33,2012,a,a,1,"Jan,Apr,Jul,Oct",557,store
15905,9,2011,0,0,c,a,0,,558,store
4647,5,2011,11,2011,d,a,1,"Feb,May,Aug,Nov",559,store
16384,3,2010,45,2014,a,a,1,"Jan,Apr,Jul,Oct",560,store
16926,9,2012,0,0,c,c,0,,561,store
1083,4,2009,35,2009,c,a,1,"Jan,Apr,Jul,Oct",562,store
7746,0,0,0,0,d,c,0,,563,store
153,5,2013,37,2014,a,a,1,"Jan,Apr,Jul,Oct",564,store
3449,4,2004,40,2014,a,a,1,"Jan,Apr,Jul,Oct",565,store
2,0,0,33,2010,a,a,1,"Jan,Apr,Jul,Oct",566,store
1429,4,2014,12,2011,d,c,1,"Jan,Apr,Jul,Oct",567,store
6170,0,0,0,0,a,c,0,,568,store
19447,9,2010,0,0,a,c,0,,569,store
322,12,2007,11,2011,a,a,1,"Jan,Apr,Jul,Oct",570,store
8288,4,2009,0,0,a,a,0,,571,store
5413,12,2011,16,2014,d,c,1,"Jan,Apr,Jul,Oct",572,store
7342,0,0,31,2014,d,c,1,"Jan,Apr,Jul,Oct",573,store
9289,0,0,0,0,a,c,0,,574,store
664,0,0,43,2012,c,c,1,"Feb,May,Aug,Nov",575,store
15441,0,0,0,0,d,c,0,,576,store
11822,4,2008,0,0,c,a,0,,577,store
258,4,2013,0,0,a,a,0,,578,store
18951,9,2012,0,0,a,a,0,,579,store
290,0,0,14,2011,d,c,1,"Mar,Jun,Sept,Dec",580,store
8606,3,2009,15,2011,a,a,1,"Feb,May,Aug,Nov",581,store
11741,3,2007,0,0,d,c,0,,582,store
2723,12,2013,0,0,c,a,0,,583,store
319,0,0,25,2012,a,c,1,"Jan,Apr,Jul,Oct",584,store
1852,1,2013,0,0,a,a,0,,585,store
1983,0,0,0,0,a,c,0,,586,store
23754,4,2011,0,0,a,a,0,,587,store
14454,8,2013,0,0,a,a,0,,588,store
91,0,0,0,0,a,c,0,,589,store
6067,3,2013,5,2010,a,a,1,"Jan,Apr,Jul,Oct",590,store
160,9,2005,14,2010,a,a,1,"Jan,Apr,Jul,Oct",591,store
1173,9,2009,13,2011,a,a,1,"Feb,May,Aug,Nov",592,store
921,6,2013,0,0,a,c,0,,593,store
978,12,2011,12,2011,a,a,1,"Jan,Apr,Jul,Oct",594,store
631,2,2009,37,2014,a,c,1,"Mar,Jun,Sept,Dec",595,store
4444,5,2012,13,2015,d,a,1,"Feb,May,Aug,Nov",596,store
2382,0,0,0,0,d,c,0,,597,store
3225,5,2012,13,2011,d,a,1,"Mar,Jun,Sept,Dec",598,store
3533,0,0,18,2013,a,a,1,"Feb,May,Aug,Nov",599,store
3268,4,2005,14,2011,a,a,1,"Jan,Apr,Jul,Oct",600,store
15658,8,2005,12,2012,d,c,1,"Jan,Apr,Jul,Oct",601,store
5559,9,2007,0,0,d,c,0,,602,store
1133,9,2007,0,0,a,a,0,,603,store
10935,4,2011,0,0,d,a,0,,604,store
11770,7,2005,0,0,d,c,0,,605,store
17273,0,0,0,0,a,c,0,,606,store
4687,7,2002,20,2015,d,c,1,"Jan,Apr,Jul,Oct",607,store
6402,11,2013,0,0,a,c,0,,608,store
66623,4,2009,0,0,d,a,0,,609,store
1087,9,2012,15,2011,a,a,1,"Feb,May,Aug,Nov",610,store
3192,3,2008,40,2014,d,a,1,"Jan,Apr,Jul,Oct",611,store
1130,0,0,47,2009,a,c,1,"Feb,May,Aug,Nov",612,store
9482,11,2007,14,2013,d,c,1,"Jan,Apr,Jul,Oct",613,store
2299,0,0,0,0,a,a,0,,614,store
2477,12,2010,0,0,d,c,0,,615,store
2106,12,1999,0,0,a,c,0,,616,store
16672,0,0,14,2013,a,a,1,"Jan,Apr,Jul,Oct",617,store
1399,3,2014,0,0,d,a,0,,618,store
12959,4,2014,9,2011,a,c,1,"Jan,Apr,Jul,Oct",619,store
17056,0,0,36,2010,a,a,1,"Jan,Apr,Jul,Oct",620,store
2137,0,0,0,0,a,c,0,,621,store
23948,4,2012,0,0,d,c,0,,622,store
10158,0,0,24,2011,d,a,1,"Jan,Apr,Jul,Oct",623,store
1223,11,2005,0,0,c,c,0,,624,store
3331,6,2011,0,0,a,a,0,,625,store
2711,8,2014,40,2014,c,a,1,"Jan,Apr,Jul,Oct",626,store
2228,0,0,40,2012,d,c,1,"Jan,Apr,Jul,Oct",627,store
19128,12,2013,0,0,a,a,0,,628,store
2750,0,0,12,2010,d,c,1,"Feb,May,Aug,Nov",629,store
12110,0,0,8,2015,a,a,1,"Jan,Apr,Jul,Oct",630,store
6003,0,0,0,0,a,a,0,,631,store
4519,0,0,40,2009,a,a,1,"Feb,May,Aug,Nov",632,store
254,0,0,0,0,a,c,0,,633,store
7821,0,0,44,2010,d,c,1,"Feb,May,Aug,Nov",634,store
173,9,2013,0,0,a,a,0,,635,store
829,2,0,0,0,a,a,0,,636,store
4,9,2011,0,0,a,a,0,,637,store
21331,4,2004,12,2012,d,c,1,"Jan,Apr,Jul,Oct",638,store
221,0,0,0,0,c,c,0,,639,store
9471,3,2011,10,2014,d,c,1,"Feb,May,Aug,Nov",640,store
231,2,2015,0,0,d,c,0,,641,store
972,11,2006,0,0,c,a,0,,642,store
222,0,0,0,0,a,a,0,,643,store
1933,4,2006,0,0,a,a,0,,644,store
2758,0,0,0,0,a,c,0,,645,store
10307,0,0,14,2011,a,c,1,"Jan,Apr,Jul,Oct",646,store
472,7,2009,0,0,c,c,0,,647,store
3,11,2012,22,2012,a,a,1,"Jan,Apr,Jul,Oct",648,store
345,11,2007,0,0,c,c,0,,649,store
633,2,2010,0,0,a,a,0,,650,store
109,0,0,0,0,a,a,0,,651,store
8695,4,2007,40,2014,a,a,1,"Jan,Apr,Jul,Oct",652,store
654,0,0,25,2010,a,a,1,"Feb,May,Aug,Nov",653,store
2782,11,2012,0,0,a,a,0,,654,store
370,7,2013,14,2010,d,c,1,"Jan,Apr,Jul,Oct",655,store
2371,11,2010,40,2014,d,c,1,"Jan,Apr,Jul,Oct",656,store
1455,0,0,0,0,a,a,0,,657,store
63094,4,2005,0,0,a,a,0,,658,store
2142,4,2010,0,0,c,a,0,,659,store
2829,1,2009,0,0,c,c,0,,660,store
1391,0,0,14,2012,d,a,1,"Jan,Apr,Jul,Oct",661,store
2154,0,0,0,0,a,a,0,,662,store
251,0,0,48,2009,a,a,1,"Feb,May,Aug,Nov",663,store
800,0,0,14,2013,a,c,1,"Mar,Jun,Sept,Dec",664,store
3499,10,2005,0,0,d,c,0,,665,store
4044,11,2009,0,2010,c,a,1,"Jan,Apr,Jul,Oct",666,store
12360,10,2012,0,0,a,c,0,,667,store
407,4,2010,0,0,a,a,0,,668,store
2666,0,0,0,0,a,c,0,,669,store
7227,4,0,14,2010,a,a,1,"Jan,Apr,Jul,Oct",670,store
7648,7,2006,28,2013,d,c,1,"Feb,May,Aug,Nov",671,store
14,9,2011,14,2015,a,c,1,"Feb,May,Aug,Nov",672,store
234,11,2006,14,2014,a,a,1,"Jan,Apr,Jul,Oct",673,store
15756,0,0,0,0,a,c,0,,674,store
727,0,0,0,0,a,c,0,,675,store
343,0,0,0,0,a,c,0,,676,store
70060,4,2008,0,0,a,a,0,,677,store
16946,3,2010,14,2015,a,a,1,"Feb,May,Aug,Nov",678,store
366,0,0,0,0,a,a,0,,679,store
3415,9,2012,0,0,d,c,0,,680,store
169,0,2006,0,0,c,a,0,,681,store
2268,9,2008,21,2012,d,b,1,"Jan,Apr,Jul,Oct",682,store
1713,9,2009,0,0,c,c,0,,683,store
321,9,2014,0,0,d,c,0,,684,store
7794,10,2009,0,0,d,c,0,,685,store
5305,4,2013,0,0,c,a,0,,686,store
4326,0,0,40,2012,a,c,1,"Mar,Jun,Sept,Dec",687,store
5979,0,0,4,2013,d,c,1,"Jan,Apr,Jul,Oct",688,store
66,5,2011,14,2012,a,c,1,"Jan,Apr,Jul,Oct",689,store
430,7,2008,9,2011,d,a,1,"Jan,Apr,Jul,Oct",690,store
20005,10,0,0,0,d,c,0,,691,store
2063,9,2011,19,2011,d,c,1,"Jan,Apr,Jul,Oct",692,store
2967,10,2008,0,0,d,c,0,,693,store
4360,6,2013,0,0,a,a,0,,694,store
11444,7,2014,0,0,c,a,0,,695,store
5576,1,0,0,0,d,c,0,,696,store
19734,10,2009,12,2011,d,c,1,"Feb,May,Aug,Nov",697,store
70,3,2011,0,0,a,a,0,,698,store
8332,0,0,0,0,a,c,0,,699,store
7478,5,2010,19,2009,a,c,1,"Feb,May,Aug,Nov",700,store
4156,0,0,0,0,a,a,0,,701,store
13435,3,2006,0,0,d,c,0,,702,store
7797,0,0,0,0,a,a,0,,703,store
8248,7,2011,0,0,a,c,0,,704,store
504,9,2012,0,0,a,c,0,,705,store
8797,9,2007,14,2013,a,c,1,"Jan,Apr,Jul,Oct",706,store
1079,10,2014,9,2011,a,a,1,"Feb,May,Aug,Nov",707,store
2567,0,0,0,0,a,c,0,,708,store
1723,0,0,40,2010,d,c,1,"Jan,Apr,Jul,Oct",709,store
475,3,2011,40,2014,a,a,1,"Jan,Apr,Jul,Oct",710,store
18,0,0,13,2013,a,a,1,"Jan,Apr,Jul,Oct",711,store
5802,0,0,0,0,a,c,0,,712,store
1156,10,2010,0,0,d,c,0,,713,store
4,9,2009,0,0,c,c,0,,714,store
57539,0,0,28,2009,a,c,1,"Feb,May,Aug,Nov",715,store
735,12,2003,8,2013,a,a,1,"Jan,Apr,Jul,Oct",716,store
3062,4,0,0,0,a,a,0,,717,store
1629,4,2011,18,2012,a,c,1,"Jan,Apr,Jul,Oct",718,store
21009,0,0,0,0,a,c,0,,719,store
1570,2,2006,18,2011,a,a,1,"Jan,Apr,Jul,Oct",720,store
7110,12,2012,0,0,c,c,0,,721,store
9872,12,2002,14,2011,c,a,1,"Jan,Apr,Jul,Oct",722,store
3563,7,2012,29,2014,c,a,1,"Mar,Jun,Sept,Dec",723,store
2796,4,2010,0,0,a,a,0,,724,store
224,0,0,0,0,a,a,0,,725,store
128,6,2014,0,0,d,a,0,,726,store
11220,11,2001,0,0,a,a,0,,727,store
91,0,0,13,2010,a,a,1,"Jan,Apr,Jul,Oct",728,store
364,11,2013,36,2009,a,a,1,"Jan,Apr,Jul,Oct",729,store
3720,0,0,14,2013,d,c,1,"Feb,May,Aug,Nov",730,store
955,11,2013,0,0,a,c,0,,731,store
4425,0,0,11,2010,a,a,1,"Jan,Apr,Jul,Oct",732,store
166,9,2009,0,0,c,a,0,,733,store
21312,7,2012,0,0,a,a,0,,734,store
211,0,0,23,2015,d,c,1,"Jan,Apr,Jul,Oct",735,store
6170,5,2009,19,2010,d,c,1,"Jan,Apr,Jul,Oct",736,store
10042,9,2005,36,2014,d,c,1,"Jan,Apr,Jul,Oct",737,store
837,1,0,0,0,a,a,0,,738,store
3051,2,2012,0,0,a,c,0,,739,store
8798,11,2006,0,0,d,c,0,,740,store
9247,4,0,0,0,c,a,0,,741,store
3182,4,2011,0,0,c,a,0,,742,store
3020,4,2015,0,0,a,a,0,,743,store
6224,0,0,0,0,d,c,0,,744,store
368,6,2011,0,0,b,a,0,,745,store
15857,4,2011,0,0,a,c,0,,746,store
17756,0,0,0,0,a,a,0,,747,store
6926,7,2013,37,2012,d,c,1,"Jan,Apr,Jul,Oct",748,store
2864,9,2005,36,2013,a,c,1,"Feb,May,Aug,Nov",749,store
22438,0,0,0,0,a,c,0,,750,store
15346,5,2013,35,2012,d,c,1,"Feb,May,Aug,Nov",751,store
3584,9,2013,0,0,d,c,0,,752,store
6479,12,2014,14,2011,a,a,1,"Feb,May,Aug,Nov",753,store
4461,3,2014,0,0,d,a,0,,754,store
2127,4,2009,39,2014,a,a,1,"Jan,Apr,Jul,Oct",755,store
1426,4,2013,14,2012,a,a,1,"Jan,Apr,Jul,Oct",756,store
8648,6,2005,28,2011,d,c,1,"Jan,Apr,Jul,Oct",757,store
2815,11,2009,0,0,a,a,0,,758,store
355,9,2008,33,2010,d,a,1,"Jan,Apr,Jul,Oct",759,store
211,2,2014,10,2014,a,a,1,"Mar,Jun,Sept,Dec",760,store
555,6,2007,0,0,d,c,0,,761,store
15108,10,2011,0,0,d,c,0,,762,store
467,7,2006,0,0,a,c,0,,763,store
4295,7,2010,14,2015,d,c,1,"Jan,Apr,Jul,Oct",764,store
60,0,0,23,2012,a,a,1,"Feb,May,Aug,Nov",765,store
11298,0,0,0,0,a,c,0,,766,store
183,12,2012,0,0,d,c,0,,767,store
2410,0,0,13,2011,a,a,1,"Jan,Apr,Jul,Oct",768,store
7202,12,2004,14,2011,d,c,1,"Jan,Apr,Jul,Oct",769,store
3141,5,2007,48,2009,d,a,1,"Feb,May,Aug,Nov",770,store
4212,12,2007,26,2014,a,a,1,"Jan,Apr,Jul,Oct",771,store
846,0,0,49,2011,d,c,1,"Mar,Jun,Sept,Dec",772,store
5380,12,2011,0,0,a,a,0,,773,store
18951,0,0,0,0,d,a,0,,774,store
2244,8,2011,11,2011,a,a,1,"Jan,Apr,Jul,Oct",775,store
9369,4,2005,0,0,d,a,0,,776,store
1893,9,2007,0,0,c,a,0,,777,store
643,2,2012,18,2010,a,a,1,"Jan,Apr,Jul,Oct",778,store
357,9,2009,0,0,c,a,0,,779,store
16911,10,2012,9,2011,a,a,1,"Jan,Apr,Jul,Oct",780,store
672,9,2010,0,0,a,c,0,,781,store
1117,0,0,0,0,c,c,0,,782,store
1715,4,0,38,2009,a,a,1,"Jan,Apr,Jul,Oct",783,store
3920,10,2006,0,0,d,c,0,,784,store
1902,0,0,0,0,a,c,0,,785,store
5484,0,0,0,0,a,c,0,,786,store
16517,0,0,0,0,d,a,0,,787,store
1353,1,2005,34,2009,d,c,1,"Jan,Apr,Jul,Oct",788,store
23835,11,2007,0,0,a,c,0,,789,store
2462,0,0,6,2011,d,c,1,"Jan,Apr,Jul,Oct",790,store
11988,5,2012,0,0,a,c,0,,791,store
8380,5,2012,30,2014,d,c,1,"Feb,May,Aug,Nov",792,store
1457,0,0,0,0,a,a,0,,793,store
94,0,0,0,0,a,a,0,,794,store
1789,11,2011,40,2010,d,c,1,"Mar,Jun,Sept,Dec",795,store
3655,7,2009,14,2010,a,a,1,"Mar,Jun,Sept,Dec",796,store
4350,0,0,0,0,c,c,0,,797,store
635,0,0,0,0,a,a,0,,798,store
11227,7,2002,0,0,d,c,0,,799,store
4610,7,2010,0,0,c,c,0,,800,store
589,8,2014,0,0,a,a,0,,801,store
1689,9,2010,0,0,a,a,0,,802,store
4015,9,2010,0,0,a,a,0,,803,store
311,0,0,0,0,a,c,0,,804,store
407,0,0,31,2012,a,c,1,"Feb,May,Aug,Nov",805,store
248,0,0,13,2013,a,a,1,"Jan,Apr,Jul,Oct",806,store
624,4,2009,0,0,a,c,0,,807,store
25282,7,2006,0,0,c,c,0,,808,store
7825,4,2010,0,0,a,a,0,,809,store
1778,11,2007,0,0,a,a,0,,810,store
666,0,0,23,2013,a,a,1,"Feb,May,Aug,Nov",811,store
457,10,2011,40,2010,a,c,1,"Feb,May,Aug,Nov",812,store
2582,10,2013,0,0,a,c,0,,813,store
186,5,2006,0,0,a,a,0,,814,store
2063,0,0,0,0,c,c,0,,815,store
2170,4,2002,0,0,a,a,0,,816,store
26501,0,0,0,0,a,c,0,,817,store
3868,0,0,0,0,a,c,0,,818,store
247,11,2007,14,2011,a,a,1,"Jan,Apr,Jul,Oct",819,store
2105,0,0,0,0,a,c,0,,820,store
1870,8,2009,16,2011,a,a,1,"Jan,Apr,Jul,Oct",821,store
241,6,2013,0,0,a,a,0,,822,store
569,5,2009,22,2012,c,c,1,"Mar,Jun,Sept,Dec",823,store
9632,9,2010,0,0,d,c,0,,824,store
1473,7,2011,0,0,c,a,0,,825,store
3171,3,2015,14,2013,a,a,1,"Feb,May,Aug,Nov",826,store
4273,0,0,0,0,d,c,0,,827,store
1241,11,2013,0,0,c,a,0,,828,store
555,9,2007,13,2013,a,a,1,"Jan,Apr,Jul,Oct",829,store
210,0,0,0,0,a,c,0,,830,store
9052,0,0,0,0,a,a,0,,831,store
1339,11,2010,7,2011,a,a,1,"Jan,Apr,Jul,Oct",832,store
123,0,0,40,2012,a,c,1,"Jan,Apr,Jul,Oct",833,store
1473,1,2006,19,2011,a,a,1,"Jan,Apr,Jul,Oct",834,store
20961,0,0,0,0,d,c,0,,835,store
544,4,2009,0,0,a,a,0,,836,store
1178,0,0,21,2013,a,c,1,"Feb,May,Aug,Nov",837,store
3535,8,2011,0,0,c,c,0,,838,store
886,0,0,32,2013,a,c,1,"Jan,Apr,Jul,Oct",839,store
391,0,0,14,2014,a,a,1,"Mar,Jun,Sept,Dec",840,store
223,0,0,0,0,a,a,0,,841,store
3650,8,2013,0,0,c,c,0,,842,store
71,0,0,14,2014,a,c,1,"Jan,Apr,Jul,Oct",843,store
452,10,2009,40,2012,c,c,1,"Feb,May,Aug,Nov",844,store
21418,3,2010,0,0,a,c,0,,845,store
19731,0,0,0,0,a,c,0,,846,store
7976,11,2009,0,0,a,a,0,,847,store
985,3,2014,18,2015,a,a,1,"Feb,May,Aug,Nov",848,store
5571,9,2009,0,0,a,a,0,,849,store
23311,12,2010,0,0,a,a,0,,850,store
576,9,2010,15,2010,d,c,1,"Jan,Apr,Jul,Oct",851,store
18868,0,0,14,2014,d,c,1,"Mar,Jun,Sept,Dec",852,store
9718,9,2009,0,0,a,a,0,,853,store
1758,11,2007,12,2013,d,c,1,"Feb,May,Aug,Nov",854,store
1414,11,2011,30,2009,d,c,1,"Feb,May,Aug,Nov",855,store
4670,10,2005,0,0,d,c,0,,856,store
19178,9,2011,0,0,a,c,0,,857,store
63819,0,0,0,0,a,c,0,,858,store
8297,0,0,0,0,a,c,0,,859,store
3526,4,2013,13,2011,a,a,1,"Jan,Apr,Jul,Oct",860,store
173,5,2012,32,2014,a,a,1,"Jan,Apr,Jul,Oct",861,store
2650,0,0,0,0,a,c,0,,862,store
14548,0,0,0,0,a,c,0,,863,store
427,6,2007,20,2013,c,c,1,"Jan,Apr,Jul,Oct",864,store
377,3,2004,0,0,a,c,0,,865,store
16172,0,0,39,2012,a,c,1,"Jan,Apr,Jul,Oct",866,store
1493,0,0,0,0,a,c,0,,867,store
17118,0,0,0,0,d,c,0,,868,store
20336,0,0,0,0,d,c,0,,869,store
5716,7,2007,0,0,a,c,0,,870,store
3240,3,2005,0,0,d,a,0,,871,store
3547,9,2013,0,0,d,c,0,,872,store
10694,10,2014,0,0,a,a,0,,873,store
12432,7,2015,0,0,d,a,0,,874,store
715,0,0,23,2010,a,a,1,"Jan,Apr,Jul,Oct",875,store
498,11,2008,0,0,a,a,0,,876,store
1538,10,2015,0,0,d,a,0,,877,store
7679,7,2008,18,2015,a,c,1,"Jan,Apr,Jul,Oct",878,store
771,0,0,40,2014,d,a,1,"Feb,May,Aug,Nov",879,store
9945,4,2009,14,2014,d,c,1,"Jan,Apr,Jul,Oct",880,store
747,0,0,0,2013,d,c,1,"Feb,May,Aug,Nov",881,store
871,11,2006,0,0,c,a,0,,882,store
62344,0,0,0,0,a,a,0,,883,store
3442,0,0,40,2011,d,c,1,"Jan,Apr,Jul,Oct",884,store
19134,8,2010,13,2010,d,c,1,"Mar,Jun,Sept,Dec",885,store
356,0,0,14,2014,a,c,1,"Mar,Jun,Sept,Dec",886,store
347,0,0,0,0,a,a,0,,887,store
674,9,2010,14,2013,a,a,1,"Jan,Apr,Jul,Oct",888,store
644,11,2000,10,2013,c,a,1,"Jan,Apr,Jul,Oct",889,store
4708,11,2010,39,2012,d,a,1,"Feb,May,Aug,Nov",890,store
615,7,2010,0,0,c,a,0,,891,store
1847,10,2012,0,0,d,a,0,,892,store
1196,0,0,26,2010,d,a,1,"Mar,Jun,Sept,Dec",893,store
1215,0,0,0,0,a,c,0,,894,store
2884,0,0,0,0,c,c,0,,895,store
10827,12,2009,0,0,a,a,0,,896,store
1381,7,2015,21,2010,d,a,1,"Jan,Apr,Jul,Oct",897,store
854,4,2013,0,0,a,a,0,,898,store
331,0,0,4,2013,a,c,1,"Feb,May,Aug,Nov",899,store
517,11,2005,0,0,a,a,0,,900,store
484,0,0,0,0,a,c,0,,901,store
1129,7,2009,0,0,a,a,0,,902,store
461,6,2014,0,0,c,a,0,,903,store
285,9,2005,12,2013,a,a,1,"Feb,May,Aug,Nov",904,store
548,0,0,33,2012,a,c,1,"Mar,Jun,Sept,Dec",905,store
4179,0,0,46,2009,a,c,1,"Feb,May,Aug,Nov",906,store
6220,11,2008,0,0,a,c,0,,907,store
1750,5,2010,4,2014,a,a,1,"Mar,Jun,Sept,Dec",908,store
556,9,2005,0,0,c,a,0,,909,store
5515,0,0,0,0,a,c,0,,910,store
5067,11,2009,0,0,a,a,0,,911,store
2298,0,0,38,2009,a,a,1,"Feb,May,Aug,Nov",912,store
11632,11,2005,19,2012,c,c,1,"Mar,Jun,Sept,Dec",913,store
9747,0,0,27,2014,a,c,1,"Jan,Apr,Jul,Oct",914,store
4376,0,0,45,2009,d,c,1,"Jan,Apr,Jul,Oct",915,store
4239,9,2007,0,0,a,a,0,,916,store
22105,11,2006,0,0,a,a,0,,917,store
2701,12,2010,43,2009,a,c,1,"Jan,Apr,Jul,Oct",918,store
1134,2,2010,33,2014,a,a,1,"Mar,Jun,Sept,Dec",919,store
864,7,2013,0,0,d,a,0,,920,store
118,0,0,0,0,d,c,0,,921,store
647,12,2011,35,2014,a,a,1,"Jan,Apr,Jul,Oct",922,store
601,9,2012,0,0,a,a,0,,923,store
3673,11,2011,15,2014,a,a,1,"Jan,Apr,Jul,Oct",924,store
215,0,0,18,2013,a,c,1,"Jan,Apr,Jul,Oct",925,store
182,1,2001,24,2010,a,a,1,"Jan,Apr,Jul,Oct",926,store
809,0,0,0,0,a,a,0,,927,store
3397,11,2013,0,0,c,a,0,,928,store
447,7,2015,0,0,a,a,0,,929,store
279,0,0,0,0,a,c,0,,930,store
24574,5,2013,0,0,a,c,0,,931,store
67,0,0,37,2011,a,a,1,"Feb,May,Aug,Nov",932,store
3738,0,0,0,0,d,a,0,,933,store
1661,4,2012,0,0,a,a,0,,934,store
1441,1,2013,0,0,d,a,0,,935,store
4102,0,0,30,2012,d,c,1,"Jan,Apr,Jul,Oct",936,store
1078,11,2007,0,0,a,a,0,,937,store
73,6,2008,0,0,c,c,0,,938,store
34,0,0,36,2010,a,c,1,"Jan,Apr,Jul,Oct",939,store
803,12,2006,24,2010,d,a,1,"Mar,Jun,Sept,Dec",940,store
277,0,0,0,0,a,c,0,,941,store
16239,0,0,0,0,d,c,0,,942,store
5072,0,0,0,0,a,a,0,,943,store
2959,2,2007,0,0,a,a,0,,944,store
7331,4,2013,0,0,a,a,0,,945,store
2940,12,2014,0,0,d,a,0,,946,store
1094,0,0,0,0,d,a,0,,947,store
10190,7,2007,21,2011,d,c,1,"Feb,May,Aug,Nov",948,store
2919,0,0,41,2009,c,a,1,"Jan,Apr,Jul,Oct",949,store
16355,10,0,12,2011,a,c,1,"Feb,May,Aug,Nov",950,store
2186,4,2003,38,2010,a,a,1,"Jan,Apr,Jul,Oct",951,store
15200,9,2003,18,2011,c,a,1,"Jan,Apr,Jul,Oct",952,store
16997,7,2008,14,2013,d,a,1,"Jan,Apr,Jul,Oct",953,store
1631,2,2010,13,2013,a,c,1,"Feb,May,Aug,Nov",954,store
45,0,0,0,0,a,a,0,,955,store
54,0,0,40,2012,a,c,1,"Jan,Apr,Jul,Oct",956,store
1784,9,2007,11,2011,c,c,1,"Feb,May,Aug,Nov",957,store
393,5,2002,0,0,a,a,0,,958,store
716,0,0,0,0,a,c,0,,959,store
5788,9,2011,0,0,d,c,0,,960,store
1439,9,2005,39,2009,a,a,1,"Feb,May,Aug,Nov",961,store
2303,10,2006,13,2013,d,a,1,"Jan,Apr,Jul,Oct",962,store
2915,3,2013,0,0,a,a,0,,963,store
1869,0,0,0,0,d,c,0,,964,store
230,1,2011,27,2011,a,a,1,"Jan,Apr,Jul,Oct",965,store
459,0,0,0,0,a,a,0,,966,store
3807,0,0,14,2013,a,c,1,"Feb,May,Aug,Nov",967,store
2853,7,2015,0,0,a,c,0,,968,store
2152,3,2011,0,0,a,a,0,,969,store
3329,5,1999,14,2011,c,a,1,"Jan,Apr,Jul,Oct",970,store
391,0,0,0,0,a,c,0,,971,store
149,0,0,0,0,d,c,0,,972,store
206,9,2011,18,2012,a,a,1,"Jan,Apr,Jul,Oct",973,store
620,0,0,0,0,a,c,0,,974,store
1370,3,2004,0,0,d,a,0,,975,store
5,11,2012,0,0,a,a,0,,976,store
265,11,2010,0,0,d,a,0,,977,store
1225,4,2013,23,2010,a,a,1,"Feb,May,Aug,Nov",978,store
19093,0,0,0,0,a,c,0,,979,store
3047,0,0,0,0,a,c,0,,980,store
8279,9,2009,30,2011,d,c,1,"Jan,Apr,Jul,Oct",981,store
8034,12,2003,0,0,d,c,0,,982,store
3515,9,2007,0,0,a,c,0,,983,store
1918,0,0,40,2011,d,c,1,"Feb,May,Aug,Nov",984,store
8918,0,0,0,0,a,a,0,,985,store
77,3,2012,33,2010,a,a,1,"Jan,Apr,Jul,Oct",986,store
8081,2,2011,0,0,a,c,0,,987,store
11133,0,0,14,2012,d,c,1,"Mar,Jun,Sept,Dec",988,store
14974,9,2008,0,0,d,c,0,,989,store
4221,0,0,0,0,d,c,0,,990,store
2491,11,2014,0,0,c,a,0,,991,store
1874,3,2014,28,2013,d,c,1,"Mar,Jun,Sept,Dec",992,store
5876,11,2009,0,0,c,c,0,,993,store
1061,5,2006,40,2011,d,a,1,"Jan,Apr,Jul,Oct",994,store
421,0,0,40,2012,d,c,1,"Jan,Apr,Jul,Oct",995,store
3848,6,0,40,2014,d,c,1,"Jan,Apr,Jul,Oct",996,store
8409,0,0,0,0,d,c,0,,997,store
3804,0,0,0,0,a,c,0,,998,store
2967,9,2012,0,0,a,a,0,,999,store
966,0,0,0,0,d,c,0,,1000,store
566,0,0,29,2012,a,c,1,"Jan,Apr,Jul,Oct",1001,store
3425,0,0,0,0,d,c,0,,1002,store
241,7,2010,0,0,c,a,0,,1003,store
18734,0,0,0,0,c,c,0,,1004,store
2885,7,2009,0,0,a,a,0,,1005,store
335,0,0,0,0,a,c,0,,1006,store
13804,0,0,10,2011,a,a,1,"Jan,Apr,Jul,Oct",1007,store
2873,0,0,40,2012,c,c,1,"Mar,Jun,Sept,Dec",1008,store
492,9,2013,0,0,c,a,0,,1009,store
9187,3,2012,0,0,d,a,0,,1010,store
476,4,2007,14,2014,c,a,1,"Jan,Apr,Jul,Oct",1011,store
125,3,2004,18,2013,a,a,1,"Jan,Apr,Jul,Oct",1012,store
4475,0,0,0,0,d,c,0,,1013,store
283,11,2009,0,2012,a,a,1,"Jan,Apr,Jul,Oct",1014,store
2930,1,2002,0,0,a,a,0,,1015,store
1115,0,0,0,0,d,a,0,,1016,store
455,1,2009,0,0,c,a,0,,1017,store
2707,12,2014,0,0,a,c,0,,1018,store
2841,12,2009,16,2013,d,c,1,"Feb,May,Aug,Nov",1019,store
2521,0,0,0,0,a,c,0,,1020,store
2933,0,0,0,0,a,c,0,,1021,store
2632,0,0,0,0,d,a,0,,1022,store
3423,12,2009,0,0,d,a,0,,1023,store
3770,0,0,0,0,a,c,0,,1024,store
979,7,2006,17,2011,d,a,1,"Jan,Apr,Jul,Oct",1025,store
6439,0,0,40,2010,d,c,1,"Feb,May,Aug,Nov",1026,store
913,0,0,28,2009,a,a,1,"Jan,Apr,Jul,Oct",1027,store
1224,11,2010,0,0,d,a,0,,1028,store
1854,4,2010,14,2009,a,a,1,"Jan,Apr,Jul,Oct",1029,store
10750,5,2011,13,2014,a,c,1,"Mar,Jun,Sept,Dec",1030,store
2616,11,2011,36,2012,a,c,1,"Mar,Jun,Sept,Dec",1031,store
15410,7,2007,13,2011,d,c,1,"Jan,Apr,Jul,Oct",1032,store
6833,2,2014,9,2011,a,a,1,"Jan,Apr,Jul,Oct",1033,store
680,9,2011,0,0,a,a,0,,1034,store
778,7,2011,15,2011,a,a,1,"Jan,Apr,Jul,Oct",1035,store
874,0,0,0,0,a,a,0,,1036,store
266,0,0,40,2009,d,a,1,"Feb,May,Aug,Nov",1037,store
183,0,0,45,2013,d,a,1,"Feb,May,Aug,Nov",1038,store
235,0,0,0,0,d,c,0,,1039,store
674,8,2015,13,2013,d,a,1,"Mar,Jun,Sept,Dec",1040,store
9486,4,2003,0,0,d,c,0,,1041,store
434,9,2008,0,0,a,a,0,,1042,store
691,7,2005,35,2014,a,a,1,"Jan,Apr,Jul,Oct",1043,store
11908,0,0,0,0,c,c,0,,1044,store
1967,4,2008,0,0,a,c,0,,1045,store
4560,9,2009,0,0,d,a,0,,1046,store
2255,7,2015,0,0,a,a,0,,1047,store
815,5,2014,0,0,a,c,0,,1048,store
3244,9,2011,0,0,c,c,0,,1049,store
9661,9,2006,0,0,d,c,0,,1050,store
9220,12,2013,14,2011,a,a,1,"Jan,Apr,Jul,Oct",1051,store
70821,4,2013,0,0,d,a,0,,1052,store
13882,10,2011,11,2015,d,c,1,"Feb,May,Aug,Nov",1053,store
701,0,0,0,0,a,c,0,,1054,store
1436,9,2008,0,0,a,c,0,,1055,store
50202,11,0,0,0,d,a,0,,1056,store
3406,3,2015,35,2014,d,a,1,"Jan,Apr,Jul,Oct",1057,store
8112,9,2006,14,2011,c,a,1,"Feb,May,Aug,Nov",1058,store
245,10,2012,26,2014,a,a,1,"Jan,Apr,Jul,Oct",1059,store
1995,7,2014,31,2012,d,c,1,"Jan,Apr,Jul,Oct",1060,store
5016,4,951,0,0,a,c,0,,1061,store
1217,7,2013,0,0,d,c,0,,1062,store
2608,0,0,0,0,d,a,0,,1063,store
96,0,0,48,2009,a,a,1,"Feb,May,Aug,Nov",1064,store
3391,12,2010,39,2014,c,a,1,"Jan,Apr,Jul,Oct",1065,store
565,9,2008,0,0,a,a,0,,1066,store
2776,12,2005,14,2012,a,a,1,"Mar,Jun,Sept,Dec",1067,store
5851,5,2009,42,2014,a,a,1,"Jan,Apr,Jul,Oct",1068,store
848,10,2013,0,0,d,a,0,,1069,store
2553,9,2010,14,2010,a,c,1,"Jan,Apr,Jul,Oct",1070,store
17173,0,0,13,2010,a,c,1,"Jan,Apr,Jul,Oct",1071,store
1033,11,2010,0,0,a,a,0,,1072,store
3270,0,0,0,0,a,c,0,,1073,store
67883,11,2006,0,0,d,c,0,,1074,store
1554,5,2007,36,2014,d,c,1,"Jan,Apr,Jul,Oct",1075,store
480,7,2014,0,0,a,c,0,,1076,store
1070,11,2010,0,0,a,a,0,,1077,store
940,10,2010,14,2013,a,c,1,"Mar,Jun,Sept,Dec",1078,store
2443,0,0,40,2012,d,c,1,"Jan,Apr,Jul,Oct",1079,store
2018,0,0,14,2011,d,a,1,"Jan,Apr,Jul,Oct",1080,store
58,4,2009,0,0,a,a,0,,1081,store
2481,9,2005,17,2011,d,c,1,"Jan,Apr,Jul,Oct",1082,store
2035,0,0,0,0,c,c,0,,1083,store
11540,4,2010,0,0,d,c,0,,1084,store
8755,3,2009,14,2014,d,a,1,"Jan,Apr,Jul,Oct",1085,store
3288,0,0,18,2011,a,a,1,"Feb,May,Aug,Nov",1086,store
10474,0,0,14,2011,a,a,1,"Jan,Apr,Jul,Oct",1087,store
9676,0,0,0,0,a,c,0,,1088,store
1339,9,2011,0,0,c,a,0,,1089,store
67,5,2010,0,0,a,a,0,,1090,store
1756,9,2008,0,0,a,a,0,,1091,store
6968,9,2006,14,2011,a,a,1,"Jan,Apr,Jul,Oct",1092,store
3649,0,0,42,2012,d,c,1,"Jan,Apr,Jul,Oct",1093,store
24287,7,2007,0,0,d,c,0,,1094,store
218,0,0,40,2013,a,a,1,"Feb,May,Aug,Nov",1095,store
7092,10,2009,29,2011,d,c,1,"Jan,Apr,Jul,Oct",1096,store
531,1,2010,0,0,a,a,0,,1097,store
1112,11,2007,26,2011,a,a,1,"Jan,Apr,Jul,Oct",1098,store
383,0,0,13,2013,d,c,1,"Feb,May,Aug,Nov",1099,store
254,9,2005,0,0,c,c,0,,1100,store
4277,0,0,0,0,d,c,0,,1101,store
2,0,0,14,2013,c,c,1,"Feb,May,Aug,Nov",1102,store
335,0,0,0,0,c,a,0,,1103,store
2769,9,2012,25,2013,d,c,1,"Mar,Jun,Sept,Dec",1104,store
2354,2,2009,0,0,a,a,0,,1105,store
66779,0,0,0,0,d,c,0,,1106,store
17573,0,0,0,0,a,c,0,,1107,store
2132,0,0,0,0,d,c,0,,1108,store
19394,0,0,18,2011,d,c,1,"Jan,Apr,Jul,Oct",1109,store
4157,8,2004,14,2011,c,a,1,"Jan,Apr,Jul,Oct",1110,store
3792,12,2010,40,2014,d,c,1,"Jan,Apr,Jul,Oct",1111,store
1924,4,2013,17,2014,c,a,1,"Jan,Apr,Jul,Oct",1112,store
1176,0,0,14,2013,a,a,1,"Mar,Jun,Sept,Dec",1113,store
1474,0,0,36,2011,c,a,1,"Jan,Apr,Jul,Oct",1114,store
