CompetitionDistance,CompetitionOpenSinceMonth,CompetitionOpenSinceYear,Promo2SinceWeek,Promo2SinceYear,StoreType,Assortment,Promo2,PromoInterval,Store
3530,10.0,2014,14,2011.0,a,a,1,"Jan,Apr,Jul,Oct",1
30,0.0,0,0,0.0,a,a,0,,2
4370,0.0,0,0,0.0,d,c,0,,3
2090,9.0,2009,0,0.0,a,a,0,,4
1040,0.0,0,14,2011.0,d,a,1,"Mar,Jun,Sept,Dec",5
4110,4.0,2014,18,2010.0,d,c,1,"Feb,May,Aug,Nov",6
340,12.0,2002,5,2013.0,a,a,1,"Feb,May,Aug,Nov",7
1870,0.0,0,5,2013.0,d,c,1,"Jan,Apr,Jul,Oct",8
220,0.0,0,40,2012.0,a,a,1,"Mar,Jun,Sept,Dec",9
3120,3.0,2011,0,0.0,a,a,0,,10
7170,0.0,0,14,2011.0,d,a,1,"Jan,Apr,Jul,Oct",11
1230,0.0,0,0,0.0,d,a,0,,12
40,8.0,2007,14,2011.0,a,a,1,"Jan,Apr,Jul,Oct",13
240,9.0,2012,0,0.0,a,a,0,,14
330,0.0,0,0,0.0,d,c,0,,15
1580,7.0,2012,9,2011.0,d,c,1,"Jan,Apr,Jul,Oct",16
40510,0.0,0,0,0.0,a,a,0,,17
3500,0.0,0,40,2013.0,a,a,1,"Mar,Jun,Sept,Dec",18
3860,0.0,0,22,0.0,a,c,0,,19
820,9.0,2012,31,2012.0,d,a,1,"Jan,Apr,Jul,Oct",20
2250,0.0,0,22,2011.0,d,c,1,"Mar,Jun,Sept,Dec",21
3300,0.0,0,37,2010.0,c,a,1,"Mar,Jun,Sept,Dec",22
4060,0.0,0,0,0.0,d,a,0,,23
31930,7.0,2014,0,0.0,d,c,0,,24
2300,9.0,2013,14,2011.0,d,a,1,"Jan,Apr,Jul,Oct",25
19490,4.0,2013,31,2013.0,a,c,1,"Feb,May,Aug,Nov",26
900,0.0,0,0,0.0,a,c,0,,27
180,0.0,0,13,2010.0,a,a,1,"Jan,Apr,Jul,Oct",28
4460,9.0,2012,40,2014.0,a,a,1,"Jan,Apr,Jul,Oct",29
280,7.0,2007,0,0.0,c,a,0,,30
9580,0.0,0,0,0.0,d,a,0,,31
330,0.0,0,45,2009.0,a,a,1,"Feb,May,Aug,Nov",32
1520,11.0,2015,31,2013.0,a,a,1,"Mar,Jun,Sept,Dec",33
5360,0.0,0,22,2011.0,d,c,1,"Jan,Apr,Jul,Oct",34
1750,0.0,0,0,0.0,a,c,0,,35
18110,9.0,2012,0,0.0,d,a,0,,36
3600,4.0,2013,10,2013.0,a,c,1,"Jan,Apr,Jul,Oct",37
7060,4.0,2002,14,2011.0,d,a,1,"Jan,Apr,Jul,Oct",38
350,11.0,2014,32,2013.0,a,a,1,"Feb,May,Aug,Nov",39
21490,0.0,0,0,0.0,a,a,0,,40
290,12.0,2005,40,2014.0,a,a,1,"Jan,Apr,Jul,Oct",41
9810,9.0,2013,13,2010.0,a,a,1,"Jan,Apr,Jul,Oct",42
2290,11.0,2007,0,0.0,c,a,0,,43
830,0.0,0,14,2011.0,a,c,1,"Jan,Apr,Jul,Oct",44
8740,0.0,0,18,2011.0,d,a,1,"Feb,May,Aug,Nov",45
810,0.0,0,18,2011.0,a,a,1,"Jan,Apr,Jul,Oct",46
21960,0.0,0,14,2011.0,d,c,1,"Jan,Apr,Jul,Oct",47
8080,0.0,0,35,2013.0,d,c,1,"Jan,Apr,Jul,Oct",48
6430,10.0,2010,0,0.0,a,c,0,,49
80,10.0,2002,0,0.0,c,a,0,,50
10870,0.0,0,0,0.0,d,c,0,,51
1680,6.0,2005,0,0.0,a,a,0,,52
3300,0.0,0,10,2014.0,a,c,1,"Jan,Apr,Jul,Oct",53
1780,0.0,0,0,0.0,b,a,0,,54
9710,0.0,0,1,2013.0,c,c,1,"Jan,Apr,Jul,Oct",55
1010,4.0,2013,43,2010.0,a,a,1,"Jan,Apr,Jul,Oct",56
110,0.0,0,5,2013.0,a,a,1,"Mar,Jun,Sept,Dec",57
3590,0.0,0,40,2011.0,c,c,1,"Mar,Jun,Sept,Dec",58
1200,9.0,2006,0,0.0,a,a,0,,59
960,10.0,2005,37,2009.0,a,c,1,"Jan,Apr,Jul,Oct",60
10210,7.0,2012,0,0.0,d,c,0,,61
2590,1.0,2012,0,0.0,d,a,0,,62
40,4.0,2002,13,2010.0,a,a,1,"Jan,Apr,Jul,Oct",63
240,7.0,2014,30,0.0,c,c,0,,64
2540,12.0,2015,0,0.0,a,a,0,,65
1810,5.0,2014,5,2011.0,d,c,1,"Feb,May,Aug,Nov",66
100,11.0,1996,45,2009.0,a,a,1,"Jan,Apr,Jul,Oct",67
1440,8.0,2013,39,2015.0,d,a,1,"Feb,May,Aug,Nov",68
280,3.0,2013,0,0.0,a,a,0,,69
920,9.0,2013,0,0.0,a,a,0,,70
3390,8.0,2014,26,2011.0,a,a,1,"Jan,Apr,Jul,Oct",71
4870,0.0,0,37,2009.0,a,a,1,"Jan,Apr,Jul,Oct",72
30,7.0,2014,0,0.0,a,c,0,,73
21350,3.0,2012,14,2011.0,a,c,1,"Jan,Apr,Jul,Oct",74
18660,11.0,2006,32,2014.0,a,c,1,"Jan,Apr,Jul,Oct",75
1120,8.0,2013,0,0.0,c,c,0,,76
5830,9.0,2008,0,0.0,d,c,0,,77
660,0.0,0,32,2013.0,d,a,1,"Jan,Apr,Jul,Oct",78
23080,9.0,2013,0,0.0,a,c,0,,79
15900,2.0,2012,0,0.0,a,c,0,,80
240,4.0,1993,0,0.0,a,a,0,,81
3340,0.0,0,0,0.0,a,a,0,,82
250,4.0,2005,9,2011.0,d,a,1,"Feb,May,Aug,Nov",83
6790,7.0,2002,0,0.0,d,a,0,,84
280,10.0,2006,0,0.0,a,c,0,,85
33500,4.0,2014,0,0.0,d,a,0,,86
3550,6.0,2007,45,2009.0,d,a,1,"Feb,May,Aug,Nov",87
1180,0.0,0,0,0.0,a,c,0,,88
2900,12.0,2008,40,2014.0,a,a,1,"Jan,Apr,Jul,Oct",89
2750,11.0,2012,1,2013.0,a,a,1,"Jan,Apr,Jul,Oct",90
300,8.0,2013,0,0.0,c,a,0,,91
2030,12.0,2008,0,0.0,a,a,0,,92
1470,4.0,2013,14,2011.0,a,a,1,"Jan,Apr,Jul,Oct",93
1770,0.0,0,40,2014.0,d,a,1,"Jan,Apr,Jul,Oct",94
4010,11.0,2013,40,2014.0,a,c,1,"Jan,Apr,Jul,Oct",95
3430,11.0,2000,0,0.0,a,c,0,,96
950,2.0,2013,0,0.0,d,c,0,,97
440,0.0,0,0,0.0,d,a,0,,98
40,2.0,2007,0,0.0,a,a,0,,99
1240,7.0,2014,0,0.0,c,a,0,,100
620,0.0,0,1,2013.0,a,c,1,"Feb,May,Aug,Nov",101
23540,4.0,2011,32,2012.0,a,c,1,"Jan,Apr,Jul,Oct",102
17380,0.0,0,0,0.0,d,a,0,,103
14460,0.0,0,0,0.0,d,a,0,,104
1670,2.0,2011,40,2014.0,a,c,1,"Jan,Apr,Jul,Oct",105
10970,3.0,2012,0,0.0,d,c,0,,106
3790,6.0,2014,37,2009.0,a,a,1,"Jan,Apr,Jul,Oct",107
3650,4.0,2014,31,2012.0,a,c,1,"Jan,Apr,Jul,Oct",108
650,10.0,2008,0,0.0,a,a,0,,109
850,0.0,0,5,2010.0,d,c,1,"Feb,May,Aug,Nov",110
18220,0.0,0,38,2012.0,c,c,1,"Mar,Jun,Sept,Dec",111
650,9.0,2012,31,2013.0,d,a,1,"Jan,Apr,Jul,Oct",112
4050,9.0,2012,0,0.0,c,c,0,,113
8780,0.0,0,37,2009.0,a,c,1,"Jan,Apr,Jul,Oct",114
20520,7.0,2015,0,0.0,d,a,0,,115
18070,7.0,2014,0,0.0,a,c,0,,116
9070,9.0,2015,0,0.0,d,c,0,,117
450,4.0,2011,0,0.0,c,a,0,,118
470,11.0,2000,0,0.0,c,a,0,,119
7660,0.0,0,45,2009.0,d,a,1,"Feb,May,Aug,Nov",120
400,5.0,2015,40,2014.0,a,c,1,"Jan,Apr,Jul,Oct",121
2300,6.0,2013,31,2012.0,a,c,1,"Mar,Jun,Sept,Dec",122
100,0.0,0,40,2014.0,a,c,1,"Jan,Apr,Jul,Oct",123
70,7.0,2014,5,2013.0,c,c,1,"Feb,May,Aug,Nov",124
1340,0.0,0,45,2010.0,a,a,1,"Feb,May,Aug,Nov",125
1160,4.0,2014,0,0.0,a,a,0,,126
8960,9.0,2013,0,0.0,d,c,0,,127
2690,0.0,0,0,0.0,c,c,0,,128
4730,0.0,0,14,2012.0,c,c,1,"Jan,Apr,Jul,Oct",129
2040,9.0,2002,0,0.0,a,a,0,,130
15430,8.0,2004,31,2011.0,d,a,1,"Jan,Apr,Jul,Oct",131
5200,5.0,2006,0,0.0,a,c,0,,132
2320,0.0,0,10,2014.0,a,c,1,"Jan,Apr,Jul,Oct",133
21650,9.0,2006,0,0.0,d,a,0,,134
1650,12.0,2009,0,0.0,a,a,0,,135
9760,0.0,0,14,2011.0,d,a,1,"Jan,Apr,Jul,Oct",136
2280,0.0,0,0,0.0,a,a,0,,137
1940,7.0,2015,0,0.0,d,a,0,,138
40,10.0,1994,0,0.0,a,a,0,,139
720,8.0,2002,0,0.0,a,a,0,,140
240,9.0,2008,0,0.0,c,a,0,,141
820,0.0,0,32,2013.0,d,c,1,"Mar,Jun,Sept,Dec",142
7880,9.0,2010,35,2012.0,d,c,1,"Jan,Apr,Jul,Oct",143
1410,0.0,0,33,2009.0,a,c,1,"Mar,Jun,Sept,Dec",144
8410,10.0,2009,0,0.0,a,a,0,,145
7000,0.0,0,45,2010.0,d,c,1,"Feb,May,Aug,Nov",146
17700,1.0,2009,0,0.0,a,a,0,,147
5150,4.0,2010,0,0.0,d,c,0,,148
7300,10.0,2011,0,0.0,a,a,0,,149
4360,4.0,2011,31,2009.0,a,a,1,"Jan,Apr,Jul,Oct",150
2020,2.0,2013,0,0.0,d,c,0,,151
1640,3.0,2013,40,2014.0,a,a,1,"Mar,Jun,Sept,Dec",152
3250,4.0,2014,0,0.0,a,a,0,,153
2070,0.0,0,18,2014.0,a,a,1,"Jan,Apr,Jul,Oct",154
3160,6.0,2013,0,0.0,b,c,0,,155
3420,12.0,2005,40,2014.0,a,a,1,"Jan,Apr,Jul,Oct",156
5060,10.0,2004,1,2009.0,d,c,1,"Feb,May,Aug,Nov",157
580,9.0,2014,18,2010.0,c,c,1,"Jan,Apr,Jul,Oct",158
180,0.0,0,0,0.0,a,c,0,,159
580,11.0,2014,5,2013.0,d,c,1,"Feb,May,Aug,Nov",160
3800,0.0,0,13,2010.0,a,c,1,"Jan,Apr,Jul,Oct",161
190,3.0,2010,45,2009.0,d,a,1,"Feb,May,Aug,Nov",162
4610,3.0,2013,22,2012.0,a,a,1,"Mar,Jun,Sept,Dec",163
1350,12.0,2007,1,2013.0,a,a,1,"Jan,Apr,Jul,Oct",164
6570,2.0,2003,0,0.0,d,a,0,,165
16590,8.0,2013,37,2009.0,a,c,1,"Jan,Apr,Jul,Oct",166
1070,11.0,2013,18,2011.0,d,c,1,"Jan,Apr,Jul,Oct",167
2090,4.0,2007,0,0.0,a,c,0,,168
360,0.0,0,0,0.0,a,c,0,,169
6670,0.0,0,14,2011.0,d,c,1,"Jan,Apr,Jul,Oct",170
8200,0.0,0,0,0.0,d,a,0,,171
1130,12.0,2003,37,2009.0,a,c,1,"Jan,Apr,Jul,Oct",172
100,12.0,2013,37,2009.0,a,a,1,"Jan,Apr,Jul,Oct",173
7170,0.0,0,0,0.0,d,c,0,,174
2060,9.0,2008,0,0.0,a,c,0,,175
10960,0.0,0,0,0.0,d,c,0,,176
43750,4.0,2009,0,0.0,c,a,0,,177
2910,4.0,2008,14,2011.0,d,a,1,"Jan,Apr,Jul,Oct",178
2590,6.0,2007,0,0.0,d,c,0,,179
5410,9.0,2014,21,2012.0,a,c,1,"Mar,Jun,Sept,Dec",180
700,3.0,2005,0,0.0,d,c,0,,181
170,0.0,0,0,0.0,a,c,0,,182
10390,7.0,2015,40,2014.0,a,c,1,"Jan,Apr,Jul,Oct",183
18600,0.0,0,14,2013.0,d,c,1,"Jan,Apr,Jul,Oct",184
8350,7.0,2003,0,0.0,a,a,0,,185
13210,4.0,2012,0,0.0,d,c,0,,186
50,0.0,0,0,0.0,a,a,0,,187
4220,9.0,2009,0,0.0,b,a,0,,188
490,12.0,2003,0,0.0,a,a,0,,189
4000,4.0,2010,0,0.0,a,c,0,,190
9620,0.0,0,0,0.0,a,c,0,,191
4130,10.0,2015,14,2011.0,a,a,1,"Jan,Apr,Jul,Oct",192
8680,0.0,0,0,0.0,a,a,0,,193
990,0.0,0,31,2012.0,d,c,1,"Mar,Jun,Sept,Dec",194
250,0.0,0,0,0.0,a,a,0,,195
7140,12.0,2014,37,2009.0,d,c,1,"Jan,Apr,Jul,Oct",196
630,0.0,0,44,2011.0,c,c,1,"Jan,Apr,Jul,Oct",197
1150,11.0,2004,0,0.0,a,a,0,,198
350,9.0,2008,5,2012.0,a,a,1,"Feb,May,Aug,Nov",199
6860,0.0,0,27,2009.0,d,a,1,"Jan,Apr,Jul,Oct",200
210,11.0,2013,40,2014.0,a,a,1,"Jan,Apr,Jul,Oct",201
2020,12.0,2000,0,0.0,d,a,0,,202
18210,0.0,0,45,2009.0,a,a,1,"Feb,May,Aug,Nov",203
270,0.0,0,48,2013.0,c,a,1,"Feb,May,Aug,Nov",204
2860,0.0,0,40,2014.0,a,a,1,"Jan,Apr,Jul,Oct",205
480,11.0,2010,14,2011.0,c,c,1,"Jan,Apr,Jul,Oct",206
31570,12.0,2013,0,0.0,d,c,0,,207
2350,9.0,2012,0,0.0,c,a,0,,208
2650,0.0,0,14,2010.0,d,c,1,"Jan,Apr,Jul,Oct",209
9660,4.0,2013,0,0.0,c,c,0,,210
10760,0.0,0,0,0.0,a,c,0,,211
1590,0.0,0,0,0.0,b,b,0,,212
23400,9.0,2005,0,0.0,d,c,0,,213
790,0.0,0,44,2013.0,a,c,1,"Mar,Jun,Sept,Dec",214
4170,9.0,2012,13,2010.0,a,a,1,"Jan,Apr,Jul,Oct",215
730,7.0,2013,18,2011.0,a,a,1,"Mar,Jun,Sept,Dec",216
1690,9.0,2005,40,2014.0,a,a,1,"Jan,Apr,Jul,Oct",217
8760,3.0,2004,0,0.0,a,c,0,,218
280,0.0,0,0,0.0,a,c,0,,219
7580,7.0,2003,0,0.0,a,c,0,,220
14360,0.0,0,0,0.0,a,a,0,,221
330,4.0,2002,25,2012.0,d,c,1,"Mar,Jun,Sept,Dec",222
21100,4.0,2010,0,0.0,a,a,0,,223
18020,4.0,2013,0,0.0,d,c,0,,224
670,0.0,0,13,2011.0,a,a,1,"Jan,Apr,Jul,Oct",225
7020,9.0,2013,0,0.0,a,c,0,,226
80,3.0,2009,31,2011.0,c,a,1,"Jan,Apr,Jul,Oct",227
1590,0.0,0,14,2011.0,a,a,1,"Jan,Apr,Jul,Oct",228
430,12.0,2014,40,2014.0,a,a,1,"Mar,Jun,Sept,Dec",229
14850,0.0,0,0,0.0,c,a,0,,230
3640,5.0,2009,32,2011.0,a,a,1,"Jan,Apr,Jul,Oct",231
10660,11.0,2002,0,0.0,a,c,0,,232
1970,5.0,2003,0,0.0,c,c,0,,233
1430,9.0,2014,0,0.0,c,c,0,,234
9570,2.0,2008,0,0.0,a,a,0,,235
7880,5.0,2001,32,2014.0,a,c,1,"Jan,Apr,Jul,Oct",236
280,9.0,2013,14,2012.0,a,a,1,"Jan,Apr,Jul,Oct",237
5030,8.0,2013,10,2014.0,c,a,1,"Jan,Apr,Jul,Oct",238
9380,10.0,2012,0,0.0,a,c,0,,239
330,6.0,2014,0,0.0,a,c,0,,240
30,0.0,0,14,2011.0,d,c,1,"Mar,Jun,Sept,Dec",241
1190,7.0,2007,1,2013.0,a,a,1,"Jan,Apr,Jul,Oct",242
3220,2.0,2008,0,0.0,a,c,0,,243
30590,0.0,0,0,0.0,d,c,0,,244
590,0.0,0,37,2013.0,a,c,1,"Jan,Apr,Jul,Oct",245
1250,0.0,0,5,2013.0,d,a,1,"Feb,May,Aug,Nov",246
5000,9.0,2012,0,0.0,d,c,0,,247
17450,5.0,2009,0,0.0,d,a,0,,248
16710,0.0,0,0,0.0,a,a,0,,249
2220,0.0,0,1,2012.0,a,c,1,"Jan,Apr,Jul,Oct",250
150,0.0,0,10,2014.0,a,a,1,"Jan,Apr,Jul,Oct",251
310,0.0,0,0,0.0,a,a,0,,252
7180,0.0,0,0,0.0,a,a,0,,253
2430,0.0,0,18,2010.0,c,a,1,"Mar,Jun,Sept,Dec",254
40,12.0,2001,22,2010.0,a,a,1,"Mar,Jun,Sept,Dec",255
8100,11.0,2009,37,2010.0,c,a,1,"Jan,Apr,Jul,Oct",256
660,4.0,2008,10,2014.0,d,a,1,"Jan,Apr,Jul,Oct",257
180,11.0,2013,13,2010.0,a,c,1,"Jan,Apr,Jul,Oct",258
940,0.0,0,0,0.0,a,c,0,,259
25020,0.0,0,0,0.0,c,c,0,,260
3710,0.0,0,35,2009.0,d,c,1,"Feb,May,Aug,Nov",261
2220,0.0,0,25,2010.0,d,c,1,"Mar,Jun,Sept,Dec",262
14160,10.0,1999,14,2010.0,a,a,1,"Jan,Apr,Jul,Oct",263
3540,0.0,0,35,2013.0,d,a,1,"Feb,May,Aug,Nov",264
5340,0.0,0,0,0.0,d,c,0,,265
12120,7.0,2010,0,0.0,d,a,0,,266
130,0.0,0,45,2009.0,d,c,1,"Feb,May,Aug,Nov",267
2130,12.0,2006,0,0.0,a,a,0,,268
3550,9.0,2012,0,0.0,a,a,0,,269
2710,0.0,0,0,0.0,d,c,0,,270
130,10.0,2012,32,2013.0,a,a,1,"Feb,May,Aug,Nov",271
2640,0.0,0,5,2013.0,d,c,1,"Feb,May,Aug,Nov",272
3440,0.0,0,40,2014.0,a,c,1,"Jan,Apr,Jul,Oct",273
190,4.0,2006,0,0.0,a,a,0,,274
350,4.0,2006,0,0.0,c,c,0,,275
2020,8.0,2014,0,0.0,d,c,0,,276
290,6.0,2015,0,0.0,a,a,0,,277
2220,3.0,2014,0,0.0,a,a,0,,278
720,9.0,2008,14,2011.0,c,a,1,"Jan,Apr,Jul,Oct",279
390,10.0,2000,18,2010.0,a,a,1,"Feb,May,Aug,Nov",280
40,2.0,2011,40,2014.0,c,c,1,"Jan,Apr,Jul,Oct",281
1570,6.0,2014,0,0.0,a,a,0,,282
6570,0.0,0,0,0.0,d,c,0,,283
910,7.0,2013,0,0.0,c,c,0,,284
5260,0.0,0,18,2010.0,a,a,1,"Mar,Jun,Sept,Dec",285
5750,0.0,0,14,2011.0,d,a,1,"Feb,May,Aug,Nov",286
8450,2.0,2006,0,0.0,d,a,0,,287
120,0.0,0,18,2010.0,a,c,1,"Feb,May,Aug,Nov",288
3600,0.0,0,20,2011.0,a,c,1,"Jan,Apr,Jul,Oct",289
10050,2.0,2014,0,0.0,d,c,0,,290
240,3.0,2010,14,2013.0,a,a,1,"Jan,Apr,Jul,Oct",291
1170,6.0,2005,0,0.0,a,a,0,,292
2620,4.0,2004,0,0.0,a,a,0,,293
3130,5.0,2013,0,0.0,d,a,0,,294
330,0.0,0,25,2013.0,d,c,1,"Mar,Jun,Sept,Dec",295
1140,0.0,0,22,2011.0,a,c,1,"Mar,Jun,Sept,Dec",296
300,3.0,2011,31,2013.0,a,a,1,"Jan,Apr,Jul,Oct",297
1780,9.0,2000,0,0.0,a,a,0,,298
13380,7.0,2001,0,0.0,d,a,0,,299
340,9.0,2008,0,0.0,a,a,0,,300
650,3.0,2011,14,2011.0,a,c,1,"Jan,Apr,Jul,Oct",301
10800,10.0,2013,0,0.0,a,c,0,,302
17180,0.0,0,48,2011.0,a,a,1,"Mar,Jun,Sept,Dec",303
130,11.0,2012,18,2013.0,c,c,1,"Feb,May,Aug,Nov",304
1480,0.0,0,0,0.0,c,a,0,,305
1030,9.0,2003,5,2013.0,c,a,1,"Feb,May,Aug,Nov",306
180,0.0,0,13,2013.0,a,a,1,"Feb,May,Aug,Nov",307
190,7.0,2013,0,0.0,a,c,0,,308
450,0.0,0,45,2013.0,d,c,1,"Mar,Jun,Sept,Dec",309
400,3.0,2011,14,2012.0,c,c,1,"Jan,Apr,Jul,Oct",310
6880,12.0,2009,0,0.0,a,a,0,,311
6300,0.0,0,0,0.0,d,c,0,,312
1560,3.0,2007,0,0.0,c,a,0,,313
2380,7.0,2005,10,2014.0,d,a,1,"Jan,Apr,Jul,Oct",314
1170,3.0,2012,0,0.0,a,a,0,,315
24330,9.0,2012,0,0.0,d,c,0,,316
6770,8.0,2007,0,0.0,d,a,0,,317
6510,5.0,2014,31,2009.0,d,c,1,"Jan,Apr,Jul,Oct",318
470,9.0,2003,10,2011.0,a,a,1,"Jan,Apr,Jul,Oct",319
35330,3.0,2014,0,0.0,d,c,0,,320
1750,11.0,2007,25,2013.0,a,a,1,"Feb,May,Aug,Nov",321
90,4.0,2013,0,0.0,a,c,0,,322
6290,4.0,2013,27,2012.0,d,c,1,"Jan,Apr,Jul,Oct",323
5330,11.0,2005,31,2010.0,d,a,1,"Jan,Apr,Jul,Oct",324
490,0.0,0,40,2011.0,c,c,1,"Jan,Apr,Jul,Oct",325
1940,8.0,2011,14,2011.0,a,a,1,"Jan,Apr,Jul,Oct",326
8500,0.0,0,0,0.0,d,c,0,,327
1750,2.0,2005,13,2010.0,a,a,1,"Jan,Apr,Jul,Oct",328
3720,0.0,0,0,0.0,a,a,0,,329
5330,6.0,2014,13,2011.0,c,c,1,"Jan,Apr,Jul,Oct",330
700,1.0,1991,14,2011.0,d,a,1,"Jan,Apr,Jul,Oct",331
9000,9.0,2007,0,0.0,d,c,0,,332
4850,9.0,2013,13,2011.0,d,a,1,"Jan,Apr,Jul,Oct",333
26420,3.0,2014,0,0.0,a,a,0,,334
3970,0.0,0,0,0.0,a,c,0,,335
710,4.0,2009,22,0.0,a,a,0,,336
5920,7.0,2012,0,0.0,d,a,0,,337
2090,4.0,2012,0,0.0,a,a,0,,338
1040,7.0,2012,40,2014.0,a,a,1,"Jan,Apr,Jul,Oct",339
1400,1.0,2013,0,0.0,c,a,0,,340
360,0.0,0,0,0.0,a,c,0,,341
17690,0.0,0,14,2011.0,a,a,1,"Jan,Apr,Jul,Oct",342
8330,10.0,1944,0,0.0,d,c,0,,343
60,0.0,0,0,0.0,c,c,0,,344
570,3.0,2001,0,0.0,a,a,0,,345
1000,2.0,2007,0,0.0,d,a,0,,346
1080,1.0,2009,0,0.0,d,c,0,,347
2090,0.0,0,0,0.0,a,a,0,,348
14420,9.0,2013,14,2011.0,d,a,1,"Jan,Apr,Jul,Oct",349
15060,9.0,2006,0,0.0,a,c,0,,350
2710,6.0,2008,0,0.0,c,c,0,,351
1530,0.0,0,31,2009.0,a,a,1,"Feb,May,Aug,Nov",352
140,7.0,2012,13,2010.0,a,a,1,"Jan,Apr,Jul,Oct",353
2190,4.0,2015,0,0.0,a,a,0,,354
6370,5.0,2015,0,0.0,d,c,0,,355
3250,0.0,0,9,2012.0,a,c,1,"Mar,Jun,Sept,Dec",356
1130,4.0,2007,0,0.0,d,c,0,,357
5650,0.0,0,0,0.0,d,a,0,,358
14170,0.0,0,14,2011.0,d,c,1,"Jan,Apr,Jul,Oct",359
2030,2.0,2011,10,2014.0,d,a,1,"Jan,Apr,Jul,Oct",360
37520,2.0,2010,40,2014.0,a,a,1,"Jan,Apr,Jul,Oct",361
790,2.0,2010,0,0.0,a,a,0,,362
30,0.0,0,35,2009.0,a,a,1,"Feb,May,Aug,Nov",363
4260,7.0,2002,0,0.0,c,c,0,,364
3410,3.0,2007,40,2014.0,a,a,1,"Jan,Apr,Jul,Oct",365
4020,12.0,2007,45,2010.0,a,c,1,"Feb,May,Aug,Nov",366
50,9.0,2010,40,2013.0,a,c,1,"Jan,Apr,Jul,Oct",367
23070,0.0,0,0,0.0,a,c,0,,368
670,7.0,2012,13,2009.0,a,a,1,"Jan,Apr,Jul,Oct",369
760,0.0,0,5,2012.0,d,c,1,"Mar,Jun,Sept,Dec",370
950,0.0,0,14,2011.0,c,a,1,"Jan,Apr,Jul,Oct",371
6480,11.0,2012,14,2011.0,a,a,1,"Jan,Apr,Jul,Oct",372
20500,0.0,0,0,0.0,a,c,0,,373
7950,8.0,2010,0,0.0,d,c,0,,374
3760,12.0,1999,11,2013.0,a,c,1,"Feb,May,Aug,Nov",375
810,0.0,0,40,2011.0,a,a,1,"Jan,Apr,Jul,Oct",376
2350,4.0,2015,1,2013.0,c,a,1,"Jan,Apr,Jul,Oct",377
2300,0.0,0,40,2014.0,d,a,1,"Mar,Jun,Sept,Dec",378
9420,0.0,0,31,2015.0,d,c,1,"Jan,Apr,Jul,Oct",379
1610,11.0,2009,0,0.0,a,a,0,,380
340,7.0,2007,10,2014.0,a,c,1,"Jan,Apr,Jul,Oct",381
1540,5.0,2005,0,0.0,c,a,0,,382
17250,11.0,2009,0,0.0,d,a,0,,383
1890,8.0,2001,0,0.0,d,a,0,,384
4030,5.0,2001,0,0.0,a,a,0,,385
290,0.0,0,40,2013.0,a,c,1,"Jan,Apr,Jul,Oct",386
720,0.0,0,0,0.0,c,a,0,,387
9010,8.0,2015,37,2013.0,d,c,1,"Jan,Apr,Jul,Oct",388
490,3.0,2007,5,2013.0,c,a,1,"Feb,May,Aug,Nov",389
4850,9.0,2002,0,0.0,d,c,0,,390
40610,8.0,2013,0,0.0,a,c,0,,391
390,2.0,2006,0,0.0,c,c,0,,392
1070,3.0,2011,0,0.0,d,a,0,,393
240,4.0,2006,1,2013.0,c,a,1,"Jan,Apr,Jul,Oct",394
3850,2.0,2014,30,0.0,a,a,0,,395
2410,0.0,0,45,2009.0,a,a,1,"Feb,May,Aug,Nov",396
4700,0.0,0,0,0.0,a,c,0,,397
2580,0.0,0,0,0.0,a,a,0,,398
16360,0.0,0,0,0.0,d,c,0,,399
260,0.0,0,1,2013.0,a,a,1,"Jan,Apr,Jul,Oct",400
670,2.0,2015,40,2011.0,a,a,1,"Jan,Apr,Jul,Oct",401
310,11.0,2012,40,2014.0,a,a,1,"Jan,Apr,Jul,Oct",402
10030,4.0,2015,5,2013.0,d,a,1,"Feb,May,Aug,Nov",403
7720,3.0,2008,14,2011.0,a,a,1,"Feb,May,Aug,Nov",404
310,6.0,2002,40,2011.0,d,a,1,"Jan,Apr,Jul,Oct",405
16140,12.0,2004,14,2011.0,a,a,1,"Jan,Apr,Jul,Oct",406
18250,0.0,0,0,0.0,a,a,0,,407
1970,0.0,0,5,2013.0,d,c,1,"Feb,May,Aug,Nov",408
830,4.0,2012,35,2010.0,a,c,1,"Jan,Apr,Jul,Oct",409
5430,0.0,0,35,2013.0,a,a,1,"Feb,May,Aug,Nov",410
2520,0.0,0,0,0.0,d,a,0,,411
21120,0.0,0,40,2014.0,a,a,1,"Jan,Apr,Jul,Oct",412
5690,5.0,2010,0,0.0,a,c,0,,413
5110,0.0,0,13,2010.0,c,a,1,"Jan,Apr,Jul,Oct",414
18490,3.0,2013,0,0.0,a,a,0,,415
12970,4.0,2012,0,0.0,a,a,0,,416
3020,7.0,2011,31,2013.0,c,a,1,"Jan,Apr,Jul,Oct",417
6930,9.0,2005,0,0.0,d,c,0,,418
120,4.0,2010,0,0.0,a,c,0,,419
2740,4.0,0,1,2013.0,d,c,1,"Jan,Apr,Jul,Oct",420
4460,0.0,0,0,0.0,a,c,0,,421
9610,4.0,2012,1,2013.0,a,a,1,"Jan,Apr,Jul,Oct",422
400,0.0,0,32,2011.0,a,a,1,"Feb,May,Aug,Nov",423
2050,7.0,2011,0,0.0,d,a,0,,424
1750,8.0,2007,21,2013.0,a,a,1,"Feb,May,Aug,Nov",425
3290,0.0,0,0,0.0,d,a,0,,426
19010,12.0,2005,0,0.0,d,c,0,,427
4070,6.0,2005,18,2010.0,c,a,1,"Feb,May,Aug,Nov",428
5520,4.0,2012,0,0.0,d,a,0,,429
17220,3.0,2008,0,0.0,a,a,0,,430
580,6.0,2006,1,2013.0,a,a,1,"Feb,May,Aug,Nov",431
1460,11.0,2013,0,0.0,c,c,0,,432
5810,7.0,2012,40,2014.0,d,a,1,"Jan,Apr,Jul,Oct",433
15740,9.0,2008,10,2014.0,d,a,1,"Mar,Jun,Sept,Dec",434
10510,9.0,2005,0,0.0,a,a,0,,435
6990,5.0,1993,34,2013.0,c,c,1,"Jan,Apr,Jul,Oct",436
18600,11.0,2010,0,0.0,d,c,0,,437
430,9.0,2005,0,0.0,a,c,0,,438
13970,0.0,0,0,0.0,a,c,0,,439
8010,0.0,0,0,0.0,a,a,0,,440
1210,10.0,2007,0,0.0,a,a,0,,441
35520,10.0,2001,0,0.0,d,a,0,,442
5430,0.0,0,21,2013.0,d,c,1,"Feb,May,Aug,Nov",443
9000,7.0,2015,35,2010.0,d,a,1,"Mar,Jun,Sept,Dec",444
9310,0.0,0,44,2012.0,a,c,1,"Jan,Apr,Jul,Oct",445
15420,0.0,0,0,2012.0,a,a,1,"Jan,Apr,Jul,Oct",446
190,6.0,2005,0,0.0,c,a,0,,447
530,0.0,0,26,2011.0,a,a,1,"Feb,May,Aug,Nov",448
440,12.0,2011,27,2009.0,a,c,1,"Jan,Apr,Jul,Oct",449
490,0.0,0,0,0.0,a,a,0,,450
6250,0.0,0,0,0.0,d,c,0,,451
440,9.0,2014,0,0.0,a,a,0,,452
4140,7.0,2001,0,0.0,a,a,0,,453
820,0.0,0,44,2011.0,a,c,1,"Jan,Apr,Jul,Oct",454
260,4.0,2009,0,0.0,a,c,0,,455
730,10.0,2006,40,2014.0,a,a,1,"Jan,Apr,Jul,Oct",456
420,12.0,2011,0,0.0,a,a,0,,457
1860,9.0,2005,0,0.0,d,c,0,,458
250,11.0,2005,0,0.0,a,a,0,,459
8940,9.0,2003,0,0.0,a,a,0,,460
8190,3.0,2014,0,0.0,a,a,0,,461
470,6.0,2010,0,0.0,a,a,0,,462
7100,0.0,0,27,2009.0,d,a,1,"Jan,Apr,Jul,Oct",463
230,6.0,2014,40,2012.0,a,a,1,"Mar,Jun,Sept,Dec",464
100,0.0,0,45,2009.0,a,c,1,"Feb,May,Aug,Nov",465
3110,5.0,2011,0,0.0,a,c,0,,466
6590,12.0,2012,13,2010.0,d,a,1,"Jan,Apr,Jul,Oct",467
2300,11.0,2003,14,2011.0,d,a,1,"Jan,Apr,Jul,Oct",468
8810,9.0,2010,18,2014.0,d,c,1,"Mar,Jun,Sept,Dec",469
20730,11.0,2012,10,2011.0,d,c,1,"Jan,Apr,Jul,Oct",470
3340,7.0,2013,14,2011.0,a,a,1,"Jan,Apr,Jul,Oct",471
390,2.0,2014,0,0.0,d,c,0,,472
570,9.0,2009,34,2011.0,d,a,1,"Jan,Apr,Jul,Oct",473
4580,0.0,0,20,0.0,d,c,0,,474
1510,0.0,0,0,0.0,c,a,0,,475
8800,0.0,0,0,0.0,a,c,0,,476
870,0.0,0,14,2011.0,c,a,1,"Jan,Apr,Jul,Oct",477
670,0.0,0,14,2013.0,a,a,1,"Jan,Apr,Jul,Oct",478
240,0.0,0,45,2011.0,a,a,1,"Feb,May,Aug,Nov",479
2650,0.0,0,40,2011.0,a,a,1,"Mar,Jun,Sept,Dec",480
410,0.0,0,0,0.0,d,c,0,,481
7670,7.0,2015,27,2009.0,d,c,1,"Jan,Apr,Jul,Oct",482
1500,0.0,0,31,2013.0,c,c,1,"Jan,Apr,Jul,Oct",483
1790,11.0,2008,0,0.0,a,c,0,,484
3290,9.0,2014,0,0.0,a,c,0,,485
10510,9.0,2012,0,0.0,d,c,0,,486
1950,11.0,2005,0,0.0,a,c,0,,487
39460,7.0,2012,0,0.0,a,a,0,,488
1840,8.0,2009,0,0.0,d,c,0,,489
100,9.0,2013,0,0.0,a,a,0,,490
1990,8.0,2015,14,2011.0,a,a,1,"Jan,Apr,Jul,Oct",491
3120,12.0,2012,14,2011.0,a,a,1,"Jan,Apr,Jul,Oct",492
1860,5.0,2015,0,0.0,a,a,0,,493
26540,7.0,2008,0,0.0,d,c,0,,494
11020,0.0,0,0,0.0,d,c,0,,495
670,9.0,2012,10,2014.0,a,a,1,"Jan,Apr,Jul,Oct",496
1290,9.0,0,0,0.0,d,a,0,,497
530,0.0,0,35,2013.0,c,c,1,"Feb,May,Aug,Nov",498
4770,0.0,0,5,2013.0,a,c,1,"Jan,Apr,Jul,Oct",499
30,4.0,2013,0,0.0,a,a,0,,500
19120,0.0,0,5,2013.0,d,c,1,"Feb,May,Aug,Nov",501
40,11.0,2007,0,0.0,a,a,0,,502
20760,11.0,1999,13,2010.0,c,a,1,"Mar,Jun,Sept,Dec",503
2890,11.0,2004,31,2010.0,d,c,1,"Mar,Jun,Sept,Dec",504
50,5.0,2015,5,2012.0,c,c,1,"Jan,Apr,Jul,Oct",505
5280,4.0,2012,5,2013.0,d,a,1,"Feb,May,Aug,Nov",506
2060,8.0,2008,0,0.0,a,a,0,,507
6000,3.0,2005,0,0.0,a,a,0,,508
9010,4.0,2011,14,2011.0,d,a,1,"Jan,Apr,Jul,Oct",509
190,0.0,0,27,2011.0,a,a,1,"Jan,Apr,Jul,Oct",510
7090,4.0,2006,0,0.0,d,c,0,,511
2050,0.0,0,0,0.0,a,c,0,,512
23140,4.0,2011,40,2011.0,a,a,1,"Jan,Apr,Jul,Oct",513
1450,4.0,2007,0,0.0,a,a,0,,514
12530,0.0,0,0,0.0,b,a,0,,515
190,0.0,0,35,2013.0,a,a,1,"Mar,Jun,Sept,Dec",516
240,4.0,2014,43,2010.0,a,c,1,"Jan,Apr,Jul,Oct",517
240,12.0,2010,0,0.0,a,a,0,,518
11190,10.0,2010,1,2011.0,a,a,1,"Jan,Apr,Jul,Oct",519
2370,0.0,0,45,2009.0,d,c,1,"Feb,May,Aug,Nov",520
1600,7.0,2013,40,2014.0,d,a,1,"Jan,Apr,Jul,Oct",521
170,0.0,0,18,2012.0,c,a,1,"Feb,May,Aug,Nov",522
960,2.0,2014,14,2010.0,d,c,1,"Jan,Apr,Jul,Oct",523
310,0.0,0,1,2013.0,a,a,1,"Jan,Apr,Jul,Oct",524
1380,0.0,0,5,2009.0,d,a,1,"Feb,May,Aug,Nov",525
10130,12.0,2015,0,0.0,d,c,0,,526
9650,0.0,0,9,2011.0,d,c,1,"Jan,Apr,Jul,Oct",527
150,5.0,2010,0,0.0,a,a,0,,528
17930,4.0,2013,44,2013.0,d,c,1,"Jan,Apr,Jul,Oct",529
14380,3.0,2013,0,0.0,a,a,0,,530
330,10.0,2010,0,0.0,d,a,0,,531
1920,0.0,0,0,0.0,d,c,0,,532
460,2.0,2008,1,2013.0,a,a,1,"Feb,May,Aug,Nov",533
4820,5.0,2006,5,2012.0,a,a,1,"Feb,May,Aug,Nov",534
4170,4.0,2004,0,0.0,d,c,0,,535
1310,3.0,2002,0,0.0,a,a,0,,536
18210,8.0,2008,22,2012.0,c,c,1,"Mar,Jun,Sept,Dec",537
130,0.0,0,35,2012.0,a,c,1,"Mar,Jun,Sept,Dec",538
1800,3.0,2012,0,0.0,d,c,0,,539
43260,0.0,0,0,0.0,a,c,0,,540
970,11.0,2010,0,0.0,a,c,0,,541
120,12.0,2012,0,0.0,a,a,0,,542
1430,9.0,2013,10,2011.0,a,c,1,"Mar,Jun,Sept,Dec",543
31640,0.0,0,0,0.0,d,c,0,,544
4080,1.0,2015,14,2012.0,a,a,1,"Jan,Apr,Jul,Oct",545
14140,0.0,0,27,2009.0,a,c,1,"Jan,Apr,Jul,Oct",546
1200,11.0,2010,0,0.0,a,a,0,,547
400,3.0,2003,0,0.0,a,a,0,,548
180,0.0,0,0,0.0,a,a,0,,549
6300,4.0,2003,0,0.0,a,c,0,,550
9940,6.0,2005,5,2011.0,d,c,1,"Feb,May,Aug,Nov",551
2560,9.0,2008,27,2009.0,a,a,1,"Jan,Apr,Jul,Oct",552
350,6.0,2012,40,2014.0,a,a,1,"Jan,Apr,Jul,Oct",553
190,4.0,2015,37,2009.0,a,c,1,"Jan,Apr,Jul,Oct",554
7820,0.0,0,34,2013.0,a,a,1,"Mar,Jun,Sept,Dec",555
10070,12.0,2011,9,2012.0,d,c,1,"Mar,Jun,Sept,Dec",556
530,0.0,0,45,2009.0,a,a,1,"Feb,May,Aug,Nov",557
770,0.0,0,0,0.0,c,c,0,,558
1120,8.0,2003,14,2011.0,d,a,1,"Jan,Apr,Jul,Oct",559
260,0.0,0,18,2011.0,a,a,1,"Jan,Apr,Jul,Oct",560
10060,4.0,2003,31,2012.0,d,c,1,"Jan,Apr,Jul,Oct",561
9680,2.0,2006,21,2011.0,d,c,1,"Jan,Apr,Jul,Oct",562
570,3.0,2013,0,0.0,a,c,0,,563
9730,0.0,0,14,2011.0,a,a,1,"Jan,Apr,Jul,Oct",564
730,3.0,2009,0,0.0,c,a,0,,565
140,6.0,2008,0,0.0,a,a,0,,566
5730,9.0,2013,0,0.0,d,c,0,,567
10410,12.0,2001,0,0.0,d,c,0,,568
5380,0.0,0,14,2011.0,a,a,1,"Jan,Apr,Jul,Oct",569
1930,12.0,2000,0,0.0,d,c,0,,570
17060,4.0,1990,13,2011.0,a,a,1,"Jan,Apr,Jul,Oct",571
500,0.0,0,0,0.0,d,a,0,,572
430,4.0,2007,0,0.0,d,a,0,,573
1190,0.0,0,5,2013.0,c,c,1,"Feb,May,Aug,Nov",574
90,12.0,2015,0,0.0,b,a,0,,575
8290,0.0,0,0,0.0,d,c,0,,576
380,10.0,2009,18,2011.0,d,a,1,"Mar,Jun,Sept,Dec",577
25460,0.0,0,0,0.0,c,c,0,,578
1240,8.0,2014,0,0.0,a,a,0,,579
250,4.0,1991,36,2013.0,a,a,1,"Mar,Jun,Sept,Dec",580
1360,8.0,2014,0,0.0,a,c,0,,581
1760,0.0,0,31,2011.0,a,a,1,"Feb,May,Aug,Nov",582
3510,0.0,0,0,0.0,a,c,0,,583
4620,9.0,2008,0,0.0,c,c,0,,584
17350,7.0,2011,0,0.0,d,c,0,,585
4380,0.0,0,27,2009.0,a,a,1,"Jan,Apr,Jul,Oct",586
2030,9.0,2003,0,0.0,a,c,0,,587
41580,11.0,2012,0,0.0,a,c,0,,588
3520,0.0,0,45,2012.0,c,c,1,"Jan,Apr,Jul,Oct",589
970,8.0,2009,48,2012.0,d,c,1,"Feb,May,Aug,Nov",590
3860,6.0,2007,32,2012.0,a,a,1,"Jan,Apr,Jul,Oct",591
11600,0.0,0,1,2013.0,a,a,1,"Jan,Apr,Jul,Oct",592
26720,0.0,0,0,0.0,a,a,0,,593
3550,10.0,2011,27,2010.0,a,a,1,"Jan,Apr,Jul,Oct",594
3430,0.0,0,0,0.0,a,a,0,,595
2920,8.0,2009,0,0.0,a,c,0,,596
3510,9.0,2007,21,2012.0,a,a,1,"Mar,Jun,Sept,Dec",597
4770,0.0,0,10,2014.0,a,c,1,"Mar,Jun,Sept,Dec",598
8110,9.0,2008,0,0.0,c,a,0,,599
1040,6.0,2014,0,0.0,d,a,0,,600
3940,12.0,2013,5,2013.0,d,c,1,"Feb,May,Aug,Nov",601
11210,12.0,2011,0,0.0,d,a,0,,602
9180,9.0,2012,0,0.0,a,c,0,,603
60,10.0,2008,18,2012.0,a,c,1,"Mar,Jun,Sept,Dec",604
1800,2.0,2012,45,2009.0,d,a,1,"Feb,May,Aug,Nov",605
70,11.0,2000,13,2010.0,a,a,1,"Jan,Apr,Jul,Oct",606
80,9.0,2008,0,0.0,c,a,0,,607
5160,9.0,1993,18,2011.0,d,a,1,"Jan,Apr,Jul,Oct",608
390,3.0,2009,14,2011.0,a,a,1,"Jan,Apr,Jul,Oct",609
3060,11.0,2005,31,2011.0,c,a,1,"Jan,Apr,Jul,Oct",610
450,12.0,2002,0,0.0,c,a,0,,611
790,7.0,2013,1,2011.0,a,c,1,"Jan,Apr,Jul,Oct",612
2400,4.0,2002,0,0.0,a,a,0,,613
380,2.0,2013,14,2011.0,a,a,1,"Jan,Apr,Jul,Oct",614
2110,0.0,0,38,2013.0,c,a,1,"Feb,May,Aug,Nov",615
34020,11.0,2012,40,2011.0,d,c,1,"Jan,Apr,Jul,Oct",616
10110,10.0,2012,1,2012.0,d,c,1,"Mar,Jun,Sept,Dec",617
18150,0.0,0,45,2009.0,c,a,1,"Feb,May,Aug,Nov",618
8900,3.0,2011,21,2011.0,a,a,1,"Jan,Apr,Jul,Oct",619
7780,11.0,1992,15,2009.0,d,c,1,"Feb,May,Aug,Nov",620
2080,9.0,2005,0,0.0,a,c,0,,621
1640,6.0,2006,0,0.0,c,a,0,,622
60,10.0,2007,0,0.0,a,a,0,,623
3790,6.0,2000,32,2012.0,a,a,1,"Mar,Jun,Sept,Dec",624
1640,8.0,2007,5,2013.0,a,a,1,"Feb,May,Aug,Nov",625
11240,0.0,0,0,0.0,d,a,0,,626
1370,2.0,2008,0,0.0,c,a,0,,627
3430,0.0,0,43,2011.0,d,c,1,"Jan,Apr,Jul,Oct",628
900,0.0,0,0,0.0,a,a,0,,629
1020,10.0,2001,0,0.0,d,a,0,,630
5370,0.0,0,38,2011.0,d,c,1,"Mar,Jun,Sept,Dec",631
1520,10.0,2008,35,2009.0,c,a,1,"Feb,May,Aug,Nov",632
330,10.0,2013,13,2010.0,a,c,1,"Feb,May,Aug,Nov",633
3100,10.0,2007,40,2012.0,c,c,1,"Mar,Jun,Sept,Dec",634
2920,4.0,2005,31,2011.0,a,a,1,"Jan,Apr,Jul,Oct",635
1120,0.0,0,10,2014.0,a,c,1,"Mar,Jun,Sept,Dec",636
1500,11.0,2011,13,2010.0,d,a,1,"Mar,Jun,Sept,Dec",637
9720,9.0,2008,5,2013.0,d,a,1,"Feb,May,Aug,Nov",638
230,0.0,0,14,2011.0,a,a,1,"Jan,Apr,Jul,Oct",639
6310,10.0,2007,0,0.0,d,a,0,,640
4290,10.0,1999,0,0.0,d,a,0,,641
8110,5.0,2003,0,0.0,c,c,0,,642
19700,10.0,2009,0,0.0,a,c,0,,643
90,6.0,2009,0,0.0,a,a,0,,644
9660,4.0,2013,5,2013.0,c,c,1,"Feb,May,Aug,Nov",645
1330,0.0,0,0,0.0,d,c,0,,646
1190,7.0,2006,13,2010.0,a,a,1,"Jan,Apr,Jul,Oct",647
9130,3.0,2006,0,0.0,d,c,0,,648
880,3.0,2006,13,2010.0,c,c,1,"Jan,Apr,Jul,Oct",649
40,9.0,2012,0,0.0,c,a,0,,650
1190,10.0,2007,40,2012.0,a,a,1,"Jan,Apr,Jul,Oct",651
30,11.0,2012,9,2012.0,a,c,1,"Mar,Jun,Sept,Dec",652
6680,2.0,2008,0,0.0,d,c,0,,653
1080,8.0,2006,0,0.0,a,a,0,,654
13710,6.0,2014,0,0.0,d,a,0,,655
1530,2.0,2000,0,0.0,a,c,0,,656
300,10.0,2010,40,2014.0,d,c,1,"Jan,Apr,Jul,Oct",657
560,10.0,2011,40,2014.0,a,a,1,"Jan,Apr,Jul,Oct",658
1400,12.0,2013,9,2013.0,d,c,1,"Mar,Jun,Sept,Dec",659
480,7.0,2010,27,2013.0,a,c,1,"Jan,Apr,Jul,Oct",660
7670,5.0,2015,0,0.0,a,c,0,,661
7060,12.0,2009,0,0.0,d,a,0,,662
2190,0.0,0,18,2011.0,a,a,1,"Feb,May,Aug,Nov",663
7780,10.0,2005,0,0.0,d,a,0,,664
3080,5.0,2007,0,0.0,c,c,0,,665
220,9.0,2007,0,0.0,a,a,0,,666
2220,0.0,0,40,2012.0,d,c,1,"Jan,Apr,Jul,Oct",667
9580,0.0,0,0,0.0,d,a,0,,668
12190,7.0,2013,31,2012.0,a,c,1,"Jan,Apr,Jul,Oct",669
720,4.0,2011,0,0.0,a,a,0,,670
1390,7.0,2012,0,0.0,a,a,0,,671
50,12.0,2001,0,0.0,a,a,0,,672
4180,8.0,2007,0,0.0,a,a,0,,673
3930,12.0,2013,27,2010.0,a,c,1,"Jan,Apr,Jul,Oct",674
4200,0.0,0,10,2011.0,d,c,1,"Feb,May,Aug,Nov",675
170,5.0,2011,0,0.0,a,c,0,,676
1880,12.0,2011,0,0.0,b,b,0,,677
7190,0.0,0,40,2011.0,d,c,1,"Jan,Apr,Jul,Oct",678
5210,9.0,1999,0,0.0,a,c,0,,679
350,4.0,2006,15,2010.0,a,c,1,"Jan,Apr,Jul,Oct",680
1400,0.0,0,0,0.0,d,c,0,,681
1700,0.0,0,0,0.0,c,a,0,,682
2220,4.0,2014,0,0.0,d,c,0,,683
10340,0.0,0,9,2011.0,d,c,1,"Mar,Jun,Sept,Dec",684
4170,10.0,2006,0,0.0,a,c,0,,685
400,0.0,0,25,2011.0,a,c,1,"Feb,May,Aug,Nov",686
1590,0.0,0,0,0.0,c,a,0,,687
1480,9.0,2013,5,2013.0,d,a,1,"Feb,May,Aug,Nov",688
630,9.0,2010,0,0.0,d,a,0,,689
360,4.0,2007,47,2009.0,a,a,1,"Jan,Apr,Jul,Oct",690
530,0.0,0,30,0.0,a,a,0,,691
17020,11.0,2006,0,0.0,d,a,0,,692
2700,0.0,0,40,2011.0,d,a,1,"Jan,Apr,Jul,Oct",693
9310,11.0,2012,13,2010.0,d,c,1,"Mar,Jun,Sept,Dec",694
1340,0.0,0,35,2009.0,d,c,1,"Feb,May,Aug,Nov",695
460,9.0,2002,33,2009.0,c,a,1,"Mar,Jun,Sept,Dec",696
3400,12.0,2005,14,2013.0,a,a,1,"Jan,Apr,Jul,Oct",697
3890,0.0,0,0,0.0,a,a,0,,698
2230,0.0,0,14,2011.0,a,a,1,"Jan,Apr,Jul,Oct",699
1460,0.0,0,0,0.0,a,b,0,,700
4350,0.0,0,0,0.0,a,a,0,,701
18280,11.0,2010,0,0.0,a,a,0,,702
170,3.0,2009,5,2013.0,c,a,1,"Feb,May,Aug,Nov",703
8360,0.0,0,5,2013.0,a,c,1,"Mar,Jun,Sept,Dec",704
6320,11.0,2003,0,0.0,d,c,0,,705
18910,0.0,0,1,2011.0,c,c,1,"Jan,Apr,Jul,Oct",706
5590,0.0,0,0,0.0,c,c,0,,707
25580,4.0,2011,0,0.0,a,c,0,,708
120,4.0,2013,0,0.0,c,a,0,,709
6340,4.0,2004,14,2013.0,d,c,1,"Jan,Apr,Jul,Oct",710
12940,9.0,2014,5,2013.0,a,c,1,"Jan,Apr,Jul,Oct",711
330,11.0,2008,40,2014.0,a,a,1,"Mar,Jun,Sept,Dec",712
40,0.0,0,45,2011.0,c,a,1,"Feb,May,Aug,Nov",713
6420,4.0,2013,0,0.0,d,c,0,,714
4400,9.0,2012,0,0.0,a,c,0,,715
390,3.0,2014,37,2009.0,a,a,1,"Jan,Apr,Jul,Oct",716
950,2.0,2015,14,2011.0,a,a,1,"Jan,Apr,Jul,Oct",717
27550,4.0,2008,0,0.0,a,a,0,,718
14920,4.0,2001,0,0.0,a,c,0,,719
1900,10.0,2008,40,2011.0,d,c,1,"Jan,Apr,Jul,Oct",720
2670,3.0,2014,0,0.0,a,a,0,,721
1690,0.0,0,0,0.0,a,c,0,,722
1040,9.0,2011,0,0.0,a,a,0,,723
1890,0.0,0,31,2011.0,d,c,1,"Jan,Apr,Jul,Oct",724
350,6.0,2014,40,2014.0,a,a,1,"Jan,Apr,Jul,Oct",725
360,6.0,2015,40,2014.0,a,a,1,"Jan,Apr,Jul,Oct",726
1660,4.0,2006,45,2009.0,a,c,1,"Feb,May,Aug,Nov",727
5880,11.0,2010,0,0.0,d,c,0,,728
390,5.0,2013,40,2014.0,a,a,1,"Jan,Apr,Jul,Oct",729
1020,0.0,0,22,2010.0,d,c,1,"Feb,May,Aug,Nov",730
280,0.0,0,37,2009.0,a,c,1,"Jan,Apr,Jul,Oct",731
17450,10.0,2013,14,2011.0,a,a,1,"Jan,Apr,Jul,Oct",732
2200,6.0,2012,0,0.0,a,a,0,,733
1120,9.0,2008,0,0.0,a,a,0,,734
240,11.0,2012,0,0.0,a,a,0,,735
560,2.0,2015,35,2009.0,d,c,1,"Feb,May,Aug,Nov",736
2330,0.0,0,48,2011.0,a,a,1,"Feb,May,Aug,Nov",737
750,11.0,2003,18,2009.0,c,a,1,"Feb,May,Aug,Nov",738
5320,4.0,2005,1,2012.0,a,a,1,"Jan,Apr,Jul,Oct",739
2280,0.0,0,0,0.0,a,c,0,,740
43290,8.0,2013,0,0.0,a,a,0,,741
8390,0.0,0,0,0.0,a,a,0,,742
17390,0.0,0,40,2011.0,d,c,1,"Jan,Apr,Jul,Oct",743
1300,2.0,2008,0,0.0,a,a,0,,744
1590,9.0,2014,0,0.0,a,c,0,,745
270,6.0,2013,0,0.0,a,a,0,,746
210,7.0,2005,5,2013.0,d,c,1,"Feb,May,Aug,Nov",747
8920,2.0,2012,45,2009.0,d,c,1,"Feb,May,Aug,Nov",748
3000,0.0,0,13,2015.0,a,a,1,"Jan,Apr,Jul,Oct",749
460,12.0,2012,40,2011.0,a,a,1,"Jan,Apr,Jul,Oct",750
3470,0.0,0,40,2014.0,a,c,1,"Jan,Apr,Jul,Oct",751
290,0.0,0,40,2011.0,a,c,1,"Jan,Apr,Jul,Oct",752
20230,6.0,2015,31,2012.0,a,a,1,"Jan,Apr,Jul,Oct",753
1150,3.0,2015,10,2014.0,a,c,1,"Jan,Apr,Jul,Oct",754
2080,12.0,2012,18,2011.0,c,c,1,"Mar,Jun,Sept,Dec",755
3390,5.0,2003,0,0.0,a,a,0,,756
330,4.0,2007,40,2011.0,a,c,1,"Mar,Jun,Sept,Dec",757
200,10.0,2013,40,2014.0,a,a,1,"Jan,Apr,Jul,Oct",758
4650,0.0,0,37,2009.0,a,a,1,"Feb,May,Aug,Nov",759
3660,4.0,2000,22,2012.0,d,c,1,"Mar,Jun,Sept,Dec",760
1320,3.0,2007,13,2010.0,d,a,1,"Jan,Apr,Jul,Oct",761
560,0.0,0,0,0.0,b,b,0,,762
4840,0.0,0,48,2012.0,c,c,1,"Jan,Apr,Jul,Oct",763
190,0.0,0,40,2014.0,a,a,1,"Jan,Apr,Jul,Oct",764
7710,4.0,1999,31,2009.0,d,c,1,"Jan,Apr,Jul,Oct",765
4460,9.0,2014,0,0.0,d,c,0,,766
830,0.0,0,14,2011.0,c,a,1,"Jan,Apr,Jul,Oct",767
3270,0.0,0,31,2013.0,d,c,1,"Jan,Apr,Jul,Oct",768
2830,12.0,2007,14,2011.0,a,a,1,"Jan,Apr,Jul,Oct",769
3680,11.0,2013,10,2011.0,d,c,1,"Mar,Jun,Sept,Dec",770
4570,1.0,2010,0,0.0,a,c,0,,771
2610,0.0,0,37,2013.0,d,a,1,"Jan,Apr,Jul,Oct",772
690,4.0,2010,0,0.0,a,a,0,,773
12900,1.0,2011,14,2011.0,a,a,1,"Jan,Apr,Jul,Oct",774
6030,4.0,2015,0,0.0,d,c,0,,775
240,0.0,0,0,0.0,a,a,0,,776
820,0.0,0,13,2010.0,a,c,1,"Jan,Apr,Jul,Oct",777
8220,4.0,2007,0,0.0,a,a,0,,778
340,9.0,2012,0,0.0,a,a,0,,779
2880,0.0,0,0,0.0,a,a,0,,780
4130,4.0,2012,0,0.0,d,a,0,,781
300,9.0,2001,14,2013.0,c,a,1,"Jan,Apr,Jul,Oct",782
1660,0.0,0,0,0.0,a,a,0,,783
340,0.0,0,0,0.0,a,a,0,,784
7820,11.0,2006,27,2013.0,a,c,1,"Feb,May,Aug,Nov",785
18450,12.0,2011,0,0.0,a,a,0,,786
340,10.0,2013,32,2013.0,a,c,1,"Jan,Apr,Jul,Oct",787
500,5.0,2004,0,0.0,a,a,0,,788
320,9.0,2012,40,2012.0,d,a,1,"Jan,Apr,Jul,Oct",789
8970,3.0,2008,14,2012.0,a,a,1,"Jan,Apr,Jul,Oct",790
2850,3.0,2008,0,0.0,a,a,0,,791
960,9.0,2011,31,2012.0,d,c,1,"Mar,Jun,Sept,Dec",792
2040,6.0,2009,0,0.0,a,a,0,,793
5040,4.0,2005,0,0.0,d,c,0,,794
14720,3.0,2006,27,2013.0,d,c,1,"Jan,Apr,Jul,Oct",795
330,0.0,0,14,2011.0,a,a,1,"Jan,Apr,Jul,Oct",796
1490,4.0,2007,0,0.0,a,a,0,,797
5950,0.0,0,0,0.0,a,c,0,,798
7740,10.0,2007,10,2014.0,a,a,1,"Jan,Apr,Jul,Oct",799
1750,3.0,2009,9,0.0,a,c,0,,800
4770,0.0,0,0,0.0,a,a,0,,801
1830,3.0,2007,0,0.0,c,c,0,,802
5230,11.0,2013,9,2013.0,c,a,1,"Feb,May,Aug,Nov",803
990,0.0,0,0,0.0,b,c,0,,804
4130,1.0,2011,0,0.0,a,c,0,,805
770,9.0,2012,0,0.0,a,a,0,,806
12270,0.0,0,0,0.0,d,a,0,,807
9040,4.0,2015,0,0.0,d,c,0,,808
1590,10.0,2012,40,0.0,a,a,0,,809
17580,0.0,0,34,2011.0,c,c,1,"Jan,Apr,Jul,Oct",810
24600,10.0,2006,0,0.0,a,a,0,,811
3560,0.0,0,35,2009.0,c,a,1,"Mar,Jun,Sept,Dec",812
10930,11.0,2009,0,0.0,d,a,0,,813
1680,11.0,2007,40,2014.0,a,a,1,"Jan,Apr,Jul,Oct",814
14550,0.0,0,18,2012.0,d,c,1,"Jan,Apr,Jul,Oct",815
1720,0.0,0,31,2013.0,c,c,1,"Jan,Apr,Jul,Oct",816
110,11.0,2012,40,2014.0,a,a,1,"Jan,Apr,Jul,Oct",817
150,9.0,2009,35,2009.0,a,a,1,"Mar,Jun,Sept,Dec",818
170,0.0,0,48,2012.0,d,c,1,"Feb,May,Aug,Nov",819
10430,0.0,0,0,0.0,d,c,0,,820
250,0.0,0,0,0.0,a,c,0,,821
450,0.0,0,45,2009.0,a,a,1,"Feb,May,Aug,Nov",822
20680,0.0,0,0,0.0,a,c,0,,823
9000,4.0,2002,0,0.0,d,c,0,,824
2360,12.0,2010,36,2009.0,a,a,1,"Jan,Apr,Jul,Oct",825
2410,0.0,0,31,2013.0,b,c,1,"Feb,May,Aug,Nov",826
610,0.0,0,14,2011.0,c,a,1,"Jan,Apr,Jul,Oct",827
80,10.0,2011,14,2011.0,c,a,1,"Jan,Apr,Jul,Oct",828
670,9.0,2008,10,2014.0,a,a,1,"Jan,Apr,Jul,Oct",829
2010,7.0,2013,0,0.0,d,a,0,,830
1140,11.0,2012,0,0.0,d,a,0,,831
14110,4.0,2007,0,0.0,a,a,0,,832
5670,9.0,2009,0,0.0,d,c,0,,833
2620,0.0,0,18,2010.0,a,c,1,"Feb,May,Aug,Nov",834
3110,11.0,2009,0,0.0,a,a,0,,835
7580,4.0,2013,0,0.0,a,a,0,,836
5080,3.0,2013,0,0.0,d,c,0,,837
8090,0.0,0,5,2013.0,a,c,1,"Feb,May,Aug,Nov",838
1090,0.0,0,13,2009.0,a,a,1,"Jan,Apr,Jul,Oct",839
2070,0.0,0,0,0.0,a,c,0,,840
170,0.0,0,25,2012.0,a,c,1,"Jan,Apr,Jul,Oct",841
40,8.0,2009,5,2012.0,c,c,1,"Feb,May,Aug,Nov",842
350,12.0,2015,0,0.0,a,c,0,,843
20130,9.0,2007,0,0.0,a,c,0,,844
680,3.0,2006,0,0.0,a,a,0,,845
2070,4.0,2007,27,2009.0,a,a,1,"Jan,Apr,Jul,Oct",846
8050,0.0,0,0,0.0,a,a,0,,847
2460,0.0,0,14,2011.0,a,a,1,"Jan,Apr,Jul,Oct",848
4650,0.0,0,0,0.0,d,c,0,,849
5170,9.0,2010,0,0.0,a,c,0,,850
80,7.0,2013,0,0.0,a,c,0,,851
8360,9.0,2007,0,0.0,a,c,0,,852
25610,3.0,2014,0,0.0,a,a,0,,853
26090,0.0,0,0,0.0,d,a,0,,854
7700,11.0,2008,0,0.0,d,a,0,,855
60,3.0,2011,0,0.0,a,a,0,,856
8300,5.0,2013,18,2010.0,a,a,1,"Feb,May,Aug,Nov",857
2260,0.0,0,0,0.0,c,c,0,,858
2710,12.0,2014,1,2013.0,a,a,1,"Jan,Apr,Jul,Oct",859
16220,2.0,2013,0,0.0,d,c,0,,860
3160,9.0,2009,0,0.0,d,a,0,,861
2620,0.0,0,5,2013.0,d,c,1,"Jan,Apr,Jul,Oct",862
34130,10.0,1999,0,0.0,a,c,0,,863
1680,9.0,2012,0,0.0,a,a,0,,864
20790,12.0,2004,0,0.0,d,a,0,,865
4610,0.0,0,0,0.0,a,c,0,,866
690,5.0,2015,31,2009.0,a,a,1,"Jan,Apr,Jul,Oct",867
7860,0.0,0,1,2013.0,d,c,1,"Feb,May,Aug,Nov",868
500,0.0,0,0,0.0,c,c,0,,869
300,12.0,2001,30,0.0,a,a,0,,870
680,5.0,2008,18,2012.0,d,c,1,"Jan,Apr,Jul,Oct",871
10670,11.0,2005,40,2011.0,d,c,1,"Jan,Apr,Jul,Oct",872
3250,9.0,2007,0,0.0,a,a,0,,873
360,3.0,2015,45,2009.0,a,a,1,"Feb,May,Aug,Nov",874
70,9.0,2007,10,2014.0,d,c,1,"Mar,Jun,Sept,Dec",875
410,0.0,0,0,0.0,d,c,0,,876
19350,0.0,0,14,2011.0,d,c,1,"Jan,Apr,Jul,Oct",877
2600,0.0,0,10,2014.0,d,a,1,"Jan,Apr,Jul,Oct",878
8270,7.0,2001,0,0.0,a,a,0,,879
800,3.0,2010,15,2011.0,d,c,1,"Mar,Jun,Sept,Dec",880
17460,7.0,2015,0,0.0,d,a,0,,881
20480,0.0,0,0,0.0,a,a,0,,882
190,12.0,2013,0,0.0,c,a,0,,883
810,12.0,2012,14,2011.0,a,a,1,"Jan,Apr,Jul,Oct",884
120,0.0,0,0,0.0,a,a,0,,885
5740,0.0,0,0,0.0,c,a,0,,886
3050,9.0,2013,0,0.0,a,c,0,,887
4720,0.0,0,40,2011.0,a,a,1,"Mar,Jun,Sept,Dec",888
310,2.0,2010,14,2011.0,c,a,1,"Jan,Apr,Jul,Oct",889
150,4.0,0,31,2012.0,a,a,1,"Jan,Apr,Jul,Oct",890
1290,11.0,2008,18,2014.0,a,a,1,"Jan,Apr,Jul,Oct",891
23330,0.0,0,1,2011.0,d,c,1,"Jan,Apr,Jul,Oct",892
210,0.0,0,0,0.0,a,a,0,,893
2070,0.0,0,31,2013.0,a,a,1,"Jan,Apr,Jul,Oct",894
10850,0.0,0,31,2012.0,a,a,1,"Mar,Jun,Sept,Dec",895
2990,0.0,0,1,2013.0,d,c,1,"Jan,Apr,Jul,Oct",896
1380,12.0,2000,0,0.0,a,a,0,,897
620,10.0,2011,39,2013.0,a,a,1,"Mar,Jun,Sept,Dec",898
2740,0.0,0,0,0.0,d,c,0,,899
1880,2.0,2013,0,0.0,a,c,0,,900
2330,0.0,0,40,2013.0,a,c,1,"Jan,Apr,Jul,Oct",901
3960,8.0,2010,0,0.0,a,c,0,,902
240,4.0,2006,13,2011.0,c,a,1,"Mar,Jun,Sept,Dec",903
30,12.0,2004,0,0.0,a,a,0,,904
40,7.0,1999,0,0.0,a,a,0,,905
590,7.0,2006,0,0.0,a,a,0,,906
22640,4.0,2011,37,2012.0,d,c,1,"Jan,Apr,Jul,Oct",907
7870,4.0,2005,0,0.0,a,a,0,,908
16680,0.0,0,31,2013.0,a,a,1,"Jan,Apr,Jul,Oct",909
100,4.0,2010,10,2011.0,a,c,1,"Jan,Apr,Jul,Oct",910
2040,1.0,2012,0,0.0,a,a,0,,911
450,0.0,0,14,2011.0,a,a,1,"Jan,Apr,Jul,Oct",912
130,0.0,0,45,2010.0,a,a,1,"Jan,Apr,Jul,Oct",913
6380,0.0,0,0,0.0,d,c,0,,914
310,3.0,2000,0,0.0,a,a,0,,915
840,4.0,2013,14,2013.0,d,a,1,"Jan,Apr,Jul,Oct",916
17430,9.0,2010,0,0.0,a,c,0,,917
70,4.0,2014,40,2014.0,a,a,1,"Jan,Apr,Jul,Oct",918
40,3.0,2014,0,0.0,a,a,0,,919
230,9.0,2004,37,2009.0,a,a,1,"Jan,Apr,Jul,Oct",920
3100,11.0,1999,0,0.0,b,a,0,,921
860,2.0,2014,0,0.0,a,c,0,,922
18630,0.0,0,9,2011.0,d,c,1,"Feb,May,Aug,Nov",923
2850,4.0,2006,0,0.0,a,a,0,,924
10310,12.0,2005,37,2013.0,d,c,1,"Feb,May,Aug,Nov",925
12720,11.0,2012,40,2014.0,a,c,1,"Jan,Apr,Jul,Oct",926
6190,2.0,2013,0,0.0,a,c,0,,927
360,11.0,2006,0,0.0,a,a,0,,928
250,0.0,0,18,2012.0,d,a,1,"Jan,Apr,Jul,Oct",929
110,0.0,0,0,0.0,a,a,0,,930
4610,12.0,2003,14,2012.0,c,a,1,"Jan,Apr,Jul,Oct",931
470,0.0,0,40,2011.0,c,c,1,"Mar,Jun,Sept,Dec",932
6330,9.0,2010,0,0.0,d,c,0,,933
4230,9.0,2012,0,0.0,d,c,0,,934
4610,0.0,0,45,2011.0,d,c,1,"Feb,May,Aug,Nov",935
330,0.0,0,35,2009.0,d,c,1,"Jan,Apr,Jul,Oct",936
850,11.0,2009,40,2014.0,a,a,1,"Jan,Apr,Jul,Oct",937
2710,4.0,1999,0,0.0,a,a,0,,938
2130,0.0,0,0,0.0,d,c,0,,939
2380,3.0,2009,9,2011.0,d,c,1,"Jan,Apr,Jul,Oct",940
90,10.0,2002,0,0.0,c,a,0,,941
8090,4.0,2007,0,0.0,d,c,0,,942
8670,5.0,2014,30,0.0,d,c,0,,943
19360,0.0,0,0,0.0,c,c,0,,944
850,0.0,0,5,2013.0,c,c,1,"Feb,May,Aug,Nov",945
4100,0.0,0,14,2011.0,d,c,1,"Jan,Apr,Jul,Oct",946
1540,4.0,1991,40,2014.0,c,a,1,"Feb,May,Aug,Nov",947
1100,5.0,2007,0,0.0,d,c,0,,948
2720,0.0,0,14,2011.0,a,c,1,"Jan,Apr,Jul,Oct",949
12880,4.0,2013,0,0.0,d,a,0,,950
3910,4.0,2014,41,2009.0,a,a,1,"Jan,Apr,Jul,Oct",951
20210,7.0,2013,0,0.0,a,a,0,,952
15900,0.0,0,18,2010.0,d,a,1,"Jan,Apr,Jul,Oct",953
2900,0.0,0,0,0.0,a,c,0,,954
380,9.0,2009,0,0.0,a,a,0,,955
11340,4.0,2005,44,2013.0,a,c,1,"Jan,Apr,Jul,Oct",956
270,2.0,2009,0,0.0,a,a,0,,957
30,0.0,0,0,0.0,a,c,0,,958
900,9.0,2009,10,2014.0,b,c,1,"Mar,Jun,Sept,Dec",959
420,4.0,2012,14,2011.0,a,a,1,"Jan,Apr,Jul,Oct",960
560,9.0,2012,40,2012.0,a,c,1,"Jan,Apr,Jul,Oct",961
370,0.0,0,0,0.0,a,c,0,,962
4230,0.0,0,45,2012.0,d,c,1,"Feb,May,Aug,Nov",963
690,7.0,2000,0,0.0,a,a,0,,964
3960,4.0,2006,32,2012.0,a,c,1,"Jan,Apr,Jul,Oct",965
1120,3.0,2015,0,0.0,a,a,0,,966
19480,0.0,0,45,2009.0,d,a,1,"Feb,May,Aug,Nov",967
160,8.0,2014,13,2010.0,a,a,1,"Jan,Apr,Jul,Oct",968
3960,0.0,0,1,2013.0,d,a,1,"Jan,Apr,Jul,Oct",969
310,8.0,2015,0,0.0,c,a,0,,970
6940,8.0,2007,0,0.0,d,a,0,,971
870,0.0,0,45,2010.0,a,c,1,"Feb,May,Aug,Nov",972
3810,0.0,0,37,2009.0,a,a,1,"Feb,May,Aug,Nov",973
8360,4.0,2003,0,0.0,a,a,0,,974
3770,11.0,2008,5,2010.0,a,a,1,"Feb,May,Aug,Nov",975
4450,0.0,0,0,0.0,a,c,0,,976
11240,0.0,0,0,0.0,c,c,0,,977
1190,12.0,2008,13,2010.0,a,a,1,"Jan,Apr,Jul,Oct",978
15610,9.0,2012,0,0.0,a,c,0,,979
2260,2.0,2014,1,2013.0,d,c,1,"Jan,Apr,Jul,Oct",980
700,6.0,2015,0,0.0,a,a,0,,981
240,0.0,0,10,2014.0,c,c,1,"Mar,Jun,Sept,Dec",982
18000,0.0,2012,0,0.0,d,c,0,,983
17580,10.0,2013,0,0.0,d,c,0,,984
1590,0.0,0,35,2009.0,a,c,1,"Feb,May,Aug,Nov",985
7120,0.0,0,5,2013.0,d,c,1,"Feb,May,Aug,Nov",986
4670,10.0,2003,10,2014.0,a,c,1,"Mar,Jun,Sept,Dec",987
36690,8.0,2013,0,0.0,a,a,0,,988
13370,8.0,2010,0,0.0,d,c,0,,989
4570,11.0,2007,15,2010.0,d,a,1,"Mar,Jun,Sept,Dec",990
11890,0.0,0,45,2013.0,d,c,1,"Feb,May,Aug,Nov",991
2390,11.0,2009,10,2014.0,a,a,1,"Jan,Apr,Jul,Oct",992
24000,0.0,0,21,2013.0,a,c,1,"Feb,May,Aug,Nov",993
17200,0.0,0,36,2009.0,d,a,1,"Jan,Apr,Jul,Oct",994
520,0.0,0,46,2011.0,c,c,1,"Feb,May,Aug,Nov",995
2430,0.0,0,13,2010.0,a,a,1,"Jan,Apr,Jul,Oct",996
10110,7.0,2007,10,2011.0,a,a,1,"Jan,Apr,Jul,Oct",997
510,9.0,2012,37,2010.0,a,a,1,"Feb,May,Aug,Nov",998
15330,3.0,2008,0,0.0,a,a,0,,999
3240,0.0,0,0,0.0,a,c,0,,1000
6390,3.0,2008,5,2013.0,d,a,1,"Jan,Apr,Jul,Oct",1001
3450,9.0,2012,40,2011.0,a,c,1,"Jan,Apr,Jul,Oct",1002
690,10.0,2010,0,0.0,a,c,0,,1003
10540,12.0,2004,0,0.0,a,a,0,,1004
7560,5.0,2012,0,0.0,a,a,0,,1005
880,0.0,0,31,2012.0,c,a,1,"Jan,Apr,Jul,Oct",1006
1190,11.0,2008,0,0.0,a,a,0,,1007
230,7.0,2015,22,2012.0,d,a,1,"Mar,Jun,Sept,Dec",1008
4160,9.0,2012,0,0.0,a,a,0,,1009
2430,11.0,2009,0,0.0,a,a,0,,1010
14240,8.0,2014,0,0.0,a,a,0,,1011
450,6.0,2006,10,2014.0,c,a,1,"Jan,Apr,Jul,Oct",1012
4820,9.0,2004,0,0.0,c,a,0,,1013
18450,0.0,0,18,2009.0,d,a,1,"Mar,Jun,Sept,Dec",1014
1150,10.0,2013,14,2012.0,d,a,1,"Jan,Apr,Jul,Oct",1015
200,0.0,0,0,0.0,a,c,0,,1016
4490,0.0,0,0,0.0,d,c,0,,1017
1350,0.0,0,0,0.0,a,c,0,,1018
17860,4.0,2005,37,2013.0,d,c,1,"Feb,May,Aug,Nov",1019
16810,0.0,0,18,2013.0,d,a,1,"Feb,May,Aug,Nov",1020
6220,9.0,2009,0,0.0,a,c,0,,1021
5850,9.0,2007,0,0.0,d,c,0,,1022
31810,10.0,2005,5,2013.0,c,c,1,"Feb,May,Aug,Nov",1023
18510,0.0,0,0,0.0,a,a,0,,1024
2340,0.0,0,18,2011.0,c,c,1,"Mar,Jun,Sept,Dec",1025
1030,11.0,2005,40,2012.0,a,a,1,"Jan,Apr,Jul,Oct",1026
4600,4.0,2007,10,2014.0,d,c,1,"Mar,Jun,Sept,Dec",1027
970,0.0,0,0,0.0,d,a,0,,1028
12950,10.0,2014,37,2009.0,d,a,1,"Jan,Apr,Jul,Oct",1029
13530,0.0,0,0,0.0,d,c,0,,1030
660,5.0,2005,14,2011.0,a,a,1,"Jan,Apr,Jul,Oct",1031
3110,0.0,0,5,2013.0,a,a,1,"Feb,May,Aug,Nov",1032
3310,4.0,2007,0,0.0,a,a,0,,1033
6080,4.0,2013,37,2010.0,d,a,1,"Jan,Apr,Jul,Oct",1034
4350,4.0,2015,5,2013.0,c,a,1,"Feb,May,Aug,Nov",1035
26320,5.0,2014,40,2014.0,d,c,1,"Jan,Apr,Jul,Oct",1036
15250,6.0,2002,37,2009.0,a,a,1,"Jan,Apr,Jul,Oct",1037
2360,0.0,0,0,0.0,d,a,0,,1038
12800,6.0,2011,13,2010.0,a,c,1,"Jan,Apr,Jul,Oct",1039
240,1.0,2009,0,0.0,c,c,0,,1040
1940,0.0,0,0,0.0,d,c,0,,1041
3790,0.0,0,0,0.0,a,c,0,,1042
28430,9.0,2010,0,0.0,d,a,0,,1043
520,10.0,1999,40,2014.0,a,a,1,"Jan,Apr,Jul,Oct",1044
390,1.0,2000,18,2011.0,a,a,1,"Feb,May,Aug,Nov",1045
2230,5.0,2005,40,2014.0,a,a,1,"Jan,Apr,Jul,Oct",1046
1880,5.0,2009,0,0.0,d,a,0,,1047
9790,0.0,0,22,2011.0,a,c,1,"Jan,Apr,Jul,Oct",1048
2620,7.0,2015,14,2012.0,d,a,1,"Jan,Apr,Jul,Oct",1049
6440,3.0,2013,0,0.0,a,c,0,,1050
8730,9.0,2006,0,0.0,a,c,0,,1051
700,4.0,2005,0,0.0,a,c,0,,1052
330,11.0,2014,30,0.0,d,a,0,,1053
21420,0.0,0,0,0.0,d,c,0,,1054
9640,7.0,2005,18,2011.0,d,c,1,"Feb,May,Aug,Nov",1055
250,9.0,2012,5,2013.0,a,a,1,"Feb,May,Aug,Nov",1056
3250,12.0,2013,37,2009.0,a,a,1,"Jan,Apr,Jul,Oct",1057
2300,0.0,0,0,0.0,d,c,0,,1058
330,0.0,0,0,0.0,a,a,0,,1059
1760,12.0,2005,0,0.0,a,a,0,,1060
7690,4.0,2010,27,2010.0,d,c,1,"Mar,Jun,Sept,Dec",1061
5140,0.0,0,0,0.0,a,c,0,,1062
3160,4.0,2006,0,0.0,a,a,0,,1063
1650,0.0,0,0,0.0,a,a,0,,1064
6110,0.0,0,0,0.0,d,c,0,,1065
36600,0.0,0,0,0.0,a,c,0,,1066
90,12.0,2015,40,2014.0,a,a,1,"Jan,Apr,Jul,Oct",1067
8100,0.0,0,0,0.0,d,a,0,,1068
450,9.0,2012,0,0.0,c,a,0,,1069
25770,7.0,2011,0,0.0,d,c,0,,1070
14410,3.0,2006,0,0.0,a,a,0,,1071
4840,3.0,2009,0,0.0,d,c,0,,1072
14430,3.0,2004,10,2011.0,a,c,1,"Feb,May,Aug,Nov",1073
4310,6.0,2012,0,0.0,c,a,0,,1074
4290,0.0,0,0,0.0,d,c,0,,1075
790,4.0,2003,0,0.0,c,a,0,,1076
330,0.0,0,0,0.0,c,c,0,,1077
18430,0.0,0,5,2011.0,d,c,1,"Feb,May,Aug,Nov",1078
660,8.0,2015,0,0.0,a,a,0,,1079
240,2.0,2012,40,2014.0,d,a,1,"Jan,Apr,Jul,Oct",1080
120,0.0,0,1,2013.0,a,a,1,"Feb,May,Aug,Nov",1081
2690,7.0,2009,0,0.0,a,a,0,,1082
1420,0.0,0,45,2009.0,a,a,1,"Feb,May,Aug,Nov",1083
170,0.0,0,0,0.0,a,c,0,,1084
18960,12.0,2008,0,0.0,a,c,0,,1085
40,7.0,2006,0,0.0,a,a,0,,1086
1490,8.0,2013,0,0.0,d,c,0,,1087
8560,3.0,2005,0,0.0,d,a,0,,1088
2670,0.0,0,0,0.0,d,c,0,,1089
6700,0.0,0,0,0.0,a,c,0,,1090
3710,0.0,0,30,2012.0,a,c,1,"Mar,Jun,Sept,Dec",1091
2880,9.0,2012,0,0.0,a,a,0,,1092
440,0.0,0,40,2011.0,d,c,1,"Jan,Apr,Jul,Oct",1093
330,8.0,2006,0,0.0,a,a,0,,1094
6460,4.0,2013,0,0.0,a,c,0,,1095
2400,6.0,2013,0,0.0,a,c,0,,1096
1190,4.0,2013,40,2013.0,b,a,1,"Jan,Apr,Jul,Oct",1097
13460,8.0,2013,14,2010.0,a,c,1,"Jan,Apr,Jul,Oct",1098
13390,9.0,2007,0,0.0,d,c,0,,1099
940,3.0,2002,0,0.0,a,a,0,,1100
7840,0.0,0,0,0.0,d,c,0,,1101
8180,3.0,2011,0,0.0,a,c,0,,1102
5310,0.0,0,18,2011.0,a,a,1,"Feb,May,Aug,Nov",1103
6910,6.0,2010,0,0.0,a,a,0,,1104
1150,0.0,0,37,2009.0,a,c,1,"Jan,Apr,Jul,Oct",1105
12620,5.0,2015,0,0.0,c,c,0,,1106
4570,7.0,2012,27,2013.0,d,a,1,"Jan,Apr,Jul,Oct",1107
10050,3.0,2014,0,0.0,d,c,0,,1108
4050,12.0,2015,5,2013.0,d,a,1,"Feb,May,Aug,Nov",1109
7780,0.0,0,37,2013.0,d,c,1,"Feb,May,Aug,Nov",1110
11790,9.0,2012,13,2010.0,a,c,1,"Feb,May,Aug,Nov",1111
28130,0.0,0,0,0.0,d,a,0,,1112
160,0.0,0,0,0.0,d,a,0,,1113
1980,7.0,2015,31,2009.0,a,c,1,"Feb,May,Aug,Nov",1114
200,0.0,0,0,0.0,c,a,0,,1115
