Store,StoreType,Assortment,CompetitionDistance,CompetitionOpenSinceMonth,CompetitionOpenSinceYear,Promo2,Promo2SinceWeek,Promo2SinceYear,PromoInterval
a,a,a,0.0,11.0,2011.0,1,36.0,2014.0,"Jan,Apr,Jul,Oct"
b,a,a,0.0,10.0,1998.0,0,0.0,0.0,
c,c,a,0.0,3.0,0.0,1,0.0,0.0,
d,d,c,11199.0,11.0,2008.0,0,14.0,0.0,"Jan,Apr,Jul,Oct"
e,d,c,7478.0,3.0,2014.0,0,0.0,0.0,
f,a,a,5580.0,12.0,2015.0,1,0.0,0.0,
g,b,a,1072.0,0.0,0.0,1,18.0,2015.0,"Feb,May,Aug,Nov"
h,a,c,10986.0,11.0,2012.0,0,0.0,0.0,
i,a,c,9655.0,0.0,0.0,1,5.0,2011.0,"Jan,Apr,Jul,Oct"
j,a,a,18655.0,3.0,0.0,0,0.0,0.0,
k,a,a,2513.0,3.0,2008.0,0,0.0,0.0,
l,d,a,4528.0,9.0,2011.0,1,0.0,0.0,
m,a,a,0.0,0.0,2013.0,1,5.0,2009.0,"Jan,Apr,Jul,Oct"
n,a,a,2428.0,11.0,2009.0,0,0.0,0.0,
o,a,c,13210.0,7.0,2015.0,0,0.0,0.0,
p,a,a,0.0,4.0,0.0,1,40.0,2013.0,
q,d,c,8310.0,9.0,0.0,0,0.0,0.0,
r,a,c,363.0,9.0,0.0,1,0.0,2011.0,"Jan,Apr,Jul,Oct"
s,a,a,1666.0,0.0,0.0,1,31.0,2012.0,"Jan,Apr,Jul,Oct"
t,d,c,16331.0,0.0,2012.0,1,14.0,2011.0,"Jan,Apr,Jul,Oct"
u,a,a,16815.0,3.0,2009.0,1,5.0,2013.0,"Jan,Apr,Jul,Oct"
v,a,a,0.0,0.0,2013.0,0,0.0,0.0,
w,a,a,29203.0,1.0,2010.0,0,0.0,0.0,
x,d,a,0.0,7.0,2005.0,1,40.0,2013.0,
y,a,c,0.0,4.0,0.0,1,5.0,2013.0,"Jan,Apr,Jul,Oct"
z,a,a,0.0,0.0,2013.0,1,10.0,2011.0,"Jan,Apr,Jul,Oct"
A,d,c,0.0,10.0,2008.0,0,10.0,0.0,"Jan,Apr,Jul,Oct"
B,a,c,5449.0,11.0,2012.0,1,45.0,2013.0,"Mar,Jun,Sept,Dec"
C,d,c,15762.0,0.0,2012.0,0,0.0,0.0,"Jan,Apr,Jul,Oct"
D,a,a,12840.0,6.0,2010.0,0,0.0,0.0,
E,d,c,4712.0,4.0,2014.0,0,0.0,0.0,
F,d,c,6482.0,0.0,2010.0,1,0.0,2013.0,"Feb,May,Aug,Nov"
G,a,c,0.0,0.0,0.0,1,40.0,2013.0,"Jan,Apr,Jul,Oct"
H,a,c,14756.0,6.0,2010.0,1,14.0,2011.0,"Jan,Apr,Jul,Oct"
I,d,c,0.0,7.0,2005.0,1,40.0,2013.0,"Jan,Apr,Jul,Oct"
J,c,c,1759.0,11.0,2008.0,1,28.0,2010.0,"Mar,Jun,Sept,Dec"
K,d,a,0.0,4.0,0.0,0,0.0,2011.0,
L,a,c,7382.0,0.0,0.0,1,13.0,2013.0,"Jan,Apr,Jul,Oct"
M,d,b,9469.0,0.0,0.0,0,10.0,2011.0,
N,d,c,4908.0,0.0,2013.0,0,0.0,2013.0,"Jan,Apr,Jul,Oct"
O,d,a,7633.0,7.0,2010.0,1,14.0,2011.0,
P,c,c,309.0,0.0,0.0,0,14.0,2011.0,
Q,a,a,526.0,9.0,2014.0,1,31.0,2014.0,"Jan,Apr,Jul,Oct"
R,d,c,1923.0,9.0,2012.0,1,35.0,2014.0,"Mar,Jun,Sept,Dec"
S,d,c,0.0,5.0,2012.0,1,40.0,0.0,
T,d,c,14295.0,12.0,1998.0,1,10.0,2014.0,"Jan,Apr,Jul,Oct"
U,a,c,0.0,4.0,2011.0,0,0.0,0.0,
V,a,a,9170.0,11.0,2010.0,0,0.0,0.0,
W,a,a,6259.0,0.0,0.0,1,31.0,2012.0,
X,d,c,0.0,10.0,2008.0,1,18.0,2009.0,"Feb,May,Aug,Nov"
Y,a,a,16852.0,4.0,2008.0,0,0.0,0.0,
Z,d,a,11167.0,3.0,2014.0,1,31.0,2013.0,"Jan,Apr,Jul,Oct"
aa,a,a,10557.0,4.0,2009.0,1,31.0,2014.0,"Jan,Apr,Jul,Oct"
ab,d,c,20970.0,4.0,0.0,0,0.0,0.0,
ac,a,a,7374.0,9.0,0.0,1,1.0,2013.0,"Jan,Apr,Jul,Oct"
ad,a,c,7217.0,11.0,2013.0,0,1.0,2014.0,
ae,d,c,7183.0,0.0,2014.0,0,0.0,0.0,
af,c,a,0.0,10.0,2009.0,1,40.0,2013.0,"Jan,Apr,Jul,Oct"
ag,c,a,38.0,6.0,2008.0,0,0.0,0.0,
ah,d,c,5699.0,12.0,2002.0,1,0.0,0.0,
ai,a,c,4291.0,10.0,2009.0,1,40.0,2013.0,
aj,b,a,14284.0,0.0,0.0,1,14.0,0.0,
ak,a,a,7135.0,4.0,2007.0,1,45.0,2013.0,"Jan,Apr,Jul,Oct"
al,a,c,0.0,11.0,0.0,0,14.0,0.0,
am,d,a,8820.0,11.0,2013.0,0,0.0,0.0,
an,d,c,11958.0,0.0,2013.0,0,0.0,0.0,
ao,a,c,8772.0,11.0,0.0,1,37.0,2009.0,"Jan,Apr,Jul,Oct"
ap,a,a,6476.0,4.0,2014.0,0,0.0,0.0,
aq,a,a,0.0,11.0,2014.0,0,0.0,2011.0,
ar,a,b,7757.0,4.0,2005.0,1,9.0,2012.0,"Mar,Jun,Sept,Dec"
as,a,a,2983.0,10.0,2014.0,0,0.0,0.0,"Jan,Apr,Jul,Oct"
at,d,a,0.0,9.0,2013.0,1,5.0,2013.0,"Jan,Apr,Jul,Oct"
au,a,a,4803.0,1.0,2010.0,0,0.0,0.0,
av,a,c,10013.0,11.0,2007.0,0,0.0,0.0,
aw,d,c,6639.0,7.0,0.0,0,0.0,0.0,"Jan,Apr,Jul,Oct"
ax,c,a,10789.0,11.0,2005.0,0,0.0,0.0,
ay,a,a,17086.0,1.0,2010.0,0,40.0,2010.0,"Jan,Apr,Jul,Oct"
az,a,c,7313.0,9.0,2011.0,1,0.0,2011.0,"Jan,Apr,Jul,Oct"
aA,a,a,4266.0,11.0,0.0,1,45.0,2010.0,"Jan,Apr,Jul,Oct"
aB,a,a,0.0,6.0,2013.0,1,14.0,2011.0,"Jan,Apr,Jul,Oct"
aC,a,c,8501.0,11.0,2010.0,0,0.0,0.0,
aD,a,c,8379.0,0.0,2012.0,1,37.0,2013.0,"Jan,Apr,Jul,Oct"
aE,a,a,12906.0,11.0,2014.0,1,0.0,2011.0,
aF,c,a,8073.0,0.0,0.0,0,0.0,0.0,
aG,c,c,0.0,4.0,2013.0,0,0.0,0.0,
aH,a,a,0.0,3.0,2009.0,1,14.0,2011.0,"Jan,Apr,Jul,Oct"
aI,a,c,7495.0,4.0,2014.0,1,1.0,2009.0,"Jan,Apr,Jul,Oct"
aJ,d,a,17230.0,4.0,0.0,0,0.0,0.0,
aK,d,a,0.0,9.0,2005.0,1,31.0,2011.0,
aL,d,a,10874.0,0.0,0.0,0,0.0,0.0,"Jan,Apr,Jul,Oct"
aM,a,a,4056.0,5.0,2011.0,1,0.0,0.0,
aN,a,b,1527.0,0.0,2013.0,1,14.0,2011.0,"Jan,Apr,Jul,Oct"
aO,a,a,2738.0,0.0,0.0,1,37.0,2009.0,"Jan,Apr,Jul,Oct"
aP,c,a,5880.0,8.0,2010.0,0,0.0,0.0,
aQ,a,a,13369.0,0.0,2012.0,1,5.0,2014.0,"Jan,Apr,Jul,Oct"
aR,a,a,3468.0,4.0,2011.0,0,0.0,2013.0,
aS,a,a,10579.0,7.0,2014.0,1,22.0,2013.0,"Mar,Jun,Sept,Dec"
aT,d,c,21965.0,3.0,2008.0,0,0.0,0.0,
aU,d,c,3212.0,11.0,2003.0,0,0.0,0.0,
aV,a,a,657.0,6.0,2012.0,0,0.0,0.0,"Jan,Apr,Jul,Oct"
aW,a,a,0.0,4.0,2008.0,1,44.0,2012.0,"Mar,Jun,Sept,Dec"
aX,a,c,3081.0,4.0,0.0,1,31.0,2014.0,"Jan,Apr,Jul,Oct"
aY,a,a,4702.0,4.0,2014.0,1,40.0,2013.0,"Jan,Apr,Jul,Oct"
aZ,a,c,4327.0,0.0,2014.0,1,31.0,2011.0,"Jan,Apr,Jul,Oct"
ba,a,c,8296.0,2.0,2011.0,0,0.0,0.0,
bb,d,c,1689.0,0.0,0.0,1,0.0,0.0,
bc,d,a,0.0,12.0,2011.0,1,31.0,2014.0,"Mar,Jun,Sept,Dec"
bd,c,c,2462.0,9.0,2013.0,1,1.0,2013.0,"Jan,Apr,Jul,Oct"
be,d,c,20719.0,0.0,2012.0,1,14.0,2011.0,"Jan,Apr,Jul,Oct"
bf,d,c,2740.0,4.0,2011.0,0,0.0,0.0,
bg,d,a,92.0,7.0,2003.0,1,37.0,2013.0,"Jan,Apr,Jul,Oct"
bh,d,a,2148.0,4.0,2008.0,0,0.0,2011.0,
bi,a,a,1430.0,0.0,2014.0,0,0.0,2011.0,
bj,c,c,10411.0,4.0,2012.0,0,0.0,0.0,
bk,a,a,5024.0,4.0,2011.0,0,0.0,0.0,
bl,a,c,0.0,4.0,2005.0,1,0.0,2011.0,"Jan,Apr,Jul,Oct"
bm,c,a,3893.0,0.0,0.0,0,0.0,0.0,
bn,a,c,11904.0,6.0,2006.0,0,0.0,0.0,
bo,a,c,13279.0,4.0,2005.0,1,45.0,2013.0,"Feb,May,Aug,Nov"
bp,d,c,0.0,0.0,0.0,0,0.0,0.0,
bq,d,a,10363.0,0.0,0.0,0,0.0,0.0,
br,a,a,0.0,0.0,2013.0,1,5.0,2013.0,"Jan,Apr,Jul,Oct"
bs,a,c,0.0,0.0,2005.0,1,28.0,2015.0,"Mar,Jun,Sept,Dec"
bt,a,a,3836.0,0.0,0.0,1,0.0,0.0,
bu,a,a,8288.0,9.0,0.0,0,0.0,2011.0,
bv,d,c,6402.0,0.0,0.0,1,40.0,2011.0,"Jan,Apr,Jul,Oct"
bw,d,a,2594.0,11.0,2011.0,0,40.0,0.0,"Jan,Apr,Jul,Oct"
bx,a,c,1934.0,3.0,2008.0,1,28.0,2012.0,"Mar,Jun,Sept,Dec"
by,a,c,1841.0,11.0,0.0,1,5.0,2012.0,"Feb,May,Aug,Nov"
bz,d,a,4902.0,9.0,2009.0,1,0.0,0.0,
bA,a,a,15589.0,3.0,2014.0,0,0.0,0.0,
bB,d,a,7175.0,4.0,2008.0,1,14.0,2011.0,"Jan,Apr,Jul,Oct"
bC,c,c,9987.0,0.0,2012.0,1,40.0,2011.0,"Jan,Apr,Jul,Oct"
bD,d,c,2924.0,9.0,2012.0,0,31.0,2011.0,"Jan,Apr,Jul,Oct"
bE,d,a,24258.0,5.0,1998.0,0,14.0,2011.0,
bF,a,c,5601.0,0.0,2013.0,0,0.0,0.0,
bG,d,a,0.0,0.0,2012.0,1,13.0,2009.0,"Feb,May,Aug,Nov"
bH,d,c,15659.0,7.0,2011.0,0,0.0,0.0,
bI,a,c,2456.0,12.0,2009.0,1,37.0,2012.0,"Jan,Apr,Jul,Oct"
bJ,d,a,0.0,10.0,2012.0,1,28.0,2015.0,"Mar,Jun,Sept,Dec"
bK,d,a,9383.0,9.0,2002.0,0,0.0,0.0,
bL,b,a,7618.0,11.0,2014.0,0,40.0,2013.0,
bM,a,c,7600.0,5.0,2009.0,1,0.0,0.0,"Jan,Apr,Jul,Oct"
bN,d,a,7741.0,4.0,2005.0,1,28.0,2015.0,"Mar,Jun,Sept,Dec"
bO,a,c,11993.0,3.0,2008.0,1,28.0,2014.0,"Feb,May,Aug,Nov"
bP,a,a,0.0,12.0,2006.0,1,0.0,2011.0,"Jan,Apr,Jul,Oct"
bQ,d,a,0.0,4.0,2015.0,1,13.0,2014.0,"Mar,Jun,Sept,Dec"
bR,d,a,0.0,0.0,2013.0,1,31.0,2013.0,"Jan,Apr,Jul,Oct"
bS,a,a,3191.0,7.0,1998.0,1,36.0,2015.0,"Mar,Jun,Sept,Dec"
bT,d,c,8012.0,11.0,2013.0,0,0.0,0.0,
bU,a,a,2801.0,7.0,2006.0,1,1.0,2011.0,"Jan,Apr,Jul,Oct"
bV,a,c,0.0,0.0,0.0,1,10.0,0.0,"Jan,Apr,Jul,Oct"
bW,d,c,0.0,12.0,2008.0,1,0.0,0.0,"Jan,Apr,Jul,Oct"
bX,a,a,9500.0,3.0,2012.0,0,0.0,0.0,
bY,c,c,3159.0,0.0,0.0,1,31.0,2013.0,"Jan,Apr,Jul,Oct"
bZ,a,a,12322.0,4.0,2007.0,1,40.0,2011.0,"Jan,Apr,Jul,Oct"
ca,d,c,10151.0,6.0,2009.0,0,0.0,0.0,"Jan,Apr,Jul,Oct"
cb,a,c,7902.0,0.0,0.0,1,0.0,0.0,"Jan,Apr,Jul,Oct"
cc,c,c,8321.0,0.0,2013.0,0,0.0,0.0,
cd,a,a,16804.0,0.0,0.0,0,0.0,0.0,
ce,d,c,2343.0,9.0,2014.0,0,10.0,2013.0,"Jan,Apr,Jul,Oct"
cf,d,b,3779.0,9.0,2005.0,1,40.0,2011.0,"Jan,Apr,Jul,Oct"
cg,a,a,4610.0,9.0,2010.0,0,0.0,0.0,
ch,a,a,7114.0,0.0,2010.0,1,0.0,0.0,"Jan,Apr,Jul,Oct"
ci,d,a,3349.0,0.0,2012.0,1,28.0,2015.0,"Jan,Apr,Jul,Oct"
cj,a,c,6656.0,0.0,2008.0,0,14.0,2011.0,
ck,b,c,0.0,12.0,2005.0,1,5.0,2014.0,"Jan,Apr,Jul,Oct"
cl,a,c,0.0,7.0,2005.0,1,18.0,2009.0,"Mar,Jun,Sept,Dec"
cm,b,c,5689.0,9.0,2012.0,1,37.0,2011.0,"Jan,Apr,Jul,Oct"
cn,d,a,3157.0,10.0,2005.0,1,28.0,2012.0,"Feb,May,Aug,Nov"
co,d,c,0.0,4.0,2013.0,1,13.0,2009.0,"Jan,Apr,Jul,Oct"
cp,a,a,9042.0,8.0,2015.0,0,40.0,2011.0,"Jan,Apr,Jul,Oct"
cq,a,a,2923.0,0.0,0.0,1,1.0,2014.0,"Jan,Apr,Jul,Oct"
cr,d,a,0.0,6.0,1998.0,1,40.0,2009.0,
cs,a,c,4481.0,0.0,2012.0,1,28.0,2010.0,"Feb,May,Aug,Nov"
ct,c,a,3058.0,12.0,2007.0,1,13.0,2009.0,"Feb,May,Aug,Nov"
cu,b,c,3689.0,9.0,2012.0,1,18.0,2012.0,"Mar,Jun,Sept,Dec"
cv,d,c,8095.0,4.0,2013.0,0,14.0,0.0,"Jan,Apr,Jul,Oct"
cw,d,a,0.0,0.0,0.0,1,48.0,2013.0,"Mar,Jun,Sept,Dec"
cx,a,c,990.0,3.0,2014.0,1,31.0,2013.0,"Jan,Apr,Jul,Oct"
cy,a,a,10386.0,7.0,2009.0,1,0.0,0.0,
cz,a,a,7447.0,3.0,0.0,0,0.0,0.0,
cA,a,c,0.0,9.0,0.0,1,22.0,2009.0,"Jan,Apr,Jul,Oct"
cB,a,a,1017.0,4.0,2013.0,0,0.0,0.0,
cC,a,a,17179.0,1.0,1998.0,1,0.0,0.0,
cD,b,a,0.0,11.0,2011.0,1,14.0,2013.0,"Jan,Apr,Jul,Oct"
cE,c,a,2487.0,0.0,2010.0,0,0.0,0.0,
cF,a,a,13141.0,1.0,2000.0,1,40.0,2013.0,"Jan,Apr,Jul,Oct"
cG,a,a,0.0,4.0,0.0,1,45.0,2015.0,"Mar,Jun,Sept,Dec"
cH,c,c,5796.0,4.0,2014.0,1,14.0,2011.0,
cI,a,b,3134.0,0.0,2013.0,0,0.0,0.0,
cJ,d,c,13527.0,0.0,0.0,1,14.0,2014.0,
cK,a,c,4238.0,0.0,2013.0,1,31.0,2013.0,"Jan,Apr,Jul,Oct"
cL,d,a,0.0,1.0,2015.0,1,9.0,2014.0,"Jan,Apr,Jul,Oct"
cM,d,a,9814.0,4.0,2013.0,1,37.0,2014.0,"Jan,Apr,Jul,Oct"
cN,a,a,3825.0,2.0,2011.0,1,14.0,2011.0,"Jan,Apr,Jul,Oct"
cO,c,c,7147.0,1.0,1998.0,1,0.0,0.0,
cP,d,c,40.0,0.0,2013.0,0,0.0,0.0,
cQ,a,a,0.0,11.0,2001.0,0,0.0,0.0,
cR,d,a,338.0,3.0,2015.0,0,31.0,2011.0,"Jan,Apr,Jul,Oct"
cS,a,c,2626.0,10.0,2003.0,1,14.0,2011.0,"Jan,Apr,Jul,Oct"
cT,a,c,6289.0,0.0,2012.0,0,0.0,2011.0,
cU,d,c,9208.0,10.0,2008.0,1,10.0,2014.0,"Jan,Apr,Jul,Oct"
cV,a,a,6044.0,9.0,0.0,1,40.0,2013.0,"Jan,Apr,Jul,Oct"
cW,d,c,2654.0,0.0,0.0,1,35.0,2013.0,"Feb,May,Aug,Nov"
cX,d,c,0.0,10.0,2014.0,0,0.0,2011.0,
cY,a,a,6224.0,7.0,2014.0,0,0.0,0.0,
cZ,d,c,6333.0,1.0,2002.0,0,40.0,0.0,
da,a,c,849.0,0.0,0.0,0,0.0,0.0,
db,a,c,9925.0,11.0,2012.0,1,40.0,2014.0,"Jan,Apr,Jul,Oct"
dc,c,a,1452.0,1.0,2006.0,1,9.0,2012.0,"Feb,May,Aug,Nov"
dd,d,a,12384.0,0.0,0.0,1,27.0,2010.0,"Mar,Jun,Sept,Dec"
de,d,a,7698.0,11.0,2010.0,1,1.0,2013.0,"Jan,Apr,Jul,Oct"
df,a,c,7009.0,3.0,2010.0,1,14.0,2014.0,
dg,b,c,4310.0,0.0,2013.0,1,28.0,2012.0,"Jan,Apr,Jul,Oct"
dh,a,a,3261.0,0.0,0.0,0,40.0,2013.0,
di,d,c,17758.0,4.0,2012.0,1,40.0,2013.0,"Jan,Apr,Jul,Oct"
dj,d,c,16644.0,4.0,2013.0,1,45.0,2012.0,"Jan,Apr,Jul,Oct"
dk,a,c,5905.0,11.0,2013.0,0,0.0,0.0,"Jan,Apr,Jul,Oct"
dl,a,b,0.0,0.0,0.0,1,14.0,2009.0,"Jan,Apr,Jul,Oct"
dm,a,c,0.0,3.0,2007.0,0,0.0,0.0,
dn,c,c,12297.0,7.0,2008.0,0,0.0,0.0,
do,a,a,9100.0,6.0,2012.0,1,31.0,2014.0,"Jan,Apr,Jul,Oct"
dp,a,c,12697.0,7.0,2015.0,0,0.0,0.0,
dq,c,a,0.0,11.0,2014.0,1,5.0,2011.0,"Jan,Apr,Jul,Oct"
dr,a,b,3188.0,9.0,2012.0,0,0.0,0.0,
ds,d,c,0.0,0.0,0.0,1,18.0,2011.0,"Jan,Apr,Jul,Oct"
dt,a,c,11077.0,4.0,2009.0,0,0.0,0.0,
du,b,b,20482.0,11.0,2013.0,1,40.0,2013.0,"Jan,Apr,Jul,Oct"
dv,a,a,5772.0,0.0,0.0,1,40.0,2011.0,"Jan,Apr,Jul,Oct"
dw,b,c,14042.0,4.0,0.0,0,0.0,0.0,
dx,a,b,13909.0,4.0,2014.0,1,5.0,2012.0,"Jan,Apr,Jul,Oct"
dy,a,a,17171.0,12.0,2009.0,0,0.0,0.0,
dz,d,c,24912.0,9.0,0.0,0,40.0,0.0,
dA,d,c,4782.0,2.0,1998.0,0,0.0,0.0,
dB,d,c,0.0,0.0,0.0,1,0.0,0.0,
dC,a,c,4223.0,9.0,0.0,1,14.0,2011.0,"Jan,Apr,Jul,Oct"
dD,d,a,7527.0,1.0,2007.0,1,40.0,2013.0,
dE,a,c,9436.0,11.0,2013.0,0,0.0,0.0,
dF,a,a,19024.0,5.0,2008.0,0,0.0,0.0,
dG,a,a,3145.0,9.0,2006.0,0,40.0,2011.0,"Feb,May,Aug,Nov"
dH,a,a,1076.0,12.0,2009.0,1,5.0,0.0,"Jan,Apr,Jul,Oct"
dI,a,c,10036.0,0.0,0.0,1,0.0,0.0,
dJ,d,b,0.0,4.0,2006.0,1,28.0,2015.0,"Mar,Jun,Sept,Dec"
dK,a,c,6014.0,11.0,0.0,0,0.0,0.0,
dL,d,a,0.0,5.0,2006.0,0,0.0,0.0,
dM,d,a,3522.0,3.0,2012.0,0,40.0,2013.0,
dN,a,a,0.0,10.0,2009.0,1,40.0,2012.0,"Jan,Apr,Jul,Oct"
dO,d,a,6798.0,12.0,2010.0,0,0.0,0.0,
dP,a,b,0.0,0.0,2013.0,1,40.0,2013.0,"Jan,Apr,Jul,Oct"
dQ,d,c,14382.0,9.0,2005.0,0,0.0,0.0,
dR,a,c,0.0,7.0,2010.0,0,0.0,0.0,
dS,a,a,3318.0,1.0,2002.0,0,0.0,0.0,"Jan,Apr,Jul,Oct"
dT,d,a,3609.0,1.0,1961.0,1,0.0,2014.0,"Jan,Apr,Jul,Oct"
dU,a,a,9827.0,0.0,0.0,0,0.0,0.0,
dV,a,c,4373.0,3.0,2006.0,0,14.0,0.0,
dW,b,a,4462.0,0.0,2012.0,1,5.0,2013.0,"Jan,Apr,Jul,Oct"
dX,d,c,4693.0,3.0,0.0,1,40.0,2014.0,"Mar,Jun,Sept,Dec"
dY,a,a,12484.0,12.0,2005.0,0,0.0,0.0,
dZ,a,b,5177.0,0.0,2014.0,0,0.0,2013.0,
ea,d,c,0.0,1.0,2006.0,1,37.0,2012.0,"Jan,Apr,Jul,Oct"
eb,a,a,3809.0,7.0,2008.0,1,40.0,2013.0,"Jan,Apr,Jul,Oct"
ec,d,a,0.0,4.0,0.0,1,0.0,2011.0,
ed,a,c,4499.0,0.0,2012.0,0,0.0,0.0,
ee,d,a,6247.0,3.0,2014.0,0,0.0,0.0,
ef,d,a,3647.0,3.0,2011.0,1,5.0,2012.0,"Jan,Apr,Jul,Oct"
eg,a,c,0.0,11.0,2013.0,1,40.0,2013.0,
eh,a,a,0.0,1.0,2006.0,1,0.0,0.0,
ei,d,a,2564.0,0.0,0.0,1,28.0,2015.0,"Jan,Apr,Jul,Oct"
ej,a,a,6303.0,5.0,2009.0,1,28.0,2015.0,"Feb,May,Aug,Nov"
ek,d,a,6479.0,10.0,1998.0,1,5.0,2014.0,"Jan,Apr,Jul,Oct"
el,d,a,1360.0,4.0,2006.0,1,5.0,2012.0,"Jan,Apr,Jul,Oct"
em,a,a,3791.0,10.0,2008.0,0,45.0,2013.0,"Jan,Apr,Jul,Oct"
en,a,a,233.0,0.0,2013.0,0,0.0,0.0,"Jan,Apr,Jul,Oct"
eo,c,a,0.0,5.0,1998.0,1,28.0,2015.0,"Mar,Jun,Sept,Dec"
ep,d,c,0.0,1.0,1998.0,0,0.0,2011.0,
eq,a,a,4292.0,11.0,2013.0,1,13.0,2012.0,"Jan,Apr,Jul,Oct"
er,d,a,947.0,9.0,0.0,0,0.0,0.0,
es,a,a,7151.0,11.0,2010.0,0,0.0,0.0,
et,a,a,10512.0,7.0,2014.0,1,14.0,2014.0,
eu,a,c,13838.0,4.0,0.0,0,0.0,0.0,
ev,d,a,10941.0,11.0,0.0,0,0.0,0.0,
ew,d,a,10534.0,11.0,0.0,1,39.0,2015.0,"Feb,May,Aug,Nov"
ex,a,a,0.0,4.0,2015.0,0,0.0,0.0,
ey,d,c,13064.0,12.0,2011.0,1,31.0,2014.0,"Feb,May,Aug,Nov"
ez,a,c,9907.0,3.0,2013.0,0,31.0,0.0,
eA,a,c,0.0,9.0,2012.0,0,0.0,0.0,
eB,a,c,0.0,0.0,2014.0,1,31.0,2014.0,"Jan,Apr,Jul,Oct"
eC,a,c,10594.0,0.0,2010.0,0,0.0,0.0,
eD,a,a,1663.0,6.0,1998.0,1,37.0,2010.0,"Feb,May,Aug,Nov"
eE,a,a,14896.0,6.0,2012.0,1,40.0,2013.0,"Jan,Apr,Jul,Oct"
eF,a,c,0.0,10.0,2011.0,1,22.0,2014.0,"Jan,Apr,Jul,Oct"
eG,a,a,0.0,9.0,2013.0,1,28.0,2015.0,"Mar,Jun,Sept,Dec"
eH,d,c,3850.0,0.0,0.0,0,0.0,0.0,
eI,c,a,4882.0,0.0,2005.0,0,0.0,0.0,
eJ,d,c,30.0,11.0,2009.0,1,13.0,2013.0,"Jan,Apr,Jul,Oct"
eK,a,a,17637.0,4.0,0.0,1,0.0,0.0,
eL,a,a,688.0,6.0,2009.0,0,0.0,0.0,
eM,a,a,0.0,11.0,2005.0,1,28.0,2014.0,"Mar,Jun,Sept,Dec"
eN,d,c,6081.0,3.0,2010.0,0,0.0,0.0,"Jan,Apr,Jul,Oct"
eO,d,a,2455.0,2.0,2013.0,0,0.0,0.0,
eP,b,a,0.0,9.0,2014.0,0,0.0,2011.0,
eQ,d,c,6352.0,11.0,2007.0,1,40.0,2011.0,"Jan,Apr,Jul,Oct"
eR,d,c,12556.0,6.0,2005.0,1,0.0,2011.0,"Jan,Apr,Jul,Oct"
eS,a,c,6474.0,2.0,2009.0,1,1.0,2009.0,"Jan,Apr,Jul,Oct"
eT,a,a,15169.0,7.0,2008.0,0,0.0,0.0,"Jan,Apr,Jul,Oct"
eU,a,a,0.0,3.0,2006.0,1,37.0,2012.0,"Jan,Apr,Jul,Oct"
eV,d,a,0.0,3.0,2008.0,1,10.0,2010.0,"Feb,May,Aug,Nov"
eW,c,c,705.0,0.0,0.0,1,0.0,0.0,
eX,a,a,0.0,0.0,0.0,1,14.0,2011.0,"Jan,Apr,Jul,Oct"
eY,a,c,2303.0,0.0,0.0,0,0.0,0.0,
eZ,a,a,1030.0,1.0,2007.0,1,45.0,2014.0,"Jan,Apr,Jul,Oct"
fa,a,a,3027.0,9.0,0.0,1,37.0,2015.0,"Jan,Apr,Jul,Oct"
fb,a,a,3174.0,2.0,1998.0,1,10.0,2013.0,"Jan,Apr,Jul,Oct"
fc,a,a,597.0,11.0,0.0,1,10.0,2014.0,"Feb,May,Aug,Nov"
fd,a,c,17945.0,0.0,0.0,0,0.0,0.0,
fe,d,c,8395.0,4.0,0.0,1,31.0,2013.0,"Jan,Apr,Jul,Oct"
ff,d,a,0.0,0.0,2014.0,1,1.0,2012.0,"Jan,Apr,Jul,Oct"
fg,a,a,3703.0,11.0,2013.0,0,0.0,0.0,
fh,d,a,3184.0,3.0,2012.0,0,10.0,2011.0,"Jan,Apr,Jul,Oct"
fi,d,c,6928.0,4.0,2005.0,0,0.0,0.0,
fj,d,c,3002.0,11.0,2011.0,0,0.0,0.0,
fk,d,a,0.0,12.0,2005.0,0,0.0,0.0,
fl,a,a,8203.0,1.0,2009.0,1,40.0,2014.0,"Jan,Apr,Jul,Oct"
fm,d,a,4131.0,1.0,1998.0,0,0.0,0.0,
fn,a,c,0.0,9.0,2011.0,0,14.0,0.0,
fo,a,a,11608.0,0.0,2013.0,0,31.0,2011.0,"Jan,Apr,Jul,Oct"
fp,a,c,0.0,4.0,2014.0,0,0.0,0.0,
fq,d,a,1252.0,1.0,2001.0,0,0.0,0.0,
fr,a,c,7917.0,9.0,0.0,0,0.0,0.0,
fs,a,a,1743.0,0.0,2013.0,1,28.0,2015.0,"Mar,Jun,Sept,Dec"
ft,d,a,8580.0,11.0,2012.0,1,5.0,2014.0,"Mar,Jun,Sept,Dec"
fu,d,a,0.0,11.0,2002.0,0,0.0,0.0,
fv,d,a,0.0,9.0,2014.0,1,28.0,2012.0,"Jan,Apr,Jul,Oct"
fw,a,a,9876.0,11.0,2006.0,0,0.0,0.0,
fx,d,a,0.0,0.0,2014.0,1,10.0,2009.0,"Feb,May,Aug,Nov"
fy,a,c,6452.0,0.0,2012.0,1,0.0,0.0,
fz,a,a,9300.0,3.0,1998.0,0,0.0,0.0,
fA,a,c,16518.0,3.0,2002.0,1,14.0,2011.0,
fB,d,c,9329.0,3.0,2011.0,0,0.0,0.0,
fC,b,a,8308.0,7.0,2011.0,0,0.0,0.0,"Jan,Apr,Jul,Oct"
fD,a,a,2303.0,0.0,2014.0,0,0.0,0.0,
fE,b,c,1507.0,11.0,2008.0,0,0.0,2011.0,
fF,c,a,4716.0,0.0,0.0,0,0.0,2011.0,
fG,d,a,11419.0,2.0,1998.0,0,0.0,0.0,
fH,a,a,17104.0,11.0,2012.0,0,0.0,0.0,
fI,a,c,7073.0,12.0,2012.0,0,0.0,0.0,
fJ,d,a,0.0,0.0,0.0,1,5.0,2013.0,"Jan,Apr,Jul,Oct"
fK,d,a,1691.0,11.0,2010.0,1,37.0,2014.0,"Feb,May,Aug,Nov"
fL,a,a,6342.0,4.0,2014.0,1,31.0,2014.0,"Jan,Apr,Jul,Oct"
fM,a,c,19671.0,10.0,2006.0,0,0.0,0.0,
fN,a,c,5567.0,4.0,2010.0,1,14.0,2013.0,"Jan,Apr,Jul,Oct"
fO,a,a,2841.0,8.0,2010.0,0,0.0,0.0,
fP,c,c,13642.0,0.0,0.0,1,39.0,2015.0,"Mar,Jun,Sept,Dec"
fQ,a,a,7494.0,0.0,0.0,0,0.0,0.0,
fR,d,a,12333.0,9.0,2013.0,1,40.0,2014.0,"Jan,Apr,Jul,Oct"
fS,d,c,9785.0,5.0,2007.0,1,1.0,2012.0,"Jan,Apr,Jul,Oct"
fT,a,a,6653.0,9.0,2010.0,1,13.0,2013.0,"Feb,May,Aug,Nov"
fU,a,a,8883.0,0.0,2008.0,1,45.0,2013.0,"Jan,Apr,Jul,Oct"
fV,a,c,1676.0,9.0,0.0,0,0.0,0.0,
fW,d,c,6757.0,4.0,2010.0,0,5.0,2009.0,"Jan,Apr,Jul,Oct"
fX,d,b,20128.0,11.0,2005.0,1,40.0,2011.0,"Jan,Apr,Jul,Oct"
fY,c,a,9201.0,12.0,2011.0,1,40.0,2014.0,"Jan,Apr,Jul,Oct"
fZ,d,c,17386.0,0.0,0.0,1,40.0,2011.0,"Jan,Apr,Jul,Oct"
ga,d,a,11432.0,0.0,2014.0,1,1.0,2013.0,"Jan,Apr,Jul,Oct"
gb,d,c,19970.0,0.0,0.0,0,0.0,0.0,
gc,a,c,20632.0,10.0,2001.0,0,0.0,0.0,
gd,a,a,14390.0,0.0,1998.0,0,0.0,0.0,
ge,a,c,12145.0,0.0,2014.0,0,0.0,2011.0,
gf,d,c,9636.0,2.0,2009.0,0,0.0,0.0,
gg,d,c,0.0,0.0,0.0,1,31.0,2014.0,"Feb,May,Aug,Nov"
gh,d,c,3056.0,6.0,2014.0,1,31.0,2011.0,"Jan,Apr,Jul,Oct"
gi,a,c,2093.0,9.0,2012.0,0,14.0,0.0,
gj,a,a,11208.0,0.0,2013.0,1,14.0,0.0,"Jan,Apr,Jul,Oct"
gk,a,a,9121.0,9.0,0.0,0,0.0,0.0,
gl,a,a,3350.0,4.0,2014.0,0,0.0,0.0,
gm,a,a,0.0,12.0,2014.0,0,0.0,0.0,
gn,a,a,0.0,9.0,2012.0,0,0.0,0.0,
go,b,a,0.0,4.0,2011.0,1,31.0,2011.0,"Jan,Apr,Jul,Oct"
gp,d,a,4619.0,1.0,2006.0,0,0.0,0.0,
gq,a,a,19071.0,0.0,0.0,1,0.0,2011.0,"Jan,Apr,Jul,Oct"
gr,d,c,587.0,1.0,2004.0,0,31.0,2013.0,"Jan,Apr,Jul,Oct"
gs,a,a,0.0,7.0,2007.0,0,0.0,0.0,"Jan,Apr,Jul,Oct"
gt,a,c,7800.0,0.0,2012.0,0,0.0,0.0,
gu,a,b,6230.0,11.0,0.0,1,14.0,2011.0,"Jan,Apr,Jul,Oct"
gv,a,c,15252.0,7.0,2014.0,0,0.0,0.0,
gw,a,c,17300.0,0.0,2008.0,0,0.0,0.0,
gx,a,a,7576.0,9.0,0.0,1,28.0,2012.0,"Mar,Jun,Sept,Dec"
gy,d,c,1779.0,12.0,2013.0,1,28.0,2015.0,"Mar,Jun,Sept,Dec"
gz,a,c,2332.0,0.0,2005.0,1,5.0,2011.0,"Jan,Apr,Jul,Oct"
gA,a,a,7531.0,7.0,2010.0,0,0.0,0.0,
gB,d,c,9851.0,4.0,2012.0,1,37.0,2014.0,"Feb,May,Aug,Nov"
gC,a,a,0.0,11.0,2010.0,1,10.0,2013.0,"Jan,Apr,Jul,Oct"
gD,d,c,11359.0,0.0,0.0,0,40.0,2013.0,"Jan,Apr,Jul,Oct"
gE,d,a,0.0,12.0,2014.0,1,0.0,0.0,"Jan,Apr,Jul,Oct"
gF,a,a,0.0,0.0,2014.0,0,0.0,0.0,
gG,a,a,16855.0,9.0,2012.0,1,5.0,2013.0,"Jan,Apr,Jul,Oct"
gH,d,c,3982.0,4.0,0.0,0,0.0,0.0,
gI,a,c,1717.0,3.0,2010.0,1,28.0,2014.0,"Jan,Apr,Jul,Oct"
gJ,d,a,1589.0,10.0,2011.0,0,0.0,0.0,
gK,d,a,132.0,9.0,0.0,1,31.0,2014.0,"Jan,Apr,Jul,Oct"
gL,a,c,0.0,3.0,2013.0,1,35.0,2010.0,"Feb,May,Aug,Nov"
gM,d,a,7620.0,11.0,0.0,0,0.0,0.0,
gN,a,a,2974.0,1.0,1998.0,0,0.0,0.0,
gO,a,a,0.0,11.0,2014.0,1,1.0,2013.0,"Jan,Apr,Jul,Oct"
gP,a,b,1596.0,9.0,2013.0,1,14.0,2011.0,"Jan,Apr,Jul,Oct"
gQ,a,a,11425.0,0.0,0.0,1,31.0,0.0,"Jan,Apr,Jul,Oct"
gR,a,c,16508.0,9.0,2008.0,0,0.0,0.0,
gS,a,a,4597.0,0.0,2014.0,0,0.0,0.0,
gT,a,a,963.0,3.0,2012.0,1,10.0,2014.0,"Jan,Apr,Jul,Oct"
gU,a,c,15805.0,0.0,0.0,1,31.0,2010.0,"Jan,Apr,Jul,Oct"
gV,a,c,14037.0,0.0,2013.0,0,0.0,0.0,
gW,c,a,5037.0,6.0,2004.0,0,0.0,0.0,
gX,a,a,0.0,0.0,0.0,1,28.0,2015.0,"Mar,Jun,Sept,Dec"
gY,a,a,13862.0,11.0,2012.0,1,0.0,0.0,
gZ,a,a,12290.0,11.0,2009.0,0,0.0,0.0,
ha,a,a,907.0,0.0,2012.0,0,0.0,0.0,
hb,b,c,8562.0,0.0,0.0,1,40.0,2011.0,"Feb,May,Aug,Nov"
hc,a,a,11830.0,0.0,2010.0,0,0.0,0.0,
hd,a,c,0.0,12.0,2012.0,1,14.0,0.0,
he,d,a,0.0,9.0,0.0,0,0.0,0.0,
hf,a,a,5770.0,4.0,2009.0,0,0.0,0.0,
hg,a,a,6198.0,3.0,2014.0,0,0.0,0.0,
hh,a,c,4944.0,11.0,2005.0,1,31.0,2014.0,"Feb,May,Aug,Nov"
hi,a,a,17711.0,10.0,2008.0,0,0.0,0.0,
hj,d,c,14204.0,4.0,2014.0,0,0.0,0.0,
hk,a,c,4977.0,11.0,2008.0,1,0.0,0.0,
hl,a,a,0.0,4.0,2009.0,0,0.0,0.0,
hm,d,a,5430.0,7.0,2013.0,1,0.0,2011.0,
hn,d,c,12053.0,0.0,0.0,0,1.0,2013.0,"Jan,Apr,Jul,Oct"
ho,a,c,16307.0,7.0,2007.0,0,0.0,2011.0,"Jan,Apr,Jul,Oct"
hp,a,c,0.0,4.0,2012.0,1,0.0,0.0,
hq,d,a,5490.0,9.0,2012.0,1,28.0,2010.0,"Mar,Jun,Sept,Dec"
hr,b,a,10447.0,9.0,0.0,0,14.0,2014.0,"Jan,Apr,Jul,Oct"
hs,a,c,17816.0,1.0,2001.0,0,0.0,0.0,
ht,d,a,8491.0,0.0,0.0,1,0.0,2011.0,"Jan,Apr,Jul,Oct"
hu,d,a,20050.0,7.0,2011.0,0,0.0,0.0,
hv,d,a,12489.0,0.0,2014.0,1,18.0,2013.0,"Feb,May,Aug,Nov"
hw,c,c,9372.0,0.0,0.0,1,22.0,2013.0,"Feb,May,Aug,Nov"
hx,a,a,0.0,4.0,2006.0,1,0.0,0.0,"Jan,Apr,Jul,Oct"
hy,a,a,12037.0,11.0,0.0,0,0.0,0.0,
hz,a,a,0.0,5.0,1998.0,1,10.0,2014.0,"Mar,Jun,Sept,Dec"
hA,a,a,8608.0,4.0,2013.0,1,31.0,2012.0,"Feb,May,Aug,Nov"
hB,a,c,1387.0,9.0,2012.0,0,0.0,2013.0,
hC,d,c,1089.0,11.0,2008.0,1,0.0,0.0,
hD,a,a,5545.0,9.0,2012.0,1,28.0,2010.0,"Mar,Jun,Sept,Dec"
hE,a,c,24552.0,9.0,2014.0,0,0.0,0.0,
hF,d,a,6316.0,6.0,1995.0,0,0.0,0.0,
hG,d,c,12820.0,3.0,0.0,0,0.0,0.0,
hH,d,a,0.0,11.0,2010.0,1,40.0,2010.0,"Feb,May,Aug,Nov"
hI,d,b,29684.0,0.0,0.0,1,0.0,0.0,
hJ,d,c,15193.0,0.0,0.0,0,1.0,2013.0,"Jan,Apr,Jul,Oct"
hK,c,a,8710.0,3.0,1998.0,1,14.0,2014.0,"Jan,Apr,Jul,Oct"
hL,d,b,6789.0,3.0,2007.0,1,14.0,2011.0,"Jan,Apr,Jul,Oct"
hM,d,a,2310.0,9.0,0.0,0,0.0,0.0,
hN,d,a,5662.0,0.0,0.0,0,0.0,0.0,
hO,c,a,974.0,9.0,0.0,1,0.0,2011.0,"Jan,Apr,Jul,Oct"
hP,a,c,10171.0,11.0,2005.0,1,14.0,2011.0,"Jan,Apr,Jul,Oct"
hQ,a,c,0.0,4.0,2014.0,1,0.0,0.0,"Jan,Apr,Jul,Oct"
hR,d,a,0.0,5.0,2004.0,1,14.0,2011.0,
hS,a,a,0.0,4.0,0.0,0,0.0,2011.0,"Jan,Apr,Jul,Oct"
hT,a,a,7756.0,0.0,2005.0,1,10.0,2014.0,"Jan,Apr,Jul,Oct"
hU,c,c,4818.0,9.0,2013.0,1,40.0,2011.0,"Jan,Apr,Jul,Oct"
hV,a,a,12210.0,3.0,0.0,1,13.0,2011.0,"Jan,Apr,Jul,Oct"
hW,d,a,0.0,12.0,2012.0,0,0.0,2013.0,
hX,d,c,0.0,0.0,0.0,1,28.0,2015.0,"Mar,Jun,Sept,Dec"
hY,d,a,0.0,9.0,2014.0,1,40.0,2013.0,"Jan,Apr,Jul,Oct"
hZ,a,a,0.0,1.0,2007.0,0,0.0,0.0,
ia,a,a,5732.0,11.0,2009.0,0,0.0,0.0,
ib,a,a,1788.0,0.0,0.0,0,0.0,0.0,
ic,a,a,16129.0,0.0,2014.0,1,31.0,2014.0,"Jan,Apr,Jul,Oct"
id,a,a,5332.0,7.0,2003.0,1,10.0,2011.0,"Jan,Apr,Jul,Oct"
ie,d,c,11418.0,10.0,1999.0,1,13.0,2012.0,"Jan,Apr,Jul,Oct"
if,a,c,6790.0,4.0,2009.0,0,0.0,0.0,
ig,a,a,6671.0,9.0,2005.0,1,28.0,2012.0,"Mar,Jun,Sept,Dec"
ih,a,c,3897.0,0.0,0.0,1,0.0,0.0,"Jan,Apr,Jul,Oct"
ii,a,a,5408.0,11.0,2011.0,0,0.0,2013.0,
ij,a,a,10320.0,0.0,2014.0,1,1.0,2015.0,"Jan,Apr,Jul,Oct"
ik,a,a,5568.0,0.0,2010.0,0,0.0,0.0,
il,d,c,17435.0,4.0,2005.0,0,0.0,2011.0,"Jan,Apr,Jul,Oct"
im,c,a,1374.0,4.0,2013.0,1,13.0,2012.0,"Feb,May,Aug,Nov"
in,c,c,0.0,8.0,2011.0,1,0.0,0.0,"Jan,Apr,Jul,Oct"
io,d,a,14276.0,0.0,2012.0,1,0.0,2013.0,
ip,d,a,15740.0,0.0,2012.0,1,10.0,2014.0,"Jan,Apr,Jul,Oct"
iq,a,a,3232.0,9.0,2014.0,1,1.0,2009.0,"Jan,Apr,Jul,Oct"
ir,a,a,1521.0,10.0,1998.0,0,0.0,0.0,
is,a,a,9381.0,10.0,1998.0,0,31.0,2013.0,"Jan,Apr,Jul,Oct"
it,d,a,2662.0,9.0,2013.0,0,0.0,0.0,
iu,d,a,0.0,11.0,2014.0,0,0.0,2011.0,
iv,d,a,9871.0,9.0,0.0,0,0.0,0.0,
iw,a,c,1590.0,8.0,2009.0,1,31.0,2011.0,"Jan,Apr,Jul,Oct"
ix,d,a,3949.0,0.0,2013.0,0,0.0,0.0,
iy,a,a,0.0,12.0,2014.0,1,1.0,2013.0,"Feb,May,Aug,Nov"
iz,d,c,0.0,9.0,2009.0,0,0.0,2011.0,
iA,a,c,0.0,4.0,2008.0,0,0.0,0.0,
iB,a,a,17673.0,9.0,2014.0,0,40.0,0.0,
iC,a,c,0.0,11.0,2013.0,0,0.0,0.0,
iD,a,a,8148.0,10.0,2009.0,1,40.0,2011.0,"Jan,Apr,Jul,Oct"
iE,d,c,0.0,0.0,2012.0,0,40.0,0.0,"Jan,Apr,Jul,Oct"
iF,d,c,12683.0,9.0,0.0,0,0.0,0.0,
iG,a,a,4946.0,4.0,2014.0,0,0.0,0.0,
iH,b,c,4352.0,9.0,2008.0,1,40.0,0.0,"Jan,Apr,Jul,Oct"
iI,a,c,11631.0,1.0,2006.0,1,0.0,0.0,
iJ,d,a,9572.0,12.0,2014.0,0,0.0,0.0,
iK,a,c,8736.0,0.0,0.0,0,0.0,0.0,
iL,a,a,7011.0,4.0,2006.0,1,31.0,2013.0,"Jan,Apr,Jul,Oct"
iM,a,a,1024.0,9.0,2013.0,1,0.0,0.0,
iN,a,c,0.0,9.0,2013.0,0,5.0,2011.0,"Jan,Apr,Jul,Oct"
iO,d,c,7379.0,8.0,2009.0,0,0.0,0.0,
iP,c,c,3857.0,6.0,2006.0,1,0.0,0.0,
iQ,d,c,1736.0,0.0,0.0,1,1.0,2013.0,"Feb,May,Aug,Nov"
iR,d,c,12994.0,4.0,2008.0,1,0.0,0.0,
iS,d,a,1250.0,1.0,2014.0,1,31.0,2015.0,"Jan,Apr,Jul,Oct"
iT,a,c,3958.0,4.0,2013.0,1,1.0,2014.0,"Jan,Apr,Jul,Oct"
iU,d,c,8992.0,12.0,2009.0,1,0.0,0.0,"Jan,Apr,Jul,Oct"
iV,a,a,0.0,3.0,2011.0,1,14.0,2011.0,"Jan,Apr,Jul,Oct"
iW,b,c,1093.0,10.0,2006.0,0,0.0,0.0,"Jan,Apr,Jul,Oct"
iX,d,c,9653.0,7.0,2005.0,0,0.0,0.0,
iY,d,a,0.0,0.0,0.0,1,40.0,0.0,"Jan,Apr,Jul,Oct"
iZ,a,a,0.0,0.0,2013.0,1,1.0,2012.0,"Jan,Apr,Jul,Oct"
ja,a,c,0.0,12.0,2012.0,1,28.0,2014.0,"Feb,May,Aug,Nov"
jb,a,c,0.0,1.0,2001.0,0,0.0,0.0,
jc,a,c,21526.0,7.0,2010.0,1,0.0,0.0,
jd,d,c,0.0,7.0,2012.0,1,10.0,2015.0,"Feb,May,Aug,Nov"
je,a,c,3734.0,0.0,0.0,1,13.0,2014.0,"Jan,Apr,Jul,Oct"
jf,a,a,10411.0,9.0,2008.0,0,0.0,0.0,
jg,c,c,1988.0,12.0,2010.0,1,22.0,2013.0,"Jan,Apr,Jul,Oct"
jh,a,c,0.0,9.0,2009.0,1,0.0,2013.0,"Jan,Apr,Jul,Oct"
ji,a,c,14418.0,4.0,2014.0,1,9.0,2015.0,"Mar,Jun,Sept,Dec"
jj,a,a,0.0,0.0,2012.0,1,31.0,2011.0,
jk,a,a,13607.0,0.0,0.0,0,0.0,0.0,
jl,d,c,6912.0,12.0,2012.0,1,10.0,2013.0,"Jan,Apr,Jul,Oct"
jm,d,c,12019.0,0.0,2014.0,0,0.0,0.0,
jn,d,a,7469.0,6.0,2011.0,1,31.0,2014.0,"Jan,Apr,Jul,Oct"
jo,d,c,2431.0,12.0,2008.0,1,13.0,2014.0,"Jan,Apr,Jul,Oct"
jp,d,a,0.0,9.0,2013.0,1,10.0,2014.0,"Jan,Apr,Jul,Oct"
jq,a,a,0.0,2.0,2006.0,1,40.0,2011.0,"Jan,Apr,Jul,Oct"
jr,a,b,15161.0,3.0,0.0,1,1.0,2014.0,"Jan,Apr,Jul,Oct"
js,a,a,945.0,8.0,1998.0,0,0.0,0.0,
jt,a,a,0.0,2.0,2007.0,1,37.0,2009.0,"Jan,Apr,Jul,Oct"
ju,c,a,6467.0,11.0,2014.0,1,40.0,2012.0,"Feb,May,Aug,Nov"
jv,a,c,14767.0,9.0,2015.0,0,14.0,0.0,
jw,a,a,600.0,9.0,2012.0,1,31.0,2014.0,"Jan,Apr,Jul,Oct"
jx,d,c,0.0,12.0,2005.0,0,0.0,0.0,
jy,d,a,3137.0,5.0,2006.0,1,28.0,2010.0,"Mar,Jun,Sept,Dec"
jz,d,c,0.0,6.0,2011.0,1,31.0,0.0,"Jan,Apr,Jul,Oct"
jA,a,c,9842.0,10.0,0.0,1,36.0,2015.0,"Feb,May,Aug,Nov"
jB,d,a,19085.0,0.0,0.0,1,1.0,2014.0,"Mar,Jun,Sept,Dec"
jC,a,c,20647.0,4.0,0.0,1,0.0,2011.0,
jD,d,c,8414.0,11.0,2013.0,1,40.0,0.0,"Jan,Apr,Jul,Oct"
jE,d,a,6438.0,0.0,2008.0,0,0.0,0.0,
jF,c,c,13269.0,0.0,0.0,0,0.0,0.0,
jG,a,a,607.0,0.0,2010.0,0,0.0,0.0,
jH,a,a,0.0,11.0,2002.0,0,0.0,0.0,
jI,d,c,0.0,4.0,2010.0,1,14.0,2013.0,
jJ,a,b,9734.0,12.0,2010.0,0,0.0,0.0,
jK,a,c,5076.0,10.0,2005.0,0,10.0,0.0,"Jan,Apr,Jul,Oct"
jL,d,a,2902.0,4.0,2011.0,0,0.0,0.0,
jM,a,a,6096.0,9.0,2012.0,0,0.0,0.0,
jN,d,a,0.0,3.0,2011.0,1,0.0,2011.0,"Jan,Apr,Jul,Oct"
jO,a,a,0.0,10.0,0.0,1,0.0,2011.0,
jP,a,c,18663.0,5.0,2009.0,0,0.0,0.0,"Jan,Apr,Jul,Oct"
jQ,a,a,0.0,9.0,2009.0,0,0.0,0.0,
jR,d,a,0.0,9.0,2014.0,0,0.0,0.0,
jS,d,c,13448.0,0.0,0.0,0,0.0,2011.0,"Jan,Apr,Jul,Oct"
jT,a,a,8618.0,1.0,1998.0,1,40.0,0.0,"Jan,Apr,Jul,Oct"
jU,a,c,10539.0,4.0,2005.0,0,0.0,0.0,
jV,d,a,3563.0,4.0,2010.0,1,31.0,2013.0,"Jan,Apr,Jul,Oct"
jW,a,c,0.0,0.0,2005.0,1,10.0,2012.0,"Jan,Apr,Jul,Oct"
jX,a,a,10603.0,7.0,2015.0,1,0.0,0.0,
jY,a,a,4210.0,11.0,2006.0,1,31.0,2011.0,"Jan,Apr,Jul,Oct"
jZ,a,c,0.0,0.0,2013.0,1,5.0,2014.0,"Jan,Apr,Jul,Oct"
ka,a,a,770.0,0.0,0.0,0,0.0,0.0,
kb,c,a,20597.0,3.0,2011.0,0,0.0,0.0,"Jan,Apr,Jul,Oct"
kc,a,a,10670.0,7.0,2012.0,0,0.0,0.0,"Jan,Apr,Jul,Oct"
kd,a,c,0.0,4.0,2011.0,1,31.0,0.0,"Jan,Apr,Jul,Oct"
ke,b,b,11322.0,7.0,2006.0,0,0.0,0.0,
kf,a,a,4854.0,11.0,0.0,1,0.0,0.0,
kg,c,c,11688.0,4.0,1999.0,1,0.0,2014.0,
kh,a,a,5757.0,7.0,2013.0,0,0.0,2011.0,
ki,a,a,12260.0,9.0,2012.0,1,40.0,2013.0,"Jan,Apr,Jul,Oct"
kj,a,a,8391.0,1.0,2006.0,0,0.0,0.0,
kk,d,c,15503.0,9.0,2012.0,0,0.0,0.0,
kl,d,a,0.0,3.0,0.0,0,0.0,0.0,
km,d,a,7381.0,5.0,2002.0,1,14.0,2011.0,
kn,a,a,24315.0,11.0,2014.0,1,10.0,2012.0,"Jan,Apr,Jul,Oct"
ko,a,a,4822.0,4.0,2014.0,1,1.0,2013.0,"Jan,Apr,Jul,Oct"
kp,a,a,10912.0,6.0,2007.0,1,37.0,2012.0,"Jan,Apr,Jul,Oct"
kq,d,b,12387.0,0.0,0.0,1,0.0,0.0,"Jan,Apr,Jul,Oct"
kr,c,c,3677.0,11.0,2010.0,0,0.0,0.0,
ks,d,a,0.0,9.0,2010.0,1,1.0,2013.0,"Jan,Apr,Jul,Oct"
kt,a,c,15936.0,8.0,2000.0,0,0.0,0.0,
ku,d,c,0.0,10.0,2014.0,1,5.0,2009.0,"Jan,Apr,Jul,Oct"
kv,a,a,7796.0,0.0,0.0,1,37.0,2012.0,"Jan,Apr,Jul,Oct"
kw,a,c,12645.0,0.0,0.0,1,0.0,0.0,
kx,d,a,6896.0,9.0,2013.0,1,14.0,2013.0,"Jan,Apr,Jul,Oct"
ky,a,b,5094.0,0.0,2013.0,1,18.0,2009.0,"Mar,Jun,Sept,Dec"
kz,a,c,8140.0,3.0,2010.0,0,0.0,0.0,
kA,a,a,13223.0,0.0,2013.0,1,27.0,2009.0,"Mar,Jun,Sept,Dec"
kB,d,a,0.0,7.0,2005.0,1,1.0,2014.0,"Jan,Apr,Jul,Oct"
kC,a,c,1955.0,4.0,2013.0,1,5.0,2013.0,"Jan,Apr,Jul,Oct"
kD,a,a,0.0,4.0,2008.0,1,37.0,2014.0,"Jan,Apr,Jul,Oct"
kE,a,c,0.0,0.0,0.0,1,40.0,2013.0,"Jan,Apr,Jul,Oct"
kF,d,c,0.0,7.0,2008.0,1,14.0,0.0,
kG,a,a,12794.0,9.0,0.0,1,40.0,2013.0,"Jan,Apr,Jul,Oct"
kH,a,a,19216.0,0.0,2014.0,0,0.0,2011.0,
kI,d,c,6884.0,9.0,2005.0,1,0.0,0.0,
kJ,d,a,0.0,0.0,2014.0,1,45.0,2014.0,"Feb,May,Aug,Nov"
kK,a,c,13536.0,0.0,0.0,0,14.0,0.0,
kL,a,a,0.0,0.0,0.0,0,0.0,0.0,
kM,d,c,546.0,9.0,2012.0,1,28.0,2009.0,"Mar,Jun,Sept,Dec"
kN,a,c,0.0,0.0,0.0,1,45.0,2014.0,"Feb,May,Aug,Nov"
kO,a,a,18999.0,5.0,2011.0,0,0.0,0.0,
kP,a,c,8143.0,12.0,2010.0,0,0.0,0.0,
kQ,a,c,15487.0,0.0,0.0,1,37.0,2011.0,"Jan,Apr,Jul,Oct"
kR,d,a,23742.0,7.0,2015.0,1,36.0,2015.0,"Mar,Jun,Sept,Dec"
kS,d,a,10569.0,7.0,2006.0,1,37.0,2014.0,"Jan,Apr,Jul,Oct"
kT,a,a,2138.0,12.0,2014.0,0,0.0,0.0,
kU,a,c,10101.0,10.0,2011.0,1,10.0,2013.0,"Jan,Apr,Jul,Oct"
kV,d,c,0.0,9.0,0.0,1,18.0,2012.0,"Jan,Apr,Jul,Oct"
kW,a,a,11136.0,3.0,2005.0,1,28.0,2015.0,"Mar,Jun,Sept,Dec"
kX,c,c,12521.0,0.0,0.0,1,0.0,0.0,
kY,d,a,0.0,4.0,2007.0,0,0.0,0.0,
kZ,a,a,0.0,9.0,2005.0,0,0.0,0.0,"Jan,Apr,Jul,Oct"
la,d,a,448.0,11.0,0.0,1,0.0,0.0,
lb,d,c,16649.0,1.0,2009.0,0,0.0,0.0,
lc,a,c,1484.0,0.0,0.0,1,14.0,2011.0,"Jan,Apr,Jul,Oct"
ld,d,a,12241.0,0.0,2005.0,0,0.0,0.0,
le,a,c,3984.0,3.0,2012.0,0,0.0,0.0,
lf,a,c,8007.0,6.0,2011.0,0,0.0,0.0,
lg,a,c,8637.0,10.0,2011.0,0,0.0,0.0,
lh,a,c,6880.0,4.0,2015.0,1,0.0,2011.0,"Jan,Apr,Jul,Oct"
li,c,c,8108.0,9.0,0.0,0,0.0,0.0,"Jan,Apr,Jul,Oct"
lj,a,a,0.0,10.0,2004.0,1,0.0,2011.0,
lk,a,a,0.0,0.0,0.0,1,27.0,2015.0,"Mar,Jun,Sept,Dec"
ll,a,a,0.0,3.0,2012.0,0,0.0,0.0,
lm,a,c,0.0,0.0,0.0,1,40.0,2014.0,"Jan,Apr,Jul,Oct"
ln,d,a,3785.0,4.0,2008.0,1,13.0,2009.0,"Feb,May,Aug,Nov"
lo,d,c,6113.0,0.0,2013.0,1,0.0,0.0,"Jan,Apr,Jul,Oct"
lp,d,a,0.0,9.0,0.0,1,45.0,2014.0,"Feb,May,Aug,Nov"
lq,d,a,20542.0,4.0,2012.0,1,40.0,2011.0,"Jan,Apr,Jul,Oct"
lr,a,a,8.0,0.0,0.0,0,0.0,0.0,
ls,a,a,14311.0,0.0,0.0,1,0.0,2011.0,
lt,a,c,9375.0,3.0,0.0,0,0.0,0.0,
lu,b,c,14767.0,0.0,0.0,1,14.0,2011.0,
lv,a,c,16356.0,0.0,0.0,0,0.0,0.0,
lw,a,a,0.0,11.0,2002.0,1,10.0,0.0,"Jan,Apr,Jul,Oct"
lx,a,a,0.0,3.0,2012.0,0,0.0,0.0,"Jan,Apr,Jul,Oct"
ly,a,c,10241.0,0.0,0.0,0,0.0,0.0,
lz,d,c,293.0,0.0,0.0,1,40.0,2014.0,"Jan,Apr,Jul,Oct"
lA,a,c,26327.0,12.0,2001.0,1,31.0,2011.0,"Jan,Apr,Jul,Oct"
lB,a,c,0.0,11.0,2005.0,1,40.0,0.0,"Jan,Apr,Jul,Oct"
lC,a,a,4026.0,4.0,2008.0,1,1.0,2012.0,"Jan,Apr,Jul,Oct"
lD,a,a,914.0,0.0,0.0,1,40.0,0.0,"Jan,Apr,Jul,Oct"
lE,a,c,11346.0,4.0,0.0,0,14.0,2014.0,"Jan,Apr,Jul,Oct"
lF,a,a,4665.0,0.0,0.0,1,40.0,2011.0,"Jan,Apr,Jul,Oct"
lG,d,c,5294.0,0.0,2015.0,0,0.0,0.0,
lH,d,a,8909.0,8.0,2012.0,1,10.0,2012.0,"Feb,May,Aug,Nov"
lI,d,c,9330.0,4.0,0.0,0,0.0,0.0,
lJ,a,a,7764.0,3.0,0.0,0,0.0,0.0,
lK,a,a,0.0,11.0,2011.0,0,0.0,0.0,
lL,d,c,8037.0,4.0,2007.0,0,0.0,0.0,
lM,a,a,5120.0,0.0,2013.0,0,0.0,0.0,
lN,a,c,0.0,0.0,2014.0,0,0.0,0.0,
lO,d,c,0.0,0.0,0.0,0,0.0,0.0,"Jan,Apr,Jul,Oct"
lP,a,c,9652.0,9.0,0.0,0,0.0,0.0,
lQ,a,c,0.0,7.0,2012.0,1,28.0,2015.0,"Mar,Jun,Sept,Dec"
lR,a,a,8640.0,0.0,2013.0,1,1.0,2009.0,"Jan,Apr,Jul,Oct"
lS,c,a,9534.0,11.0,2008.0,0,0.0,0.0,"Jan,Apr,Jul,Oct"
lT,a,c,19538.0,12.0,2014.0,0,0.0,0.0,
lU,a,c,166.0,5.0,2006.0,1,40.0,2012.0,"Jan,Apr,Jul,Oct"
lV,a,a,7923.0,12.0,1998.0,1,14.0,0.0,"Jan,Apr,Jul,Oct"
lW,c,c,0.0,9.0,2013.0,0,0.0,0.0,
lX,a,c,8060.0,0.0,2005.0,1,37.0,2013.0,"Mar,Jun,Sept,Dec"
lY,a,a,18465.0,12.0,2011.0,0,0.0,0.0,
lZ,a,c,11750.0,0.0,0.0,1,40.0,2014.0,"Feb,May,Aug,Nov"
ma,d,a,0.0,1.0,2009.0,0,0.0,0.0,
mb,a,a,14795.0,7.0,2005.0,1,10.0,2014.0,"Jan,Apr,Jul,Oct"
mc,a,a,2784.0,0.0,2012.0,0,0.0,0.0,
md,c,a,0.0,4.0,2012.0,0,0.0,0.0,"Jan,Apr,Jul,Oct"
me,a,a,1067.0,4.0,0.0,1,1.0,2011.0,"Feb,May,Aug,Nov"
mf,a,a,15747.0,1.0,2011.0,1,31.0,2013.0,"Jan,Apr,Jul,Oct"
mg,a,a,14144.0,1.0,1998.0,0,0.0,0.0,
mh,c,a,9269.0,3.0,2014.0,1,10.0,2014.0,"Jan,Apr,Jul,Oct"
mi,a,a,6557.0,0.0,0.0,0,0.0,0.0,
mj,a,c,0.0,0.0,0.0,0,0.0,0.0,
mk,a,a,4182.0,6.0,2006.0,1,40.0,2013.0,"Jan,Apr,Jul,Oct"
ml,a,a,8750.0,4.0,2012.0,0,0.0,0.0,
mm,a,a,0.0,0.0,0.0,1,28.0,2009.0,"Mar,Jun,Sept,Dec"
mn,d,c,0.0,3.0,2007.0,0,0.0,0.0,
mo,a,c,2630.0,10.0,2011.0,1,10.0,2009.0,"Jan,Apr,Jul,Oct"
mp,a,c,8814.0,3.0,2010.0,1,0.0,0.0,
mq,a,a,13138.0,4.0,0.0,1,40.0,2011.0,
mr,a,c,10760.0,1.0,2006.0,0,14.0,0.0,
ms,d,c,7096.0,0.0,2012.0,1,28.0,2015.0,"Mar,Jun,Sept,Dec"
mt,a,c,4187.0,3.0,2005.0,0,40.0,2013.0,
mu,c,c,0.0,4.0,2005.0,0,0.0,0.0,
mv,a,c,6694.0,9.0,2009.0,1,1.0,2014.0,"Jan,Apr,Jul,Oct"
mw,d,c,10946.0,4.0,2014.0,1,0.0,2011.0,
mx,c,a,7859.0,11.0,2012.0,0,0.0,0.0,
my,a,b,11438.0,3.0,2009.0,1,40.0,2011.0,"Jan,Apr,Jul,Oct"
mz,a,a,11370.0,12.0,2014.0,0,0.0,2011.0,
mA,a,a,20132.0,11.0,2007.0,0,0.0,0.0,
mB,d,a,11085.0,3.0,2005.0,0,0.0,0.0,
mC,a,a,8449.0,0.0,2012.0,1,14.0,2013.0,"Jan,Apr,Jul,Oct"
mD,a,c,25497.0,10.0,2008.0,0,0.0,0.0,
mE,a,a,14893.0,0.0,0.0,0,14.0,0.0,"Jan,Apr,Jul,Oct"
mF,a,c,0.0,4.0,0.0,1,13.0,2012.0,"Jan,Apr,Jul,Oct"
mG,b,a,6466.0,0.0,0.0,1,40.0,0.0,
mH,d,c,13694.0,7.0,0.0,1,5.0,2009.0,"Feb,May,Aug,Nov"
mI,d,b,8580.0,4.0,0.0,1,45.0,2013.0,"Jan,Apr,Jul,Oct"
mJ,a,c,11497.0,0.0,0.0,1,36.0,2012.0,"Jan,Apr,Jul,Oct"
mK,d,a,0.0,4.0,0.0,0,0.0,0.0,
mL,a,a,7084.0,3.0,0.0,1,14.0,2011.0,
mM,d,b,0.0,0.0,2010.0,1,40.0,2011.0,"Jan,Apr,Jul,Oct"
mN,a,c,0.0,9.0,2014.0,0,14.0,2011.0,
mO,a,c,15320.0,4.0,2008.0,0,31.0,0.0,
mP,a,b,15895.0,11.0,2014.0,1,0.0,2011.0,"Jan,Apr,Jul,Oct"
mQ,a,a,4782.0,7.0,2006.0,0,0.0,0.0,
mR,b,c,0.0,0.0,2013.0,1,13.0,2009.0,"Jan,Apr,Jul,Oct"
mS,a,c,7346.0,7.0,2014.0,0,0.0,0.0,
mT,a,a,0.0,4.0,2008.0,1,10.0,2011.0,"Feb,May,Aug,Nov"
mU,a,b,7038.0,12.0,2005.0,0,0.0,0.0,
mV,a,a,6339.0,0.0,0.0,0,0.0,0.0,
mW,a,a,0.0,0.0,2012.0,1,14.0,2011.0,"Feb,May,Aug,Nov"
mX,a,a,0.0,12.0,2009.0,0,0.0,0.0,"Jan,Apr,Jul,Oct"
mY,a,a,3359.0,4.0,2005.0,0,0.0,0.0,
mZ,d,a,0.0,11.0,2002.0,0,0.0,0.0,
na,a,a,412.0,9.0,2012.0,0,0.0,0.0,
nb,c,c,7199.0,7.0,2008.0,1,5.0,0.0,"Jan,Apr,Jul,Oct"
nc,a,a,0.0,6.0,2009.0,0,0.0,0.0,
nd,a,c,6963.0,9.0,2012.0,1,5.0,2014.0,"Jan,Apr,Jul,Oct"
ne,d,a,10849.0,0.0,2005.0,0,0.0,0.0,
nf,a,a,2746.0,7.0,2011.0,0,0.0,0.0,
ng,a,c,4463.0,0.0,0.0,0,13.0,2011.0,"Feb,May,Aug,Nov"
nh,d,a,4611.0,9.0,2014.0,1,10.0,2012.0,"Feb,May,Aug,Nov"
ni,a,c,16751.0,4.0,0.0,0,0.0,0.0,
nj,a,c,4999.0,6.0,2006.0,0,0.0,0.0,
nk,a,a,0.0,3.0,2013.0,1,13.0,2012.0,"Feb,May,Aug,Nov"
nl,a,c,6684.0,9.0,2014.0,1,40.0,2011.0,"Jan,Apr,Jul,Oct"
nm,d,c,0.0,9.0,2005.0,0,0.0,0.0,
nn,d,b,4314.0,9.0,2012.0,0,0.0,0.0,
no,c,c,9533.0,9.0,2009.0,1,40.0,2013.0,"Jan,Apr,Jul,Oct"
np,a,a,9191.0,0.0,0.0,1,5.0,2013.0,"Feb,May,Aug,Nov"
nq,d,c,426.0,10.0,2005.0,0,0.0,0.0,
nr,a,a,9046.0,5.0,2002.0,1,1.0,2014.0,"Mar,Jun,Sept,Dec"
ns,a,c,22576.0,6.0,2015.0,1,14.0,0.0,"Jan,Apr,Jul,Oct"
nt,a,a,0.0,4.0,0.0,1,14.0,2013.0,
nu,a,c,2629.0,0.0,0.0,0,0.0,0.0,
nv,c,c,7745.0,3.0,2008.0,1,1.0,2011.0,"Jan,Apr,Jul,Oct"
nw,a,a,3474.0,4.0,2008.0,1,5.0,2013.0,"Feb,May,Aug,Nov"
nx,a,c,67.0,4.0,2007.0,1,14.0,2013.0,"Jan,Apr,Jul,Oct"
ny,d,a,0.0,0.0,0.0,0,10.0,0.0,"Jan,Apr,Jul,Oct"
nz,d,a,0.0,0.0,2013.0,1,31.0,2014.0,"Jan,Apr,Jul,Oct"
nA,a,c,8474.0,1.0,2009.0,0,0.0,0.0,
nB,d,a,11606.0,4.0,2008.0,0,0.0,0.0,
nC,a,a,0.0,0.0,2014.0,1,40.0,2012.0,
nD,d,a,0.0,0.0,2013.0,0,0.0,0.0,
nE,a,c,0.0,12.0,2002.0,0,0.0,0.0,
nF,a,c,1761.0,9.0,0.0,1,40.0,2013.0,
nG,d,c,4239.0,4.0,2014.0,0,0.0,0.0,
nH,a,c,7231.0,11.0,2006.0,0,0.0,0.0,
nI,d,c,2793.0,7.0,2010.0,1,40.0,2014.0,
nJ,a,a,11738.0,10.0,2011.0,0,0.0,0.0,
nK,d,c,14839.0,0.0,2013.0,1,22.0,2013.0,"Jan,Apr,Jul,Oct"
nL,a,a,9476.0,0.0,2013.0,1,14.0,2011.0,"Jan,Apr,Jul,Oct"
nM,d,a,0.0,4.0,2010.0,1,40.0,2014.0,"Jan,Apr,Jul,Oct"
nN,c,c,8623.0,4.0,2013.0,1,1.0,2011.0,"Jan,Apr,Jul,Oct"
nO,d,c,14276.0,8.0,1998.0,1,0.0,2014.0,
nP,a,a,20408.0,0.0,2009.0,0,0.0,0.0,
nQ,a,a,6832.0,1.0,2005.0,1,0.0,2011.0,"Jan,Apr,Jul,Oct"
nR,a,c,0.0,0.0,0.0,0,0.0,0.0,
nS,a,c,20472.0,0.0,0.0,1,40.0,0.0,
nT,a,a,12785.0,9.0,0.0,0,0.0,0.0,
nU,b,c,6306.0,2.0,2009.0,1,0.0,0.0,
nV,d,c,0.0,3.0,0.0,1,40.0,2011.0,"Jan,Apr,Jul,Oct"
nW,a,a,7410.0,7.0,2013.0,0,0.0,0.0,
nX,d,a,9854.0,6.0,2005.0,1,0.0,2014.0,"Jan,Apr,Jul,Oct"
nY,b,a,0.0,0.0,0.0,1,10.0,2013.0,"Jan,Apr,Jul,Oct"
nZ,a,c,4296.0,11.0,2003.0,1,1.0,2014.0,"Feb,May,Aug,Nov"
oa,a,a,0.0,12.0,2004.0,1,5.0,2013.0,"Jan,Apr,Jul,Oct"
ob,d,a,7611.0,11.0,2010.0,1,5.0,2013.0,"Jan,Apr,Jul,Oct"
oc,a,a,0.0,0.0,0.0,0,14.0,0.0,"Jan,Apr,Jul,Oct"
od,a,a,10562.0,9.0,2012.0,0,0.0,0.0,
oe,d,a,0.0,9.0,0.0,1,10.0,2011.0,"Jan,Apr,Jul,Oct"
of,d,a,7069.0,0.0,0.0,0,0.0,0.0,
og,a,a,0.0,3.0,2012.0,0,0.0,0.0,
oh,a,a,2090.0,9.0,0.0,1,0.0,2013.0,
oi,a,a,8207.0,6.0,2002.0,1,18.0,2010.0,"Mar,Jun,Sept,Dec"
oj,a,c,13433.0,5.0,2004.0,1,1.0,2010.0,"Mar,Jun,Sept,Dec"
ok,d,a,3693.0,0.0,0.0,1,0.0,2011.0,"Jan,Apr,Jul,Oct"
ol,a,c,6313.0,0.0,0.0,1,10.0,2014.0,"Feb,May,Aug,Nov"
om,a,c,2042.0,7.0,2014.0,1,37.0,2014.0,"Jan,Apr,Jul,Oct"
on,a,a,2852.0,0.0,0.0,1,40.0,2011.0,"Jan,Apr,Jul,Oct"
oo,a,c,9662.0,3.0,2011.0,1,36.0,2015.0,"Mar,Jun,Sept,Dec"
op,a,c,3223.0,4.0,2011.0,1,40.0,2013.0,"Jan,Apr,Jul,Oct"
oq,a,a,1586.0,4.0,2013.0,1,31.0,2012.0,"Jan,Apr,Jul,Oct"
or,a,a,8016.0,0.0,0.0,1,40.0,2014.0,"Jan,Apr,Jul,Oct"
os,a,a,634.0,12.0,2007.0,1,0.0,2013.0,"Jan,Apr,Jul,Oct"
ot,a,a,0.0,0.0,2005.0,0,0.0,0.0,
ou,a,a,10184.0,12.0,2012.0,1,0.0,2011.0,"Jan,Apr,Jul,Oct"
ov,d,a,3533.0,9.0,0.0,1,14.0,2014.0,"Jan,Apr,Jul,Oct"
ow,d,c,13155.0,0.0,0.0,0,0.0,0.0,
ox,d,c,14104.0,9.0,2013.0,0,0.0,0.0,
oy,c,c,6455.0,0.0,2013.0,0,0.0,0.0,
oz,d,a,1703.0,5.0,1998.0,0,0.0,0.0,
oA,a,c,6278.0,0.0,0.0,0,0.0,0.0,
oB,a,a,14479.0,9.0,2009.0,0,0.0,0.0,
oC,a,c,5791.0,11.0,2012.0,0,0.0,0.0,"Jan,Apr,Jul,Oct"
oD,a,a,0.0,9.0,2005.0,0,14.0,0.0,
oE,a,a,4132.0,9.0,0.0,1,10.0,2011.0,"Jan,Apr,Jul,Oct"
oF,a,a,8356.0,0.0,0.0,0,0.0,2011.0,
oG,b,c,6165.0,12.0,2008.0,0,0.0,0.0,
oH,d,c,12927.0,6.0,2007.0,1,37.0,2014.0,"Feb,May,Aug,Nov"
oI,a,a,7008.0,9.0,2005.0,1,13.0,2015.0,"Jan,Apr,Jul,Oct"
oJ,a,a,1771.0,0.0,2012.0,1,14.0,2011.0,"Jan,Apr,Jul,Oct"
oK,c,a,0.0,3.0,2012.0,0,0.0,0.0,
oL,a,c,13492.0,11.0,2008.0,0,0.0,0.0,
oM,d,c,0.0,0.0,0.0,0,31.0,2013.0,
oN,a,a,3461.0,3.0,2013.0,0,0.0,0.0,
oO,a,c,10063.0,5.0,2008.0,0,0.0,0.0,
oP,d,a,9115.0,2.0,2000.0,0,0.0,0.0,
oQ,d,c,0.0,0.0,0.0,1,18.0,2014.0,"Feb,May,Aug,Nov"
oR,a,a,9871.0,9.0,0.0,0,0.0,0.0,
oS,d,a,10475.0,11.0,2013.0,0,0.0,2011.0,
oT,a,a,0.0,11.0,2012.0,0,0.0,0.0,
oU,b,c,6380.0,0.0,0.0,0,10.0,0.0,"Jan,Apr,Jul,Oct"
oV,a,c,0.0,0.0,0.0,0,31.0,2011.0,"Jan,Apr,Jul,Oct"
oW,d,a,0.0,0.0,2013.0,0,0.0,0.0,
oX,b,c,6154.0,0.0,0.0,1,0.0,2011.0,
oY,c,a,744.0,4.0,2005.0,1,14.0,2011.0,
oZ,d,a,0.0,5.0,2004.0,0,0.0,0.0,"Jan,Apr,Jul,Oct"
pa,a,a,5760.0,8.0,2006.0,0,0.0,0.0,
pb,d,a,8129.0,7.0,2015.0,0,0.0,0.0,
pc,a,c,8251.0,1.0,2011.0,1,40.0,2009.0,"Mar,Jun,Sept,Dec"
pd,a,b,17314.0,0.0,0.0,0,0.0,0.0,
pe,d,a,9245.0,0.0,2013.0,0,0.0,0.0,
pf,a,a,17276.0,9.0,0.0,1,40.0,2013.0,
pg,a,a,6794.0,4.0,2004.0,1,0.0,2013.0,
ph,a,c,0.0,0.0,0.0,1,10.0,2011.0,"Jan,Apr,Jul,Oct"
pi,a,c,6085.0,0.0,0.0,0,0.0,0.0,
pj,a,c,0.0,1.0,2008.0,1,28.0,2015.0,"Mar,Jun,Sept,Dec"
pk,a,b,0.0,4.0,2013.0,0,40.0,2011.0,"Jan,Apr,Jul,Oct"
pl,d,a,0.0,0.0,0.0,0,0.0,0.0,
pm,a,c,9167.0,0.0,0.0,0,0.0,0.0,
pn,a,a,0.0,0.0,0.0,0,0.0,0.0,
po,d,c,5093.0,0.0,0.0,0,14.0,0.0,
pp,d,c,9093.0,12.0,0.0,0,40.0,0.0,
pq,d,a,9174.0,9.0,2013.0,1,0.0,2011.0,
pr,a,c,0.0,2.0,2010.0,0,0.0,0.0,
ps,d,a,8288.0,4.0,2013.0,0,0.0,0.0,
pt,a,a,7775.0,10.0,2011.0,1,10.0,2015.0,"Feb,May,Aug,Nov"
pu,a,a,16888.0,3.0,2011.0,0,0.0,0.0,
pv,a,a,12267.0,6.0,2008.0,1,40.0,2013.0,"Feb,May,Aug,Nov"
pw,a,c,0.0,0.0,0.0,0,40.0,0.0,
px,d,c,0.0,0.0,0.0,1,0.0,2013.0,"Jan,Apr,Jul,Oct"
py,a,a,15074.0,0.0,0.0,1,14.0,2014.0,"Jan,Apr,Jul,Oct"
pz,a,c,6490.0,11.0,2009.0,0,0.0,0.0,
pA,a,a,0.0,0.0,2012.0,0,31.0,2013.0,"Jan,Apr,Jul,Oct"
pB,a,a,0.0,10.0,1998.0,1,14.0,2011.0,"Jan,Apr,Jul,Oct"
pC,a,a,734.0,7.0,2007.0,0,0.0,0.0,
pD,a,c,0.0,9.0,0.0,1,40.0,2011.0,"Jan,Apr,Jul,Oct"
pE,a,a,11122.0,0.0,0.0,0,0.0,0.0,
pF,a,a,5272.0,12.0,2014.0,1,5.0,2011.0,"Jan,Apr,Jul,Oct"
pG,a,a,10693.0,11.0,2011.0,1,13.0,2013.0,"Feb,May,Aug,Nov"
pH,d,c,20474.0,0.0,0.0,0,0.0,0.0,
pI,d,c,0.0,4.0,2013.0,0,0.0,0.0,
pJ,d,a,0.0,0.0,2012.0,0,14.0,2013.0,"Jan,Apr,Jul,Oct"
pK,d,c,0.0,4.0,0.0,1,45.0,2010.0,"Mar,Jun,Sept,Dec"
pL,d,c,0.0,0.0,0.0,1,28.0,2015.0,"Feb,May,Aug,Nov"
pM,a,c,6587.0,11.0,2014.0,1,14.0,2011.0,"Jan,Apr,Jul,Oct"
pN,a,a,9938.0,11.0,2010.0,0,14.0,0.0,
pO,a,a,8607.0,1.0,1998.0,0,0.0,0.0,
pP,a,a,12043.0,1.0,1998.0,0,0.0,0.0,
pQ,d,a,801.0,0.0,0.0,0,0.0,0.0,
pR,a,a,0.0,4.0,0.0,1,0.0,0.0,"Jan,Apr,Jul,Oct"
pS,a,a,0.0,12.0,2007.0,1,14.0,2013.0,
pT,a,c,6562.0,4.0,2004.0,1,40.0,2012.0,"Jan,Apr,Jul,Oct"
pU,d,c,0.0,3.0,2005.0,0,0.0,0.0,
pV,d,c,0.0,4.0,0.0,1,10.0,2011.0,"Jan,Apr,Jul,Oct"
pW,d,c,6583.0,9.0,2005.0,1,14.0,0.0,"Jan,Apr,Jul,Oct"
pX,a,a,0.0,2.0,2002.0,0,0.0,0.0,
pY,a,a,8439.0,11.0,2009.0,0,0.0,0.0,
pZ,a,a,13117.0,3.0,2008.0,1,28.0,2009.0,"Mar,Jun,Sept,Dec"
qa,a,a,6790.0,4.0,2008.0,0,0.0,0.0,
qb,a,a,4670.0,4.0,2014.0,1,10.0,0.0,"Jan,Apr,Jul,Oct"
qc,a,a,7757.0,12.0,1998.0,0,0.0,0.0,
qd,d,a,8577.0,11.0,2005.0,0,0.0,0.0,
qe,a,a,0.0,9.0,2013.0,0,0.0,0.0,
qf,a,c,10039.0,10.0,2008.0,0,0.0,0.0,
qg,b,a,495.0,6.0,2010.0,1,5.0,2014.0,"Feb,May,Aug,Nov"
qh,d,c,14516.0,0.0,2012.0,1,14.0,0.0,"Jan,Apr,Jul,Oct"
qi,a,a,13840.0,10.0,2015.0,0,40.0,2011.0,"Jan,Apr,Jul,Oct"
qj,a,a,7640.0,0.0,0.0,1,0.0,2011.0,"Jan,Apr,Jul,Oct"
qk,a,a,1748.0,0.0,0.0,0,0.0,0.0,"Jan,Apr,Jul,Oct"
ql,a,c,4395.0,4.0,0.0,0,14.0,0.0,"Jan,Apr,Jul,Oct"
qm,a,a,10126.0,0.0,0.0,0,0.0,2013.0,
qn,d,c,12845.0,3.0,0.0,0,0.0,0.0,
qo,a,a,535.0,12.0,2015.0,1,40.0,2013.0,"Jan,Apr,Jul,Oct"
qp,d,c,11684.0,0.0,0.0,0,40.0,2013.0,"Jan,Apr,Jul,Oct"
qq,a,a,13542.0,0.0,2013.0,1,28.0,2010.0,"Mar,Jun,Sept,Dec"
qr,d,c,18643.0,4.0,2012.0,1,37.0,2014.0,"Jan,Apr,Jul,Oct"
qs,a,a,7214.0,1.0,2000.0,0,40.0,0.0,
qt,a,a,2847.0,10.0,2009.0,1,0.0,2013.0,"Jan,Apr,Jul,Oct"
qu,a,a,6447.0,3.0,0.0,0,0.0,0.0,
qv,b,c,0.0,4.0,2014.0,1,28.0,2015.0,"Mar,Jun,Sept,Dec"
qw,a,c,8681.0,7.0,2012.0,0,0.0,0.0,
qx,a,a,0.0,1.0,2015.0,1,45.0,2010.0,"Mar,Jun,Sept,Dec"
qy,a,c,13678.0,0.0,2013.0,0,0.0,2012.0,
qz,d,c,5273.0,12.0,2008.0,1,28.0,2009.0,"Mar,Jun,Sept,Dec"
qA,d,c,15896.0,2.0,2007.0,0,0.0,0.0,
qB,a,a,0.0,0.0,2013.0,0,0.0,0.0,
qC,a,a,0.0,11.0,2005.0,0,0.0,0.0,
qD,d,c,5893.0,0.0,2012.0,1,14.0,0.0,"Feb,May,Aug,Nov"
qE,d,c,2461.0,10.0,2012.0,1,22.0,2013.0,"Feb,May,Aug,Nov"
qF,d,b,18472.0,11.0,2014.0,1,14.0,2013.0,"Jan,Apr,Jul,Oct"
qG,d,c,11929.0,9.0,0.0,1,40.0,2013.0,"Jan,Apr,Jul,Oct"
qH,a,a,21811.0,4.0,2013.0,0,0.0,0.0,"Jan,Apr,Jul,Oct"
qI,a,a,11036.0,4.0,2013.0,1,10.0,2014.0,"Jan,Apr,Jul,Oct"
qJ,a,c,10186.0,0.0,2013.0,0,0.0,0.0,
qK,d,c,18074.0,0.0,0.0,0,0.0,0.0,
qL,a,c,0.0,4.0,2010.0,1,22.0,2015.0,"Feb,May,Aug,Nov"
qM,b,a,11156.0,7.0,2011.0,1,10.0,2013.0,"Jan,Apr,Jul,Oct"
qN,a,a,12696.0,11.0,2005.0,0,0.0,0.0,"Jan,Apr,Jul,Oct"
qO,a,a,21489.0,4.0,0.0,0,0.0,0.0,
qP,a,c,1131.0,12.0,2012.0,0,0.0,0.0,
qQ,a,c,5267.0,9.0,2014.0,1,0.0,2011.0,"Jan,Apr,Jul,Oct"
qR,a,a,14683.0,11.0,0.0,0,0.0,2011.0,
qS,d,c,8475.0,0.0,0.0,1,31.0,2014.0,"Jan,Apr,Jul,Oct"
qT,a,a,0.0,7.0,2010.0,1,22.0,2009.0,"Feb,May,Aug,Nov"
qU,d,b,964.0,11.0,2008.0,1,0.0,2013.0,
qV,c,a,9632.0,12.0,2012.0,1,36.0,2015.0,"Feb,May,Aug,Nov"
qW,d,c,9328.0,7.0,2010.0,0,0.0,0.0,
qX,a,c,6613.0,4.0,2010.0,1,0.0,2011.0,
qY,a,a,8534.0,9.0,2013.0,0,0.0,0.0,
qZ,b,a,7239.0,9.0,2005.0,1,22.0,2012.0,"Feb,May,Aug,Nov"
ra,a,a,6529.0,4.0,2007.0,0,0.0,0.0,
rb,d,a,11947.0,9.0,0.0,0,40.0,2013.0,
rc,d,a,1532.0,4.0,2013.0,1,14.0,0.0,"Jan,Apr,Jul,Oct"
rd,d,a,0.0,0.0,0.0,0,0.0,0.0,"Jan,Apr,Jul,Oct"
re,d,c,0.0,4.0,2012.0,1,37.0,2014.0,"Jan,Apr,Jul,Oct"
rf,a,a,0.0,3.0,2014.0,0,0.0,0.0,
rg,a,a,14168.0,7.0,2006.0,1,40.0,2014.0,"Jan,Apr,Jul,Oct"
rh,a,a,10520.0,7.0,2007.0,1,31.0,2014.0,"Jan,Apr,Jul,Oct"
ri,d,c,0.0,3.0,2014.0,1,0.0,0.0,
rj,a,a,0.0,3.0,2007.0,1,1.0,2014.0,"Jan,Apr,Jul,Oct"
rk,d,a,8067.0,0.0,2013.0,1,5.0,2012.0,"Jan,Apr,Jul,Oct"
rl,d,a,0.0,9.0,2012.0,1,0.0,2011.0,"Jan,Apr,Jul,Oct"
rm,a,a,11888.0,7.0,0.0,1,0.0,0.0,
rn,a,a,14059.0,3.0,1998.0,0,0.0,0.0,
ro,d,a,17310.0,1.0,2001.0,0,0.0,0.0,
rp,a,a,11576.0,9.0,0.0,1,10.0,2011.0,"Jan,Apr,Jul,Oct"
rq,a,a,0.0,10.0,2009.0,1,40.0,2012.0,"Jan,Apr,Jul,Oct"
rr,c,c,11531.0,9.0,2009.0,1,5.0,2013.0,"Jan,Apr,Jul,Oct"
rs,a,c,3315.0,11.0,0.0,1,40.0,0.0,"Jan,Apr,Jul,Oct"
rt,a,c,6512.0,9.0,2005.0,0,31.0,0.0,
ru,a,c,0.0,0.0,0.0,0,14.0,0.0,
rv,d,a,16840.0,0.0,2013.0,1,1.0,2013.0,"Jan,Apr,Jul,Oct"
rw,b,a,6952.0,3.0,2005.0,1,28.0,2015.0,"Mar,Jun,Sept,Dec"
rx,d,c,8705.0,9.0,0.0,0,40.0,0.0,
ry,d,c,11080.0,0.0,0.0,0,0.0,0.0,
rz,a,c,8421.0,1.0,2001.0,0,0.0,0.0,
rA,a,c,9829.0,12.0,2010.0,0,0.0,0.0,
rB,a,c,2563.0,12.0,2006.0,0,0.0,2011.0,
rC,a,a,2398.0,7.0,2009.0,1,45.0,2013.0,"Feb,May,Aug,Nov"
rD,b,a,4085.0,9.0,2012.0,0,0.0,0.0,
rE,a,a,0.0,7.0,2014.0,0,0.0,0.0,
rF,a,c,7014.0,11.0,2008.0,0,0.0,0.0,
rG,a,a,0.0,3.0,2013.0,1,14.0,2014.0,"Jan,Apr,Jul,Oct"
rH,d,a,6091.0,2.0,2005.0,1,40.0,0.0,"Jan,Apr,Jul,Oct"
rI,a,a,3432.0,9.0,2005.0,1,1.0,2012.0,"Jan,Apr,Jul,Oct"
rJ,c,c,0.0,11.0,1998.0,0,0.0,0.0,
rK,a,a,0.0,7.0,2015.0,0,0.0,0.0,"Jan,Apr,Jul,Oct"
rL,a,c,3815.0,3.0,2007.0,0,0.0,0.0,
rM,d,c,12232.0,9.0,0.0,0,0.0,0.0,
rN,d,c,2299.0,9.0,2009.0,1,28.0,2009.0,"Mar,Jun,Sept,Dec"
rO,a,c,2382.0,6.0,2009.0,1,14.0,2014.0,"Jan,Apr,Jul,Oct"
rP,d,a,0.0,0.0,0.0,1,14.0,0.0,"Jan,Apr,Jul,Oct"
rQ,a,c,12928.0,9.0,2008.0,1,5.0,2014.0,"Jan,Apr,Jul,Oct"
rR,d,a,0.0,1.0,1998.0,1,10.0,2013.0,"Jan,Apr,Jul,Oct"
rS,d,a,8318.0,1.0,1998.0,0,40.0,0.0,"Jan,Apr,Jul,Oct"
rT,a,a,15201.0,9.0,2005.0,0,0.0,2011.0,
rU,a,a,914.0,12.0,2014.0,0,0.0,0.0,
rV,d,c,22191.0,7.0,0.0,0,0.0,0.0,
rW,a,a,18552.0,12.0,2006.0,0,10.0,0.0,"Jan,Apr,Jul,Oct"
rX,d,a,0.0,10.0,2009.0,1,0.0,0.0,"Jan,Apr,Jul,Oct"
rY,a,c,15733.0,9.0,2009.0,0,0.0,0.0,
rZ,d,c,0.0,11.0,2013.0,1,27.0,2010.0,"Mar,Jun,Sept,Dec"
sa,d,c,0.0,10.0,0.0,0,0.0,0.0,
sb,a,a,16537.0,1.0,1998.0,0,0.0,0.0,
sc,d,a,3631.0,7.0,2012.0,0,40.0,0.0,
sd,d,a,21240.0,0.0,2012.0,1,28.0,2012.0,"Jan,Apr,Jul,Oct"
se,d,a,4461.0,8.0,2005.0,1,5.0,2012.0,
sf,a,b,14018.0,0.0,2013.0,0,0.0,2011.0,
sg,a,a,0.0,10.0,2006.0,0,0.0,2011.0,
sh,d,c,2727.0,11.0,2010.0,1,28.0,2009.0,"Jan,Apr,Jul,Oct"
si,a,c,9436.0,9.0,0.0,1,1.0,2013.0,"Jan,Apr,Jul,Oct"
sj,b,a,1533.0,0.0,2012.0,0,0.0,0.0,
sk,a,a,7384.0,1.0,2006.0,0,0.0,0.0,
sl,a,c,0.0,7.0,2008.0,1,40.0,2014.0,
sm,d,a,17734.0,0.0,0.0,0,0.0,0.0,
sn,a,c,4029.0,0.0,0.0,1,0.0,0.0,
so,a,a,0.0,0.0,2012.0,0,0.0,2013.0,
sp,d,a,5754.0,0.0,0.0,0,0.0,0.0,
sq,d,c,9665.0,11.0,2010.0,1,0.0,0.0,
sr,a,a,10427.0,12.0,2000.0,0,0.0,0.0,
ss,a,a,1373.0,11.0,2014.0,1,22.0,2009.0,"Jan,Apr,Jul,Oct"
st,a,a,8229.0,0.0,0.0,1,13.0,2010.0,"Jan,Apr,Jul,Oct"
su,a,a,24069.0,0.0,0.0,1,37.0,2014.0,"Jan,Apr,Jul,Oct"
sv,d,a,10480.0,0.0,0.0,0,0.0,0.0,
sw,a,c,2167.0,12.0,2012.0,1,40.0,0.0,"Jan,Apr,Jul,Oct"
sx,d,a,8281.0,4.0,2010.0,1,28.0,2015.0,"Mar,Jun,Sept,Dec"
sy,b,a,9757.0,10.0,2006.0,1,0.0,0.0,
sz,d,b,8228.0,0.0,0.0,0,0.0,0.0,
sA,a,c,0.0,3.0,2006.0,0,0.0,2011.0,
sB,b,c,630.0,3.0,2001.0,1,14.0,2013.0,"Jan,Apr,Jul,Oct"
sC,a,a,9936.0,4.0,2014.0,0,14.0,2011.0,"Jan,Apr,Jul,Oct"
sD,a,a,19025.0,11.0,2005.0,0,0.0,0.0,
sE,a,c,6300.0,0.0,0.0,1,0.0,0.0,
sF,d,a,1809.0,0.0,0.0,0,0.0,0.0,
sG,a,c,6717.0,6.0,2005.0,0,0.0,0.0,
sH,a,a,7915.0,5.0,2014.0,0,0.0,0.0,
sI,a,a,7453.0,9.0,2005.0,0,0.0,0.0,"Jan,Apr,Jul,Oct"
sJ,d,a,1144.0,7.0,2010.0,0,0.0,0.0,
sK,a,a,10133.0,10.0,2007.0,0,0.0,2013.0,
sL,a,a,0.0,10.0,2010.0,0,0.0,0.0,
sM,a,c,10986.0,0.0,2012.0,1,37.0,2012.0,"Mar,Jun,Sept,Dec"
sN,a,c,10252.0,4.0,2012.0,0,0.0,0.0,
sO,d,c,0.0,4.0,2005.0,0,0.0,0.0,
sP,a,b,12732.0,0.0,0.0,1,0.0,0.0,
sQ,a,c,16094.0,11.0,2008.0,1,13.0,2014.0,"Feb,May,Aug,Nov"
sR,a,a,0.0,5.0,2004.0,1,13.0,2012.0,"Mar,Jun,Sept,Dec"
sS,d,a,8807.0,0.0,2012.0,1,45.0,2012.0,"Jan,Apr,Jul,Oct"
sT,a,c,12840.0,7.0,1999.0,0,0.0,0.0,
sU,a,a,3949.0,9.0,2010.0,0,0.0,2014.0,
sV,d,a,9749.0,3.0,1998.0,1,14.0,0.0,
sW,a,c,6462.0,9.0,0.0,0,0.0,0.0,
sX,c,c,12180.0,1.0,2007.0,0,0.0,0.0,
sY,d,a,9252.0,0.0,0.0,0,0.0,0.0,
sZ,d,c,0.0,7.0,2008.0,1,14.0,2011.0,"Jan,Apr,Jul,Oct"
ta,a,a,1011.0,6.0,2006.0,0,0.0,0.0,
tb,a,a,258.0,4.0,2009.0,0,0.0,0.0,
tc,a,a,8310.0,0.0,2014.0,1,9.0,2012.0,"Mar,Jun,Sept,Dec"
td,d,a,0.0,0.0,2013.0,1,13.0,2011.0,"Feb,May,Aug,Nov"
te,a,c,6327.0,0.0,0.0,1,40.0,0.0,"Jan,Apr,Jul,Oct"
tf,d,c,8512.0,0.0,2005.0,0,0.0,0.0,
tg,a,c,7988.0,0.0,0.0,1,31.0,0.0,
th,d,a,0.0,4.0,2008.0,1,39.0,2015.0,"Feb,May,Aug,Nov"
ti,a,a,10851.0,9.0,2013.0,1,0.0,2011.0,"Jan,Apr,Jul,Oct"
tj,a,c,0.0,0.0,2012.0,0,0.0,2011.0,
tk,a,c,9419.0,3.0,2007.0,1,0.0,0.0,
tl,a,a,3264.0,4.0,2013.0,0,0.0,0.0,
tm,d,c,2819.0,9.0,0.0,1,5.0,2014.0,
tn,c,c,18714.0,0.0,2011.0,0,0.0,0.0,
to,a,c,0.0,10.0,2011.0,0,0.0,0.0,
tp,d,a,1194.0,0.0,0.0,0,0.0,2011.0,
tq,a,a,10187.0,4.0,2012.0,1,5.0,2011.0,"Jan,Apr,Jul,Oct"
tr,a,c,24428.0,4.0,2008.0,0,0.0,2011.0,
ts,a,c,0.0,11.0,2005.0,0,5.0,2013.0,"Jan,Apr,Jul,Oct"
tt,d,c,5568.0,4.0,2013.0,1,45.0,2009.0,"Feb,May,Aug,Nov"
tu,a,c,1933.0,11.0,0.0,0,40.0,2011.0,
tv,a,c,12417.0,4.0,2013.0,0,0.0,0.0,
tw,a,a,0.0,10.0,1995.0,0,10.0,2013.0,"Jan,Apr,Jul,Oct"
tx,a,a,0.0,12.0,2006.0,1,37.0,2014.0,"Feb,May,Aug,Nov"
ty,d,a,878.0,0.0,2012.0,0,0.0,0.0,
tz,a,c,6753.0,9.0,2012.0,0,10.0,2013.0,"Jan,Apr,Jul,Oct"
tA,a,c,7403.0,0.0,0.0,0,40.0,2011.0,"Jan,Apr,Jul,Oct"
tB,a,a,12634.0,10.0,2011.0,1,37.0,2009.0,"Jan,Apr,Jul,Oct"
tC,d,a,862.0,10.0,2010.0,0,0.0,0.0,
tD,d,b,7813.0,0.0,0.0,1,14.0,0.0,
tE,a,a,12037.0,1.0,2007.0,1,45.0,2014.0,"Feb,May,Aug,Nov"
tF,d,a,11111.0,2.0,2000.0,1,0.0,2011.0,"Jan,Apr,Jul,Oct"
tG,d,a,15888.0,12.0,2008.0,0,0.0,0.0,
tH,b,c,8717.0,0.0,2013.0,1,0.0,2013.0,"Jan,Apr,Jul,Oct"
tI,a,a,8223.0,5.0,2005.0,1,45.0,2009.0,"Feb,May,Aug,Nov"
tJ,a,c,134.0,4.0,2005.0,0,14.0,2013.0,
tK,d,a,19844.0,4.0,2014.0,0,0.0,0.0,
tL,a,c,11882.0,9.0,2014.0,1,14.0,0.0,
tM,a,c,0.0,9.0,2005.0,1,40.0,2014.0,"Jan,Apr,Jul,Oct"
tN,a,a,1024.0,1.0,2005.0,1,0.0,0.0,
tO,a,c,373.0,0.0,2012.0,0,14.0,2013.0,"Jan,Apr,Jul,Oct"
tP,d,a,0.0,5.0,1998.0,0,40.0,0.0,
tQ,a,c,7496.0,6.0,2007.0,1,0.0,0.0,"Jan,Apr,Jul,Oct"
tR,d,c,4447.0,11.0,2013.0,0,0.0,0.0,
tS,c,a,1981.0,9.0,2013.0,0,10.0,2013.0,"Jan,Apr,Jul,Oct"
tT,b,a,9075.0,11.0,2010.0,0,0.0,0.0,
tU,a,c,0.0,4.0,2012.0,1,28.0,2015.0,"Mar,Jun,Sept,Dec"
tV,d,c,7921.0,8.0,2007.0,1,37.0,2014.0,"Feb,May,Aug,Nov"
tW,a,a,4538.0,5.0,2011.0,1,0.0,0.0,
tX,d,c,1822.0,9.0,2012.0,1,37.0,2012.0,"Jan,Apr,Jul,Oct"
tY,a,a,0.0,10.0,2012.0,1,14.0,2011.0,"Jan,Apr,Jul,Oct"
tZ,a,c,217.0,9.0,0.0,0,0.0,2011.0,
ua,a,c,393.0,5.0,2005.0,1,9.0,2015.0,"Mar,Jun,Sept,Dec"
ub,a,c,1663.0,11.0,2014.0,1,28.0,2012.0,"Mar,Jun,Sept,Dec"
uc,a,c,0.0,0.0,0.0,0,10.0,0.0,"Jan,Apr,Jul,Oct"
ud,a,c,1410.0,9.0,0.0,0,14.0,2013.0,"Jan,Apr,Jul,Oct"
ue,a,c,8465.0,0.0,0.0,1,0.0,0.0,
uf,d,c,0.0,12.0,2006.0,1,14.0,2011.0,"Jan,Apr,Jul,Oct"
ug,d,a,7324.0,3.0,0.0,1,37.0,2014.0,"Mar,Jun,Sept,Dec"
uh,d,a,0.0,12.0,2014.0,0,0.0,0.0,
ui,a,c,14984.0,11.0,2010.0,1,5.0,2013.0,"Jan,Apr,Jul,Oct"
uj,a,c,3189.0,5.0,2008.0,1,14.0,2013.0,"Jan,Apr,Jul,Oct"
uk,a,a,16033.0,11.0,2007.0,0,0.0,0.0,
ul,d,c,9094.0,0.0,0.0,0,0.0,0.0,
um,a,a,5072.0,7.0,2013.0,1,0.0,2013.0,
un,d,a,905.0,0.0,0.0,0,0.0,0.0,
uo,a,a,9042.0,4.0,0.0,0,0.0,0.0,
up,a,b,12728.0,6.0,2012.0,1,31.0,2013.0,"Feb,May,Aug,Nov"
uq,d,a,3740.0,4.0,0.0,0,0.0,0.0,
ur,a,a,2929.0,4.0,2007.0,0,0.0,0.0,
us,d,c,11586.0,0.0,0.0,1,0.0,2011.0,
ut,d,c,5220.0,11.0,2009.0,0,0.0,0.0,
uu,a,c,3856.0,0.0,0.0,1,0.0,0.0,"Jan,Apr,Jul,Oct"
uv,a,a,12646.0,7.0,2007.0,0,0.0,0.0,
uw,a,a,6575.0,9.0,0.0,1,14.0,0.0,"Jan,Apr,Jul,Oct"
