atom_id,molecule_id,element,type,charge
a,a,c,22,-0.08
b,a,h,40,-0.314
c,a,h,3,0.518
d,a,c,3,0.099
e,a,o,40,-0.294
f,a,h,3,-0.08
g,a,h,40,0.294
h,a,n,27,-0.119
i,a,h,3,0.304
j,a,h,27,-0.213
k,a,c,22,-0.662
l,a,c,22,0.07
m,a,h,3,-0.185
n,a,c,22,0.528
o,a,c,22,0.014
p,a,o,27,-0.557
q,a,c,3,0.222
r,a,h,40,-0.019
s,a,c,22,0.066
t,a,n,29,0.157
u,a,h,40,-0.591
v,a,h,22,0.122
w,a,c,3,0.705
x,b,h,3,-0.159
y,b,c,22,-0.029
z,b,c,3,0.378
A,b,h,3,0.549
B,b,c,22,-0.242
C,b,c,22,-0.167
D,b,h,3,-0.132
E,b,h,10,-0.393
F,b,c,3,-0.119
G,b,c,22,0.202
H,b,c,22,-0.081
I,b,c,3,-0.167
J,b,c,22,0.307
K,b,c,22,0.081
L,b,h,3,0.116
M,b,o,3,-0.087
N,b,h,3,0.06
O,b,c,22,0.365
P,b,c,27,-0.088
Q,b,c,3,0.168
R,b,h,38,-0.186
S,b,c,3,0.069
T,b,h,40,0.089
U,b,h,3,-0.102
V,b,c,22,0.008
W,b,c,3,0.119
X,b,c,22,-0.158
Y,b,h,3,0.227
Z,b,h,3,0.161
aa,b,h,40,0.084
ab,b,h,22,0.011
ac,b,h,3,0.087
ad,b,n,3,-0.145
ae,c,h,3,0.032
af,c,c,22,0.303
ag,c,o,40,0.316
ah,c,c,22,0.569
ai,c,h,40,0.203
aj,c,c,22,0.062
ak,c,h,22,-0.283
al,c,c,3,0.485
am,c,h,40,0.32
an,c,h,3,-0.28
ao,c,o,22,-0.403
ap,c,c,3,0.052
aq,c,i,40,-0.186
ar,c,c,3,0.095
as,c,c,3,0.208
at,c,c,22,-0.049
au,c,h,3,-0.179
av,c,h,22,0.11
aw,c,c,22,-0.088
ax,c,c,3,0.19
ay,c,i,38,-0.203
az,d,h,22,0.073
aA,d,o,22,0.129
aB,d,c,3,0.112
aC,d,c,3,-0.206
aD,d,c,3,-0.014
aE,d,h,3,0.072
aF,d,h,22,-0.081
aG,d,c,40,-0.235
aH,d,c,40,-0.518
aI,d,c,3,-0.194
aJ,d,h,3,-0.009
aK,d,c,40,-0.246
aL,d,h,22,0.082
aM,d,h,3,0.13
aN,d,c,3,0.194
aO,d,c,3,0.025
aP,d,h,22,0.029
aQ,d,c,3,-0.104
aR,d,h,22,0.019
aS,d,c,3,-0.075
aT,d,c,40,-0.138
aU,d,c,27,-0.257
aV,d,h,22,0.207
aW,d,h,22,0.213
aX,d,c,3,-0.084
aY,d,c,3,-0.085
aZ,d,c,10,-0.013
ba,d,c,40,0.004
bb,d,c,3,0.0
bc,d,c,3,0.147
bd,d,h,3,0.191
be,d,c,40,-0.109
bf,d,o,22,0.385
bg,e,n,3,-0.036
bh,e,c,38,0.102
bi,e,h,3,-0.119
bj,e,c,27,0.396
bk,e,c,194,-0.015
bl,e,h,22,0.203
bm,e,n,3,-0.081
bn,e,c,22,0.114
bo,e,h,22,0.412
bp,e,c,3,-0.042
bq,e,h,40,0.274
br,e,h,3,-0.21
bs,e,c,3,0.124
bt,e,n,22,-0.082
bu,e,h,3,0.634
bv,e,c,28,0.132
bw,e,n,22,0.294
bx,e,c,40,0.162
by,e,h,42,-0.436
bz,e,h,3,-0.061
bA,e,h,38,-0.423
bB,e,c,38,0.111
bC,e,h,22,0.651
bD,e,c,3,-0.462
bE,e,c,3,0.311
bF,e,h,10,0.103
bG,e,c,3,0.051
bH,e,h,40,0.602
bI,e,o,22,0.006
bJ,e,c,3,0.646
bK,e,o,3,-0.137
bL,e,h,40,-0.251
bM,e,h,40,0.242
bN,e,c,40,0.241
bO,e,c,3,0.172
bP,f,i,3,-0.532
bQ,f,o,40,-0.284
bR,f,h,3,0.197
bS,f,n,42,0.058
bT,f,c,3,0.402
bU,f,h,3,-0.169
bV,f,c,22,-0.032
bW,f,h,40,-0.004
bX,f,c,3,0.131
bY,f,h,3,-0.147
bZ,f,h,3,-0.07
ca,f,o,3,0.879
cb,f,c,3,-0.359
cc,f,h,3,-0.781
cd,f,c,3,0.494
ce,f,h,3,0.156
cf,f,h,3,0.971
cg,f,o,38,-0.312
ch,f,c,3,-0.115
ci,g,h,3,0.148
cj,g,c,22,-0.19
ck,g,c,3,0.023
cl,g,c,3,0.552
cm,g,c,3,0.192
cn,g,n,40,0.234
co,g,c,42,0.175
cp,g,c,42,-0.482
cq,g,c,29,-0.327
cr,g,c,38,-0.189
cs,g,c,3,-0.196
ct,g,i,3,-0.149
cu,g,h,40,-0.079
cv,g,h,32,0.032
cw,g,h,38,0.476
cx,g,o,40,-0.778
cy,g,i,22,0.217
cz,g,c,3,-0.087
cA,g,c,22,0.59
cB,g,c,1,-0.028
cC,g,o,22,0.347
cD,g,c,42,-0.274
cE,g,c,38,0.173
cF,h,c,42,0.366
cG,h,c,29,-0.519
cH,h,c,3,0.175
cI,h,c,42,-0.079
cJ,h,c,10,-0.143
cK,h,c,42,0.166
cL,h,c,26,-0.018
cM,h,h,3,-0.179
cN,h,c,42,-0.067
cO,h,h,3,0.432
cP,h,h,3,-0.062
cQ,h,h,40,-0.173
cR,h,c,40,-0.232
cS,h,c,3,-0.009
cT,h,n,3,0.354
cU,h,c,26,0.15
cV,h,c,3,-0.003
cW,h,h,3,-0.673
cX,h,c,40,-0.499
cY,h,o,22,0.289
cZ,h,h,40,-0.228
da,h,h,40,-0.203
db,h,i,22,0.019
dc,i,o,22,0.227
dd,i,c,40,0.223
de,i,o,3,-0.334
df,i,i,22,-0.066
dg,i,c,3,0.362
dh,i,h,38,0.474
di,i,c,1,-0.025
dj,i,h,22,0.032
dk,i,h,40,-0.274
dl,i,o,22,0.478
dm,i,h,3,0.034
dn,i,c,22,0.071
do,i,c,38,-0.193
dp,i,c,10,-0.28
dq,i,c,3,0.067
dr,i,c,3,-0.127
ds,i,c,40,-0.073
dt,i,h,22,0.067
du,i,n,22,-0.177
dv,i,h,3,0.102
dw,i,c,40,0.357
dx,i,c,40,-0.402
dy,i,c,38,0.283
dz,j,c,3,-0.057
dA,j,i,42,0.091
dB,j,h,3,0.388
dC,j,c,22,-0.223
dD,j,c,40,-0.013
dE,j,h,40,-0.625
dF,j,c,3,0.23
dG,j,c,3,0.753
dH,j,h,22,-0.222
dI,j,h,3,-0.067
dJ,j,h,3,0.071
dK,j,h,40,0.255
dL,j,h,3,-0.166
dM,j,i,3,-0.035
dN,j,h,40,0.076
dO,j,h,22,0.316
dP,j,c,3,-0.29
dQ,j,c,22,0.334
dR,j,c,38,-0.021
dS,k,c,3,-0.141
dT,k,h,22,0.24
dU,k,h,22,0.022
dV,k,c,3,0.296
dW,k,h,22,0.284
dX,k,c,40,-0.19
dY,k,c,40,-0.387
dZ,k,h,3,-0.194
ea,k,c,3,-0.117
eb,k,c,40,0.12
ec,k,h,22,-0.065
ed,k,c,27,-0.234
ee,k,h,22,-0.577
ef,k,c,3,0.349
eg,k,h,22,0.25
eh,k,c,40,-0.293
ei,k,c,22,0.036
ej,k,h,3,-0.109
ek,k,c,3,-0.184
el,k,h,22,0.406
em,k,h,3,0.232
en,k,c,22,0.317
eo,k,c,3,0.264
ep,k,h,22,0.255
eq,k,h,3,-0.106
er,k,c,38,-0.273
es,l,c,3,0.252
et,l,o,3,0.101
eu,l,c,3,0.196
ev,l,n,3,0.174
ew,l,c,14,-0.202
ex,l,c,40,-0.498
ey,l,h,3,0.101
ez,l,c,3,-0.629
eA,l,h,42,0.386
eB,l,h,22,0.019
eC,l,h,3,0.73
eD,l,h,22,-0.006
eE,l,c,3,0.057
eF,l,n,3,-0.246
eG,l,h,40,0.053
eH,l,c,22,-0.269
eI,l,c,22,-0.036
eJ,l,c,38,0.112
eK,l,h,3,0.292
eL,l,c,10,-0.225
eM,m,h,3,0.014
eN,m,c,38,0.059
eO,m,c,3,-0.056
eP,m,c,3,-0.014
eQ,m,c,3,0.265
eR,m,c,3,0.023
eS,m,c,40,0.097
eT,m,i,22,0.063
eU,m,h,3,-0.284
eV,m,c,3,0.011
eW,m,h,40,-0.159
eX,m,h,3,-0.117
eY,m,c,42,-0.073
eZ,m,h,3,0.017
fa,m,c,3,-0.245
fb,m,c,3,-0.278
fc,m,c,38,-0.23
fd,m,c,40,0.392
fe,m,c,27,-0.044
ff,m,h,22,0.03
fg,m,h,195,-0.125
fh,m,h,3,-0.105
fi,m,o,22,-0.014
fj,m,h,3,-0.206
fk,m,h,27,0.065
fl,m,c,27,0.026
fm,m,c,3,-0.276
fn,m,h,3,0.119
fo,m,c,22,0.172
fp,m,i,3,-0.143
fq,m,h,3,-0.078
fr,m,c,29,-0.06
fs,m,c,3,0.275
ft,n,h,3,-0.613
fu,n,c,40,-0.03
fv,n,h,22,0.502
fw,n,h,22,0.053
fx,n,h,3,-0.337
fy,n,c,27,0.079
fz,n,c,3,0.173
fA,n,i,93,0.248
fB,n,h,3,0.03
fC,n,h,38,-0.257
fD,n,c,3,0.546
fE,n,o,22,0.269
fF,n,c,40,-0.31
fG,n,o,3,-0.368
fH,n,i,3,-0.102
fI,n,o,3,-0.182
fJ,n,h,3,0.241
fK,n,c,42,-0.603
fL,n,h,22,0.252
fM,n,c,22,0.127
fN,n,c,22,-0.009
fO,n,c,3,-0.275
fP,n,h,22,0.328
fQ,n,h,22,-0.159
fR,n,c,42,-0.218
fS,n,c,3,-0.006
fT,n,i,3,0.115
fU,n,c,40,0.025
fV,o,c,3,0.018
fW,o,c,38,0.103
fX,o,c,22,0.124
fY,o,h,3,-0.192
fZ,o,c,22,-0.182
ga,o,c,22,0.091
gb,o,c,27,0.355
gc,o,h,38,-0.472
gd,o,c,3,-0.002
ge,o,h,22,0.016
gf,o,c,22,-0.186
gg,o,c,22,-0.185
gh,o,h,38,0.23
gi,o,h,3,0.106
gj,o,c,22,0.01
gk,o,c,22,0.145
gl,o,h,22,-0.28
gm,o,h,3,-0.081
gn,o,c,10,-0.152
go,o,c,22,-0.088
gp,o,c,3,-0.214
gq,o,c,3,0.367
gr,o,c,3,0.071
gs,o,c,3,-0.029
gt,o,c,3,-0.254
gu,o,c,3,-0.232
gv,o,c,38,-0.205
gw,o,c,3,0.244
gx,o,i,38,0.221
gy,o,c,22,-0.039
gz,o,h,3,-0.1
gA,o,c,3,-0.762
gB,p,c,38,0.182
gC,p,c,3,0.166
gD,p,c,40,-0.235
gE,p,h,3,0.086
gF,p,h,22,0.325
gG,p,h,38,-0.041
gH,p,c,3,0.028
gI,p,c,27,0.065
gJ,p,c,40,-0.27
gK,p,c,27,-0.157
gL,p,c,40,-0.007
gM,p,c,22,0.197
gN,p,h,3,0.003
gO,p,h,3,-0.243
gP,p,o,22,-0.202
gQ,p,c,1,-0.21
gR,p,c,40,0.112
gS,p,c,28,-0.239
gT,p,h,22,-0.004
gU,p,c,3,-0.188
gV,p,h,22,0.151
gW,p,c,40,0.229
gX,p,h,22,-0.113
gY,p,c,3,0.019
gZ,p,h,22,0.025
ha,p,c,38,-0.115
hb,p,c,3,0.079
hc,p,c,3,-0.119
hd,p,h,3,0.173
he,p,c,3,0.067
hf,p,h,27,0.114
hg,q,h,3,0.123
hh,q,c,40,-0.116
hi,q,c,40,-0.079
hj,q,h,22,0.037
hk,q,o,22,0.43
hl,q,c,22,0.17
hm,q,c,3,0.489
hn,q,c,27,0.094
ho,q,h,22,0.18
hp,q,c,40,-0.215
hq,q,o,22,0.052
hr,q,c,22,-0.144
hs,q,o,40,-0.353
ht,q,c,40,0.311
hu,q,o,22,0.178
hv,q,c,22,0.177
hw,q,h,22,-0.039
hx,q,c,3,-0.122
hy,q,o,22,0.036
hz,q,h,3,-0.179
hA,q,c,40,0.002
hB,q,c,3,0.075
hC,q,h,38,0.479
hD,r,h,3,-0.145
hE,r,h,38,0.176
hF,r,o,27,0.129
hG,r,o,3,0.277
hH,r,c,3,0.134
hI,r,c,3,-0.111
hJ,r,h,27,-0.105
hK,r,c,3,0.272
hL,r,h,40,-0.461
hM,r,h,27,-0.033
hN,r,c,3,-0.001
hO,r,c,22,-0.19
hP,r,c,40,-0.076
hQ,r,h,3,-0.22
hR,r,c,40,0.33
hS,r,c,40,0.081
hT,r,c,22,0.224
hU,r,c,40,0.179
hV,r,h,27,-0.242
hW,r,c,3,0.119
hX,r,h,40,0.108
hY,r,h,22,0.298
hZ,r,h,3,-0.142
ia,r,h,3,0.187
ib,r,c,3,0.082
ic,r,c,40,-0.337
id,r,c,27,-0.127
ie,r,c,22,0.138
if,r,c,40,0.07
ig,r,c,22,-0.553
ih,s,h,3,-0.098
ii,s,c,22,0.273
ij,s,c,22,-0.278
ik,s,c,22,-0.389
il,s,h,40,0.033
im,s,o,27,-0.074
in,s,c,3,0.174
io,s,h,40,0.291
ip,s,c,22,-0.037
iq,s,c,40,0.02
ir,s,c,22,0.143
is,s,h,40,-0.002
it,s,h,3,-0.267
iu,s,h,40,-0.143
iv,s,c,3,0.453
iw,s,h,3,-0.096
ix,s,h,40,0.413
iy,s,o,16,0.051
iz,s,h,3,0.112
iA,s,c,22,0.078
iB,s,o,92,-0.165
iC,s,h,3,0.161
iD,s,c,22,0.258
iE,s,c,22,-0.165
iF,s,c,22,0.35
iG,s,h,40,-0.097
iH,s,c,22,-0.084
iI,s,c,22,0.552
iJ,s,c,3,-0.196
iK,s,c,22,0.362
iL,t,c,22,-0.037
iM,t,h,22,-0.238
iN,t,c,22,0.041
iO,t,c,22,0.07
iP,t,c,16,-0.351
iQ,t,c,3,-0.071
iR,t,c,40,0.31
iS,t,h,3,0.063
iT,t,h,3,0.244
iU,t,h,3,-0.199
iV,t,c,22,0.397
iW,t,o,3,0.079
iX,t,c,40,0.18
iY,t,h,35,-0.124
iZ,t,h,3,0.505
ja,t,c,10,-0.781
jb,t,c,3,-0.452
jc,t,n,195,-0.145
jd,t,c,22,0.505
je,t,c,3,-0.383
jf,t,h,3,0.38
jg,t,c,22,-0.071
jh,t,h,3,0.294
ji,t,c,22,0.08
jj,t,h,22,0.892
jk,t,c,28,-0.412
jl,t,h,3,-0.0
jm,u,c,3,0.282
jn,u,h,40,0.172
jo,u,o,3,0.056
jp,u,h,40,0.164
jq,u,h,32,0.017
jr,u,c,40,0.069
js,u,c,22,0.35
jt,u,c,3,-0.677
ju,u,h,40,0.108
jv,u,h,22,0.374
jw,u,h,3,-0.08
jx,u,h,1,-0.286
jy,u,h,22,0.602
jz,u,n,10,-0.035
jA,u,c,3,-0.339
jB,u,c,3,-0.096
jC,u,c,40,-0.26
jD,u,c,42,-0.043
jE,u,i,3,0.12
jF,u,c,22,0.335
jG,u,c,22,0.025
jH,u,o,3,0.299
jI,u,c,22,-0.244
jJ,u,c,22,0.231
jK,u,c,27,-0.351
jL,u,c,3,0.412
jM,v,h,40,0.016
jN,v,h,3,0.129
jO,v,c,27,0.008
jP,v,h,38,-0.195
jQ,v,h,27,-0.083
jR,v,c,22,0.225
jS,v,c,3,-0.316
jT,v,h,38,0.045
jU,v,o,3,0.214
jV,v,h,3,0.51
jW,v,c,22,-0.211
jX,v,c,22,0.241
jY,v,h,3,0.267
jZ,v,c,22,0.729
ka,v,c,22,-0.118
kb,v,c,22,0.057
kc,v,c,22,-0.252
kd,w,h,3,-0.16
ke,w,c,22,-0.512
kf,w,c,22,0.498
kg,w,h,3,0.138
kh,w,c,3,-0.041
ki,w,o,38,-0.04
kj,w,h,3,-0.414
kk,w,h,3,-0.396
kl,w,h,3,0.205
km,w,h,3,-0.187
kn,w,c,22,0.232
ko,w,c,22,0.58
kp,w,c,22,0.209
kq,w,c,22,0.231
kr,w,h,3,0.045
ks,w,h,26,-0.43
kt,w,i,38,-0.781
ku,w,c,40,-0.143
kv,w,o,40,0.298
kw,w,h,40,0.45
kx,w,h,3,0.159
ky,w,h,3,0.269
kz,w,h,40,0.006
kA,x,h,22,0.557
kB,x,c,3,-0.384
kC,x,c,40,-0.212
kD,x,c,3,-0.531
kE,x,c,3,0.125
kF,x,h,27,0.483
kG,x,h,27,-0.194
kH,x,c,3,0.234
kI,x,c,40,0.156
kJ,x,c,22,0.13
kK,x,c,3,-0.608
kL,x,h,22,0.655
kM,x,h,40,0.031
kN,x,c,3,0.164
kO,x,c,3,-0.247
kP,x,c,3,0.209
kQ,x,c,3,-0.385
kR,x,h,40,-0.195
kS,x,h,38,0.361
kT,x,c,22,-0.341
kU,x,c,40,0.393
kV,x,h,38,-0.26
kW,x,o,27,-0.051
kX,y,h,28,-0.002
kY,y,c,3,0.225
kZ,y,c,22,-0.095
la,y,c,27,-0.717
lb,y,c,3,-0.241
lc,y,h,3,0.303
ld,y,c,38,0.09
le,y,o,22,-0.016
lf,y,c,3,-0.111
lg,y,h,26,0.7
lh,y,c,22,-0.577
li,y,c,22,0.269
lj,y,c,3,-0.065
lk,y,c,3,-0.13
ll,y,h,42,-0.347
lm,y,c,3,0.067
ln,y,c,22,-0.062
lo,y,c,22,-0.136
lp,y,h,22,-0.381
lq,y,h,3,-0.198
lr,y,h,22,-0.736
ls,y,h,42,-0.466
lt,y,c,3,0.134
lu,y,c,3,-0.107
lv,y,c,3,-0.262
lw,y,h,22,0.346
lx,z,c,3,0.005
ly,z,o,22,-0.513
lz,z,c,3,-0.472
lA,z,c,27,-0.324
lB,z,h,22,0.552
lC,z,o,22,0.334
lD,z,c,29,-0.149
lE,z,h,3,0.143
lF,z,c,40,-0.445
lG,z,c,27,-0.447
lH,z,c,3,-0.41
lI,z,n,22,0.053
lJ,z,c,32,-0.386
lK,z,h,3,0.464
lL,z,c,3,0.091
lM,z,h,22,0.125
lN,z,c,3,0.378
lO,z,h,22,-0.233
lP,z,i,22,0.332
lQ,z,c,3,-0.518
lR,z,c,3,-0.09
lS,z,c,3,-0.356
lT,z,h,3,-0.052
lU,z,o,22,0.039
lV,z,h,3,0.083
lW,z,i,22,-0.203
lX,z,c,38,-0.391
lY,A,h,40,0.369
lZ,A,h,3,-0.248
ma,A,h,22,-0.072
mb,A,h,3,0.227
mc,A,c,22,-0.088
md,A,c,38,0.028
me,A,c,40,0.402
mf,A,c,3,-0.04
mg,A,c,42,-0.593
mh,A,o,10,0.135
mi,A,h,42,-0.543
mj,A,o,22,0.079
mk,A,h,22,-0.562
ml,A,h,40,0.184
mm,A,h,3,0.34
mn,A,o,40,-0.585
mo,A,h,27,-0.54
mp,A,c,22,-0.3
mq,A,c,40,-0.66
mr,A,c,3,-0.029
ms,A,h,3,0.112
mt,A,c,3,0.186
mu,A,c,27,-0.332
mv,A,c,38,-0.163
mw,A,h,3,0.398
mx,A,h,3,0.672
my,A,c,3,-0.781
mz,A,c,40,0.348
mA,A,o,32,-0.061
mB,A,c,3,0.308
mC,A,h,27,0.224
mD,A,c,3,0.041
mE,A,h,3,-0.129
mF,B,c,3,-0.138
mG,B,c,28,0.021
mH,B,c,22,0.232
mI,B,c,22,0.202
mJ,B,h,22,0.16
mK,B,h,3,0.279
mL,B,c,3,-0.254
mM,B,c,3,-0.066
mN,B,c,40,-0.257
mO,B,c,40,-0.377
mP,B,h,3,-0.22
mQ,B,c,42,-0.159
mR,B,c,40,-0.588
mS,B,h,22,-0.21
mT,B,c,22,-0.04
mU,B,h,3,-0.051
mV,B,c,22,0.093
mW,B,h,3,0.283
mX,B,i,22,0.444
mY,B,c,3,0.059
mZ,B,h,3,-0.081
na,B,c,3,0.023
nb,B,c,3,0.177
nc,B,h,3,0.305
nd,B,h,28,-0.204
ne,B,c,3,0.24
nf,B,c,22,0.262
ng,B,h,22,-0.407
nh,B,h,38,0.187
ni,C,c,40,-0.11
nj,C,i,22,0.138
nk,C,c,3,0.036
nl,C,c,40,-0.359
nm,C,b,22,-0.039
nn,C,c,38,-0.269
no,C,c,42,0.015
np,C,c,40,-0.196
nq,C,i,22,0.075
nr,C,h,3,-0.538
ns,C,c,42,0.264
nt,C,c,3,0.0
nu,C,h,3,-0.098
nv,C,h,3,0.135
nw,C,c,27,-0.043
nx,C,c,35,-0.095
ny,C,h,3,-0.004
nz,C,h,22,0.129
nA,C,c,3,-0.052
nB,D,c,3,-0.781
nC,D,i,22,-0.299
nD,D,h,40,0.014
nE,D,o,3,0.01
nF,D,h,22,-0.205
nG,D,c,3,0.114
nH,D,i,3,-0.081
nI,D,h,3,-0.104
nJ,D,h,3,0.026
nK,D,h,28,-0.237
nL,D,n,3,0.022
nM,D,h,3,-0.235
nN,D,h,3,-0.244
nO,D,n,22,0.429
nP,D,h,40,-0.345
nQ,D,c,3,-0.288
nR,E,h,22,-0.066
nS,E,h,3,-0.101
nT,E,c,3,-0.27
nU,E,h,3,-0.475
nV,E,h,3,0.018
nW,E,h,3,0.278
nX,E,c,40,-0.08
nY,E,h,40,-0.003
nZ,E,h,3,0.477
oa,E,c,22,-0.116
ob,E,h,40,0.136
oc,E,h,27,-0.181
od,E,h,3,0.068
oe,E,c,40,-0.489
of,E,n,22,-0.016
og,E,c,3,-0.084
oh,E,c,3,0.34
oi,E,h,40,-0.194
oj,E,o,3,0.41
ok,E,c,22,-0.064
ol,E,c,22,0.042
om,E,o,40,-0.181
on,E,c,3,-0.265
oo,E,h,3,-0.073
op,E,o,38,0.098
oq,E,c,3,-0.31
or,E,h,3,0.117
os,E,o,27,-0.19
ot,E,c,3,0.139
ou,E,h,1,0.033
ov,E,h,3,-0.013
ow,F,i,22,-0.027
ox,F,c,3,-0.184
oy,F,c,27,-0.19
oz,F,c,1,-0.395
oA,F,h,3,0.145
oB,F,c,3,0.244
oC,F,c,38,0.277
oD,F,c,230,-0.125
oE,F,h,3,0.13
oF,F,h,3,-0.096
oG,F,c,40,-0.373
oH,F,h,3,0.096
oI,F,c,27,0.205
oJ,F,c,1,0.615
oK,F,o,3,0.236
oL,F,c,3,0.1
oM,F,c,27,-0.344
oN,F,c,10,-0.668
oO,F,h,22,-0.125
oP,F,c,38,0.172
oQ,F,h,3,0.281
oR,F,o,22,0.075
oS,G,h,38,-0.04
oT,G,c,3,-0.092
oU,G,h,22,-0.671
oV,G,c,38,-0.117
oW,G,c,40,-0.125
oX,G,c,22,0.176
oY,G,c,3,0.418
oZ,G,h,3,0.194
pa,G,h,3,0.675
pb,G,c,40,0.373
pc,G,o,38,-0.163
pd,G,h,40,-0.129
pe,G,c,22,0.224
pf,G,h,3,-0.289
pg,G,h,22,-0.09
ph,G,c,22,0.21
pi,G,h,22,0.043
pj,G,h,40,0.191
pk,G,c,1,-0.068
pl,G,o,22,0.304
pm,H,h,3,0.17
pn,H,c,22,-0.239
po,H,c,3,0.132
pp,H,c,3,-0.38
pq,H,c,22,0.044
pr,H,c,3,0.289
ps,H,c,22,0.223
pt,H,c,22,-0.641
pu,H,c,3,0.057
pv,H,c,22,0.454
pw,H,i,27,0.438
px,H,c,3,0.112
py,H,i,42,-0.074
pz,H,h,22,-0.072
pA,H,h,3,0.766
pB,H,o,3,0.056
pC,H,h,3,0.384
pD,H,h,27,-0.438
pE,H,n,27,-0.445
pF,H,h,3,0.267
pG,H,c,22,0.231
pH,H,h,3,-0.166
pI,H,c,22,-0.3
pJ,H,c,3,0.629
pK,H,h,40,0.032
pL,H,c,3,-0.372
pM,H,h,40,-0.252
pN,I,c,38,-0.019
pO,I,h,40,0.034
pP,I,c,3,-0.26
pQ,I,h,38,-0.05
pR,I,h,3,-0.065
pS,I,c,40,-0.206
pT,I,h,29,0.096
pU,I,h,40,0.413
pV,I,c,22,-0.386
pW,I,h,42,0.245
pX,I,c,3,0.346
pY,I,c,3,-0.054
pZ,I,c,40,-0.345
qa,I,c,3,-0.009
qb,I,c,42,-0.717
qc,I,c,3,0.14
qd,I,c,3,-0.177
qe,I,c,40,0.037
qf,I,c,22,0.349
qg,I,h,22,0.497
qh,I,h,3,0.254
qi,I,h,3,-0.279
qj,I,h,3,-0.279
qk,I,c,40,0.103
ql,I,c,3,0.096
qm,I,c,38,0.006
qn,I,o,3,0.008
qo,I,c,3,-0.117
qp,I,h,42,-0.096
qq,I,h,40,-0.294
qr,I,h,22,-0.153
qs,I,n,38,0.163
qt,I,c,22,0.107
qu,I,h,40,0.055
qv,I,c,3,0.091
qw,I,h,27,-0.375
qx,I,n,3,-0.158
qy,I,c,10,-0.054
qz,I,h,27,-0.299
qA,I,c,42,0.186
qB,J,c,3,-0.039
qC,J,h,22,-0.149
qD,J,c,22,0.06
qE,J,n,3,-0.129
qF,J,c,40,0.153
qG,J,c,3,0.105
qH,J,h,22,0.17
qI,J,h,22,0.534
qJ,J,h,22,0.324
qK,J,c,3,-0.069
qL,J,c,3,-0.359
qM,J,c,22,-0.234
qN,J,h,3,-0.315
qO,J,c,40,-0.184
qP,J,h,22,0.537
qQ,J,c,22,-0.039
qR,J,c,3,-0.192
qS,J,c,3,0.642
qT,J,c,22,0.321
qU,J,h,22,-0.111
qV,J,c,27,-0.218
qW,J,c,42,-0.033
qX,J,c,40,-0.244
qY,J,c,3,0.076
qZ,K,c,40,-0.217
ra,K,c,40,0.381
rb,K,h,29,-0.228
rc,K,h,3,-0.032
rd,K,h,3,0.219
re,K,h,42,-0.09
rf,K,i,38,0.394
rg,K,c,3,-0.27
rh,K,o,27,-0.229
ri,K,c,3,0.133
rj,K,h,40,-0.379
rk,K,c,22,0.769
rl,K,c,22,-0.09
rm,K,c,22,0.183
rn,K,c,22,-0.376
ro,K,h,42,0.142
rp,K,h,38,-0.518
rq,K,c,3,-0.588
rr,K,h,3,0.282
rs,K,h,40,0.091
rt,K,h,32,-0.091
ru,K,h,3,0.329
rv,K,h,3,-0.151
rw,K,h,3,-0.266
rx,K,h,22,-0.043
ry,K,c,3,-0.256
rz,K,h,22,0.379
rA,K,c,3,0.214
rB,K,h,3,0.143
rC,K,h,3,-0.526
rD,L,h,3,0.284
rE,L,h,3,-0.675
rF,L,c,40,-0.027
rG,L,h,3,-0.123
rH,L,c,40,-0.23
rI,L,c,22,-0.319
rJ,L,i,3,-0.013
rK,L,c,3,-0.261
rL,L,c,22,-0.385
rM,L,c,22,0.08
rN,L,c,3,0.355
rO,L,c,40,-0.373
rP,L,h,3,-0.127
rQ,L,c,22,0.397
rR,L,h,22,-0.281
rS,L,c,22,0.036
rT,L,h,27,-0.17
rU,L,o,22,-0.217
rV,M,h,22,0.151
rW,M,h,22,-0.244
rX,M,h,3,0.143
rY,M,c,3,0.279
rZ,M,c,22,0.423
sa,M,h,22,-0.019
sb,M,c,22,0.137
sc,M,c,38,-0.169
sd,M,h,22,0.482
se,M,c,22,0.351
sf,M,o,40,-0.095
sg,M,c,27,-0.19
sh,M,c,40,-0.144
si,M,c,27,-0.268
sj,M,h,22,0.169
sk,M,c,27,-0.13
sl,M,h,22,-0.216
sm,M,c,40,-0.359
sn,M,c,3,-0.092
so,M,o,22,-0.425
sp,M,c,42,0.122
sq,M,c,22,0.318
sr,M,n,22,-0.065
ss,M,h,3,-0.301
st,N,c,22,0.061
su,N,h,40,-0.256
sv,N,c,3,-0.203
sw,N,i,22,0.329
sx,N,c,40,-0.141
sy,N,c,22,-0.306
sz,N,h,22,-0.001
sA,N,c,3,0.072
sB,N,c,3,0.568
sC,N,h,3,0.216
sD,N,c,3,0.511
sE,N,h,22,-0.11
sF,N,h,3,-0.064
sG,N,c,3,-0.326
sH,N,c,36,-0.296
sI,N,c,40,-0.319
sJ,N,h,40,0.528
sK,N,c,3,0.547
sL,N,c,93,-0.143
sM,N,n,22,-0.191
sN,N,c,3,-0.034
sO,N,h,22,0.262
sP,N,c,27,-0.122
sQ,O,c,22,0.099
sR,O,c,22,0.366
sS,O,h,22,0.083
sT,O,c,22,-0.039
sU,O,c,3,0.202
sV,O,o,3,0.152
sW,O,c,29,-0.132
sX,O,c,22,-0.046
sY,O,c,22,0.062
sZ,O,c,3,0.168
ta,O,c,3,-0.085
tb,O,h,3,0.473
tc,O,c,22,0.2
td,O,h,22,0.378
te,O,c,40,-0.01
tf,O,c,3,-0.094
tg,O,h,3,0.123
th,O,c,22,0.068
ti,O,h,40,0.288
tj,O,n,22,-0.102
tk,O,i,22,-0.273
tl,O,c,27,0.386
tm,O,h,3,0.294
tn,O,c,3,-0.019
to,O,h,3,0.04
tp,O,c,3,-0.064
tq,O,n,22,-0.388
tr,O,c,42,-0.207
ts,O,c,3,0.238
tt,O,c,3,0.175
tu,P,h,29,0.131
tv,P,o,16,0.364
tw,P,h,42,0.464
tx,P,n,22,-0.501
ty,P,c,3,-0.359
tz,P,i,3,-0.191
tA,P,h,3,0.412
tB,P,c,3,0.543
tC,P,c,22,0.06
tD,P,h,40,0.222
tE,P,o,3,-0.269
tF,P,h,3,-0.203
tG,P,c,42,-0.756
tH,P,h,28,0.239
tI,P,n,3,0.066
tJ,P,c,22,0.265
tK,P,c,29,-0.042
tL,Q,c,40,-0.06
tM,Q,c,3,0.104
tN,Q,c,22,0.258
tO,Q,o,3,0.099
tP,Q,c,40,-0.055
tQ,Q,h,40,0.082
tR,Q,c,22,-0.02
tS,Q,c,3,-0.174
tT,Q,c,40,-0.149
tU,Q,h,3,-0.34
tV,Q,h,27,0.139
tW,Q,c,22,0.091
tX,Q,n,27,0.177
tY,Q,c,3,-0.03
tZ,Q,c,3,0.357
ua,Q,o,3,0.145
ub,Q,c,3,-0.09
uc,Q,c,22,0.435
ud,Q,h,3,-0.257
ue,Q,h,27,-0.025
uf,Q,h,27,0.232
ug,Q,h,38,-0.037
uh,Q,h,27,-0.294
ui,Q,c,3,-0.191
uj,Q,h,27,0.12
uk,Q,o,22,0.061
ul,Q,o,3,-0.186
um,R,c,3,-0.023
un,R,c,40,-0.331
uo,R,c,40,0.029
up,R,o,22,0.045
uq,R,h,3,-0.155
ur,R,h,3,0.04
us,R,h,3,0.134
ut,R,c,3,0.182
uu,R,c,22,0.172
uv,R,c,3,0.034
uw,R,h,22,0.079
ux,R,o,22,-0.042
uy,R,c,40,-0.045
uz,R,c,3,0.194
uA,R,h,40,-0.185
uB,R,h,22,-0.095
uC,R,c,3,-0.05
uD,R,h,3,-0.205
uE,R,c,40,-0.084
uF,R,h,3,-0.064
uG,R,h,22,0.366
uH,R,h,3,-0.074
uI,R,o,3,0.077
uJ,R,h,22,0.191
uK,R,h,38,0.122
uL,R,c,40,-0.063
uM,R,h,3,0.196
uN,R,c,38,0.349
uO,R,c,22,0.006
uP,S,o,22,-0.102
uQ,S,h,38,0.171
uR,S,c,3,-0.399
uS,S,c,14,0.07
uT,S,h,3,0.155
uU,S,c,3,-0.404
uV,S,h,3,0.459
uW,S,o,3,-0.148
uX,S,o,22,0.541
uY,S,c,3,0.048
uZ,S,o,22,-0.021
va,S,c,3,0.545
vb,S,h,3,0.103
vc,S,c,14,0.101
vd,S,h,3,0.3
ve,S,i,22,0.282
vf,S,h,3,0.208
vg,S,i,3,0.291
vh,S,n,22,-0.132
vi,S,h,40,-0.433
vj,S,h,3,-0.238
vk,S,h,3,0.455
vl,T,c,22,0.02
vm,T,c,22,-0.423
vn,T,h,27,-0.121
vo,T,h,3,0.06
vp,T,c,22,-0.41
vq,T,h,1,-0.11
vr,T,h,3,-0.034
vs,T,o,27,-0.486
vt,T,c,3,0.096
vu,T,c,40,0.497
vv,T,c,22,0.312
vw,T,c,22,0.033
vx,T,h,3,-0.014
vy,T,h,40,0.239
vz,T,h,40,0.063
vA,T,c,22,0.241
vB,T,c,22,-0.01
vC,T,h,3,0.011
vD,T,c,22,-0.074
vE,T,i,42,0.138
vF,T,c,22,-0.297
vG,U,n,29,-0.044
vH,U,h,3,0.315
vI,U,c,3,0.1
vJ,U,h,3,0.249
vK,U,h,3,-0.083
vL,U,c,1,0.195
vM,U,c,3,-0.199
vN,U,h,27,0.297
vO,U,h,3,0.13
vP,U,c,3,0.175
vQ,U,c,38,-0.48
vR,U,c,40,-0.035
vS,U,o,40,0.167
vT,U,c,40,0.551
vU,U,c,22,0.358
vV,U,h,3,0.47
vW,U,c,22,0.096
vX,U,i,40,0.205
vY,U,h,22,0.07
vZ,U,c,40,-0.382
wa,U,c,3,0.013
wb,U,c,3,0.302
wc,U,h,22,0.276
wd,U,h,22,-0.093
we,U,c,40,0.191
wf,U,c,3,-0.089
wg,U,c,3,0.433
wh,U,c,3,0.029
wi,U,h,3,0.802
wj,U,c,27,0.064
wk,U,o,22,0.092
wl,U,h,22,-0.127
wm,U,h,40,0.003
wn,U,c,42,0.149
wo,U,c,40,0.24
wp,U,h,3,0.075
wq,U,h,3,0.058
wr,U,h,22,-0.116
ws,U,c,3,-0.028
wt,U,h,40,0.31
wu,V,c,27,0.148
wv,V,h,3,0.008
ww,V,c,42,0.163
wx,V,c,40,-0.394
wy,V,h,22,0.211
wz,V,h,3,0.371
wA,V,n,22,0.114
wB,V,h,3,-0.133
wC,V,h,3,0.49
wD,V,c,3,0.037
wE,V,c,1,0.135
wF,V,c,38,-0.001
wG,V,c,3,-0.121
wH,V,c,10,-0.079
wI,V,o,3,0.277
wJ,V,c,3,-0.189
wK,V,i,22,-0.244
wL,V,c,42,0.11
wM,V,c,40,0.134
wN,V,h,3,-0.183
wO,V,h,3,0.178
wP,V,o,22,-0.261
wQ,V,h,3,-0.203
wR,V,c,40,-0.05
wS,V,c,42,-0.258
wT,V,c,40,-0.119
wU,V,i,22,0.0
wV,W,c,3,-0.192
wW,W,c,40,-0.521
wX,W,c,3,0.08
wY,W,h,40,-0.025
wZ,W,c,22,0.126
xa,W,c,3,-0.367
xb,W,h,3,0.126
xc,W,c,38,-0.261
xd,W,i,38,-0.207
xe,W,c,22,-0.389
xf,W,h,40,0.095
xg,W,h,38,0.28
xh,W,c,3,-0.336
xi,W,c,22,-0.196
xj,W,h,40,-0.207
xk,W,h,3,0.137
xl,W,h,40,-0.293
xm,W,h,40,0.264
xn,W,c,3,0.101
xo,W,i,42,0.01
xp,W,c,3,0.232
xq,W,c,38,-0.07
xr,W,h,22,0.007
xs,W,h,40,0.315
xt,W,c,40,-0.349
xu,W,h,40,-0.375
xv,W,h,3,0.407
xw,W,c,40,0.207
xx,W,h,40,-0.219
xy,W,o,3,0.172
xz,W,c,27,0.288
xA,W,h,42,-0.182
xB,W,c,3,0.223
xC,X,h,22,0.168
xD,X,h,22,0.097
xE,X,c,22,0.078
xF,X,c,22,-0.058
xG,X,h,40,-0.077
xH,X,h,40,-0.244
xI,X,c,3,0.273
xJ,X,c,22,0.032
xK,X,h,22,0.077
xL,X,c,22,0.209
xM,X,h,22,0.254
xN,X,c,3,-0.309
xO,X,h,27,-0.342
xP,X,c,22,0.116
xQ,X,h,38,-0.137
xR,X,c,22,0.088
xS,X,c,3,-0.165
xT,X,c,22,-0.53
xU,X,c,22,-0.621
xV,X,c,22,-0.259
xW,X,c,22,-0.14
xX,X,c,3,-0.013
xY,X,h,40,-0.219
xZ,X,c,22,0.142
ya,X,h,3,-0.075
yb,X,c,22,0.202
yc,X,h,22,0.349
yd,X,c,3,0.102
ye,Y,h,22,0.036
yf,Y,c,22,0.197
yg,Y,h,3,-0.239
yh,Y,h,40,0.038
yi,Y,c,40,0.099
yj,Y,h,22,0.048
yk,Y,c,27,-0.314
yl,Y,c,3,-0.04
ym,Y,c,22,-0.135
yn,Y,c,40,-0.265
yo,Y,h,3,0.007
yp,Y,c,22,0.097
yq,Y,h,40,-0.195
yr,Y,c,27,-0.174
ys,Y,h,22,0.118
yt,Y,c,29,-0.043
yu,Y,h,22,0.19
yv,Y,c,22,-0.331
yw,Y,c,22,0.326
yx,Y,c,22,-0.229
yy,Y,c,3,0.019
yz,Y,h,22,0.158
yA,Y,c,22,-0.128
yB,Y,h,40,0.141
yC,Y,c,22,-0.118
yD,Y,c,22,-0.271
yE,Y,c,3,0.209
yF,Y,h,40,-0.126
yG,Y,h,22,0.065
yH,Y,c,3,-0.197
yI,Z,c,40,0.112
yJ,Z,h,3,0.101
yK,Z,c,42,-0.081
yL,Z,c,3,-0.123
yM,Z,h,3,0.019
yN,Z,c,3,0.159
yO,Z,c,42,-0.205
yP,Z,h,22,0.177
yQ,Z,h,22,0.059
yR,Z,c,3,-0.277
yS,Z,h,22,0.298
yT,Z,c,27,0.026
yU,Z,c,42,-0.412
yV,Z,c,40,0.088
yW,Z,c,3,-0.117
yX,Z,c,40,-0.104
yY,Z,c,10,-0.256
yZ,Z,c,3,0.004
za,Z,h,3,0.057
zb,Z,c,40,0.076
zc,Z,c,29,0.119
zd,Z,c,42,-0.284
ze,Z,c,3,0.045
zf,Z,c,40,-0.058
zg,Z,c,3,0.086
zh,Z,i,22,0.148
zi,Z,h,3,0.079
zj,Z,c,42,0.144
zk,Z,o,22,0.037
zl,aa,h,22,0.233
zm,aa,c,3,0.348
zn,aa,c,27,0.161
zo,aa,h,22,0.071
zp,aa,h,22,0.124
zq,aa,c,3,0.234
zr,aa,o,3,0.224
zs,aa,h,3,-0.031
zt,aa,c,8,-0.272
zu,aa,h,22,-0.004
zv,aa,c,38,-0.155
zw,aa,c,3,-0.081
zx,aa,c,38,0.319
zy,aa,h,22,0.23
zz,aa,c,3,-0.053
zA,aa,h,22,0.332
zB,aa,c,40,0.027
zC,aa,h,22,-0.283
zD,aa,h,26,-0.302
zE,aa,c,27,0.178
zF,aa,h,3,0.424
zG,aa,c,22,-0.081
zH,aa,c,40,-0.319
zI,aa,h,3,0.168
zJ,aa,c,29,-0.337
zK,aa,h,22,-0.091
zL,ab,o,22,0.277
zM,ab,h,22,-0.325
zN,ab,h,3,-0.573
zO,ab,c,3,-0.186
zP,ab,c,29,-0.251
zQ,ab,c,22,-0.279
zR,ab,h,3,-0.193
zS,ab,i,22,-0.092
zT,ab,c,22,0.591
zU,ab,c,3,-0.335
zV,ab,c,10,-0.068
zW,ab,i,22,-0.432
zX,ab,c,27,0.19
zY,ab,c,3,-0.359
zZ,ab,h,3,0.354
Aa,ab,i,22,-0.016
Ab,ab,i,3,0.093
Ac,ab,h,38,-0.205
Ad,ac,c,22,-0.059
Ae,ac,c,22,0.275
Af,ac,c,22,0.442
Ag,ac,c,3,0.364
Ah,ac,c,22,-0.207
Ai,ac,c,3,0.081
Aj,ac,c,3,-0.029
Ak,ac,c,3,-0.014
Al,ac,c,3,-0.29
Am,ac,c,3,-0.18
An,ac,h,3,-0.384
Ao,ac,c,22,0.26
Ap,ac,h,3,0.019
Aq,ac,c,22,-0.152
Ar,ac,o,3,0.148
As,ac,h,27,0.08
At,ac,c,22,-0.058
Au,ac,h,22,0.121
Av,ac,c,3,-0.231
Aw,ac,c,3,-0.128
Ax,ac,c,22,-0.039
Ay,ac,o,38,0.013
Az,ac,o,3,0.004
AA,ad,c,27,0.023
AB,ad,c,3,0.112
AC,ad,h,22,0.003
AD,ad,c,3,-0.209
AE,ad,c,1,-0.078
AF,ad,h,22,0.145
AG,ad,c,27,-0.24
AH,ad,h,22,0.007
AI,ad,h,22,0.198
AJ,ad,c,40,-0.106
AK,ad,c,38,0.059
AL,ad,c,40,-0.142
AM,ad,c,3,0.31
AN,ad,c,28,-0.047
AO,ad,c,29,-0.02
AP,ad,h,22,-0.027
AQ,ad,c,3,-0.084
AR,ad,c,3,-0.137
AS,ad,c,3,0.113
AT,ad,h,3,-0.227
AU,ad,o,22,0.071
AV,ad,h,22,-0.071
AW,ad,c,40,0.021
AX,ad,c,42,-0.449
AY,ad,c,3,-0.044
AZ,ad,c,3,0.177
Ba,ae,c,3,0.101
Bb,ae,c,22,0.294
Bc,ae,n,22,-0.115
Bd,ae,h,22,0.287
Be,ae,c,22,0.406
Bf,ae,h,3,-0.216
Bg,ae,c,29,0.249
Bh,ae,h,22,0.328
Bi,ae,c,3,0.318
Bj,ae,o,22,-0.025
Bk,ae,c,3,-0.328
Bl,ae,h,40,0.036
Bm,ae,h,22,-0.263
Bn,ae,h,3,-0.027
Bo,ae,h,22,0.522
Bp,ae,h,3,0.083
Bq,ae,c,22,0.335
Br,ae,h,3,-0.018
Bs,ae,c,3,-0.173
Bt,ae,c,22,-0.17
Bu,af,o,38,0.216
Bv,af,o,40,-0.036
Bw,af,h,3,0.109
Bx,af,h,40,0.263
By,af,c,22,-0.072
Bz,af,h,3,-0.044
BA,af,h,3,-0.343
BB,af,n,40,-0.036
BC,af,o,3,-0.167
BD,af,c,3,-0.436
BE,af,h,3,0.005
BF,af,n,42,-0.367
BG,af,h,3,0.319
BH,af,h,3,-0.349
BI,af,h,3,-0.134
BJ,af,c,3,0.666
BK,af,h,22,-0.038
BL,af,c,22,0.235
BM,af,c,3,-0.077
BN,af,h,3,-0.043
BO,ag,c,3,-0.173
BP,ag,c,3,-0.473
BQ,ag,c,40,0.258
BR,ag,c,3,0.065
BS,ag,h,3,-0.003
BT,ag,c,38,-0.343
BU,ag,c,40,0.405
BV,ag,h,3,-0.035
BW,ag,h,3,-0.282
BX,ag,h,3,0.073
BY,ag,o,3,-0.071
BZ,ag,o,22,0.397
Ca,ag,c,3,0.339
Cb,ag,h,3,-0.024
Cc,ag,c,3,-0.333
Cd,ag,h,22,0.114
Ce,ag,c,40,0.104
Cf,ag,n,3,0.26
Cg,ag,c,3,0.218
Ch,ag,o,22,0.011
Ci,ag,c,22,-0.246
Cj,ag,c,40,0.17
Ck,ag,o,27,-0.461
Cl,ag,h,22,0.488
Cm,ah,c,22,0.423
Cn,ah,c,22,0.294
Co,ah,c,38,-0.296
Cp,ah,o,40,0.04
Cq,ah,c,3,-0.07
Cr,ah,c,3,0.312
Cs,ah,c,22,0.17
Ct,ah,h,42,-0.043
Cu,ah,c,22,0.067
Cv,ah,h,40,0.181
Cw,ah,h,3,-0.126
Cx,ah,h,3,-0.026
Cy,ah,c,22,-0.13
Cz,ah,h,40,0.237
CA,ah,h,22,0.032
CB,ah,c,27,0.145
CC,ah,h,40,-0.21
CD,ah,c,40,0.016
CE,ah,c,3,0.298
CF,ah,h,27,-0.03
CG,ah,c,3,-0.549
CH,ah,h,3,0.17
CI,ah,h,38,-0.124
CJ,ah,c,22,-0.114
CK,ah,c,22,0.156
CL,ah,o,22,0.015
CM,ah,c,22,-0.299
CN,ah,c,22,0.219
CO,ah,c,3,-0.004
CP,ai,c,3,0.042
CQ,ai,c,3,0.053
CR,ai,i,38,-0.173
CS,ai,c,3,-0.127
CT,ai,c,3,-0.188
CU,ai,h,3,-0.014
CV,ai,c,3,0.109
CW,ai,c,3,-0.112
CX,ai,c,40,-0.007
CY,ai,h,22,-0.06
CZ,ai,h,3,-0.138
Da,ai,c,3,-0.137
Db,ai,h,3,-0.392
Dc,ai,c,40,-0.143
Dd,ai,c,3,-0.184
De,ai,c,3,-0.2
Df,ai,h,22,0.141
Dg,ai,c,40,0.058
Dh,ai,c,3,0.208
Di,ai,o,3,-0.215
Dj,ai,c,3,0.37
Dk,ai,h,3,0.159
Dl,ai,h,22,-0.203
Dm,ai,o,3,-0.159
Dn,ai,c,22,-0.263
Do,ai,h,3,0.083
Dp,ai,c,42,0.154
Dq,ai,c,22,-0.065
Dr,ai,c,40,-0.001
Ds,ai,c,3,-0.132
Dt,ai,c,3,-0.211
Du,ai,h,22,0.068
Dv,ai,c,3,-0.009
Dw,ai,c,3,0.023
Dx,ai,c,3,0.187
Dy,aj,c,3,-0.193
Dz,aj,c,3,-0.137
DA,aj,h,3,-0.58
DB,aj,h,40,-0.009
DC,aj,c,22,0.081
DD,aj,c,22,0.089
DE,aj,c,22,0.284
DF,aj,c,22,-0.754
DG,aj,h,3,-0.209
DH,aj,n,29,-0.473
DI,aj,h,3,-0.248
DJ,aj,i,42,0.05
DK,aj,o,40,0.793
DL,aj,h,3,0.206
DM,aj,i,40,-0.233
DN,aj,o,38,0.011
DO,aj,h,3,-0.781
DP,aj,o,40,0.12
DQ,aj,h,3,-0.599
DR,aj,h,40,0.893
DS,ak,o,3,0.101
DT,ak,h,3,0.241
DU,ak,c,40,0.195
DV,ak,c,3,0.664
DW,ak,h,22,0.158
DX,ak,c,3,0.109
DY,ak,n,3,-0.108
DZ,ak,c,22,0.185
Ea,ak,h,3,-0.128
Eb,ak,h,22,0.341
Ec,ak,c,42,-0.145
Ed,ak,h,3,0.089
Ee,ak,c,3,0.268
Ef,ak,h,3,0.117
Eg,ak,h,40,-0.034
Eh,ak,c,3,0.511
Ei,ak,c,38,-0.19
Ej,ak,h,40,-0.102
Ek,ak,h,3,0.219
El,ak,c,3,-0.028
Em,ak,c,3,-0.391
En,ak,c,40,0.125
Eo,ak,o,3,-0.058
Ep,ak,h,3,0.158
Eq,ak,c,38,-0.02
Er,ak,c,40,-0.411
Es,ak,c,27,0.484
Et,ak,h,3,-0.452
Eu,ak,c,3,0.197
Ev,al,c,3,0.41
Ew,al,c,22,-0.175
Ex,al,h,3,0.391
Ey,al,o,3,0.027
Ez,al,o,3,0.264
EA,al,i,42,-0.302
EB,al,c,3,-0.497
EC,al,c,22,-0.218
ED,al,i,42,0.758
EE,al,h,27,-0.194
EF,al,h,38,-0.011
EG,al,h,27,0.106
EH,al,i,3,-0.188
EI,al,h,3,-0.297
EJ,al,h,27,0.042
EK,al,c,22,0.357
EL,al,h,3,-0.118
EM,al,h,3,0.125
EN,al,h,3,-0.134
EO,al,c,22,-0.185
EP,al,c,22,0.338
EQ,al,i,29,-0.252
ER,al,h,3,0.039
ES,al,c,22,0.067
ET,al,h,22,0.839
EU,al,h,40,0.187
EV,al,o,3,-0.112
EW,am,c,42,-0.386
EX,am,h,3,0.423
EY,am,c,22,-0.171
EZ,am,i,22,0.262
Fa,am,c,40,0.31
Fb,am,h,3,0.385
Fc,am,o,27,-0.059
Fd,am,n,3,0.197
Fe,am,c,22,-0.325
Ff,am,c,22,0.26
Fg,am,c,40,0.902
Fh,am,n,22,-0.07
Fi,am,c,3,0.158
Fj,am,h,3,-0.262
Fk,am,c,3,0.257
Fl,am,h,3,0.009
Fm,am,h,22,0.316
Fn,am,h,22,0.102
Fo,am,c,38,-0.16
Fp,am,h,40,0.179
Fq,am,h,3,0.002
Fr,an,c,3,0.218
Fs,an,c,42,0.398
Ft,an,i,22,-0.292
Fu,an,c,3,-0.588
Fv,an,h,3,-0.448
Fw,an,h,22,-0.637
Fx,an,c,22,-0.146
Fy,an,c,40,0.202
Fz,an,h,3,-0.415
FA,an,c,3,-0.665
FB,an,h,3,-0.198
FC,an,i,22,-0.079
FD,an,h,29,-0.053
FE,an,o,3,0.325
FF,an,h,3,-0.063
FG,an,o,22,0.187
FH,an,i,22,0.149
FI,an,h,3,0.017
FJ,an,c,28,-0.108
FK,an,c,3,-0.112
FL,an,i,40,-0.034
FM,an,c,27,0.168
FN,an,n,22,0.01
FO,an,h,22,-0.209
FP,an,c,42,-0.612
FQ,ao,c,3,0.023
FR,ao,h,3,0.081
FS,ao,c,45,-0.301
FT,ao,c,3,-0.173
FU,ao,c,40,-0.104
FV,ao,c,3,0.132
FW,ao,c,3,-0.025
FX,ao,c,40,-0.006
FY,ao,c,3,-0.254
FZ,ao,h,3,0.023
Ga,ao,h,22,0.008
Gb,ao,h,22,0.383
Gc,ao,h,3,-0.205
Gd,ao,o,22,0.156
Ge,ao,c,3,-0.135
Gf,ao,c,40,-0.104
Gg,ao,h,22,0.549
Gh,ao,c,3,0.219
Gi,ao,h,3,0.259
Gj,ao,h,22,0.261
Gk,ao,c,3,-0.076
Gl,ao,c,28,0.006
Gm,ao,c,40,-0.163
Gn,ao,h,3,-0.12
Go,ao,c,27,0.339
Gp,ao,c,3,-0.233
Gq,ao,c,40,0.073
Gr,ao,c,3,-0.177
Gs,ao,h,22,0.039
Gt,ao,c,27,0.122
Gu,ap,c,40,0.153
Gv,ap,c,22,0.014
Gw,ap,h,42,-0.183
Gx,ap,c,3,0.133
Gy,ap,i,27,-0.295
Gz,ap,c,3,0.42
GA,ap,h,3,0.343
GB,ap,h,3,0.048
GC,ap,i,40,0.212
GD,ap,h,3,-0.203
GE,ap,c,40,-0.597
GF,ap,c,22,0.338
GG,ap,c,22,-0.567
GH,ap,h,22,0.048
GI,ap,c,3,-0.412
GJ,ap,h,3,-0.325
GK,ap,h,40,0.062
GL,ap,c,3,-0.512
GM,aq,c,22,-0.398
GN,aq,c,22,-0.153
GO,aq,h,3,0.14
GP,aq,h,27,0.316
GQ,aq,c,42,0.047
GR,aq,c,22,0.047
GS,aq,h,40,-0.201
GT,aq,h,22,0.454
GU,aq,c,3,-0.079
GV,aq,c,3,-0.038
GW,aq,i,3,0.356
GX,aq,i,3,0.049
GY,aq,h,40,-0.106
GZ,aq,h,22,-0.061
Ha,aq,h,22,0.047
Hb,aq,h,3,-0.189
Hc,aq,c,40,-0.193
Hd,aq,h,28,0.268
He,aq,h,38,0.09
Hf,aq,c,40,-0.113
Hg,ar,c,3,-0.183
Hh,ar,c,3,-0.161
Hi,ar,h,3,0.237
Hj,ar,c,3,-0.215
Hk,ar,c,22,0.463
Hl,ar,c,22,0.215
Hm,ar,c,3,-0.213
Hn,ar,c,3,0.054
Ho,ar,h,3,0.025
Hp,ar,h,22,0.052
Hq,ar,c,22,0.385
Hr,ar,h,3,0.139
Hs,ar,h,22,-0.119
Ht,ar,c,3,0.014
Hu,ar,h,40,0.292
Hv,ar,c,3,0.552
Hw,ar,c,3,0.275
Hx,ar,c,3,0.167
Hy,ar,h,22,-0.093
Hz,ar,c,3,0.417
HA,ar,h,3,0.43
HB,ar,h,40,0.081
HC,ar,h,3,0.043
HD,ar,c,3,-0.273
HE,ar,c,3,0.064
HF,ar,c,22,0.289
HG,ar,c,38,0.239
HH,ar,h,3,-0.465
HI,ar,i,3,-0.413
HJ,ar,h,27,0.027
HK,ar,h,10,0.029
HL,ar,c,40,0.177
HM,ar,c,3,0.091
HN,as,h,3,0.293
HO,as,c,27,0.727
HP,as,c,3,0.265
HQ,as,c,40,-0.229
HR,as,o,3,-0.346
HS,as,h,3,0.174
HT,as,c,22,0.254
HU,as,h,40,0.143
HV,as,o,3,0.095
HW,as,h,3,-0.333
HX,as,o,3,0.299
HY,as,c,3,-0.088
HZ,as,h,22,0.24
Ia,as,c,3,-0.381
Ib,as,c,3,-0.399
Ic,as,h,3,-0.464
Id,as,h,28,-0.2
Ie,as,c,22,0.109
If,as,c,3,0.202
Ig,as,h,28,-0.318
Ih,as,c,3,-0.521
Ii,as,h,22,0.502
Ij,as,h,42,-0.387
Ik,as,o,40,-0.177
Il,as,h,3,-0.352
Im,as,c,3,-0.064
In,as,h,3,0.395
Io,as,h,22,-0.38
Ip,as,i,27,0.522
Iq,as,o,3,-0.317
Ir,as,i,3,-0.754
Is,as,o,3,0.785
It,as,c,3,0.041
Iu,as,c,22,-0.229
Iv,at,o,40,-0.134
Iw,at,h,22,0.586
Ix,at,c,3,0.248
Iy,at,c,3,0.028
Iz,at,h,22,0.101
IA,at,c,3,0.319
IB,at,c,3,-0.232
IC,at,o,22,0.355
ID,at,h,22,-0.188
IE,at,o,40,0.055
IF,at,c,3,0.193
IG,at,c,22,-0.203
IH,at,c,42,-0.251
II,at,h,42,0.261
IJ,at,c,40,0.224
IK,at,h,3,-0.434
IL,at,h,3,-0.161
IM,at,c,29,-0.137
IN,at,c,38,0.096
IO,at,h,22,0.102
IP,at,c,3,0.236
IQ,at,c,3,0.052
IR,at,o,40,-0.348
IS,at,h,3,0.496
IT,at,c,1,-0.518
IU,at,h,40,-0.034
IV,au,c,40,-0.11
IW,au,h,40,0.119
IX,au,c,38,0.116
IY,au,h,42,0.015
IZ,au,o,3,-0.011
Ja,au,c,21,0.358
Jb,au,h,40,0.018
Jc,au,n,3,0.284
Jd,au,c,3,-0.296
Je,au,h,38,-0.141
Jf,au,h,3,-0.024
Jg,au,c,22,-0.104
Jh,au,c,27,0.156
Ji,au,c,40,0.234
Jj,au,h,38,0.072
Jk,au,h,22,0.062
Jl,au,c,3,0.106
Jm,au,h,38,-0.372
Jn,au,h,40,-0.25
Jo,au,h,27,0.181
Jp,au,c,22,-0.464
Jq,au,h,3,0.0
Jr,au,h,22,-0.383
Js,av,c,3,-0.075
Jt,av,c,22,0.069
Ju,av,c,3,0.249
Jv,av,c,3,0.212
Jw,av,h,38,-0.074
Jx,av,h,40,-0.097
Jy,av,c,3,0.161
Jz,av,c,3,0.238
JA,av,h,40,-0.288
JB,av,h,40,-0.31
JC,av,c,3,0.111
JD,av,c,3,-0.043
JE,av,c,22,0.126
JF,av,c,3,0.188
JG,av,h,40,-0.27
JH,av,h,3,0.2
JI,av,h,3,-0.17
JJ,av,c,3,-0.129
JK,av,h,29,0.058
JL,av,h,40,-0.189
JM,aw,h,22,-0.548
JN,aw,h,3,-0.2
JO,aw,h,40,0.107
JP,aw,h,22,-0.447
JQ,aw,o,3,0.186
JR,aw,h,40,-0.247
JS,aw,c,3,0.49
JT,aw,c,22,-0.165
JU,aw,i,42,0.075
JV,aw,c,22,0.211
JW,aw,h,3,-0.128
JX,aw,i,42,-0.212
JY,aw,h,22,-0.22
JZ,aw,h,42,-0.093
Ka,aw,n,3,0.221
Kb,aw,i,42,0.069
Kc,aw,c,3,0.235
Kd,ax,c,22,-0.031
Ke,ax,c,3,0.018
Kf,ax,h,22,0.157
Kg,ax,h,3,0.02
Kh,ax,c,27,0.038
Ki,ax,o,40,-0.072
Kj,ax,c,22,0.178
Kk,ax,c,22,-0.202
Kl,ax,c,22,0.148
Km,ax,h,40,0.078
Kn,ax,c,22,0.178
Ko,ax,c,3,0.138
Kp,ax,h,40,0.033
Kq,ax,c,22,0.321
Kr,ax,h,40,-0.069
Ks,ax,c,22,-0.119
Kt,ax,h,22,-0.266
Ku,ax,h,3,-0.013
Kv,ax,c,3,-0.08
Kw,ax,c,3,0.339
Kx,ax,c,3,-0.26
Ky,ax,o,3,-0.257
Kz,ax,c,22,0.193
KA,ax,h,38,-0.008
KB,ax,c,22,-0.316
KC,ax,h,3,0.181
KD,ax,o,40,0.274
KE,ax,c,3,-0.287
KF,ax,h,3,0.118
KG,ax,c,3,-0.426
KH,ax,c,22,0.035
KI,ax,c,3,-0.174
KJ,ax,c,3,0.311
KK,ax,c,3,-0.103
KL,ax,h,3,0.029
KM,ax,c,3,0.083
KN,ax,h,3,0.086
KO,ax,h,42,-0.457
KP,ay,h,3,0.518
KQ,ay,h,3,0.096
KR,ay,h,3,0.008
KS,ay,h,3,0.24
KT,ay,o,40,0.284
KU,ay,h,3,-0.112
KV,ay,h,3,0.133
KW,ay,h,40,0.024
KX,ay,c,22,0.009
KY,ay,i,40,0.236
KZ,ay,o,40,0.356
La,ay,h,3,0.16
Lb,ay,c,3,-0.781
Lc,ay,c,3,-0.403
Ld,ay,c,22,-0.066
Le,ay,o,3,0.255
Lf,ay,c,22,-0.183
Lg,ay,h,22,0.876
Lh,ay,n,40,0.39
Li,ay,h,22,0.473
Lj,ay,o,3,0.17
Lk,ay,c,40,0.345
Ll,ay,h,40,-0.645
Lm,ay,h,3,0.157
Ln,ay,c,22,0.53
Lo,ay,c,22,-0.154
Lp,ay,c,3,0.205
Lq,ay,h,19,-0.146
Lr,ay,c,22,0.43
Ls,ay,i,3,0.438
Lt,ay,i,3,-0.658
Lu,ay,c,3,0.216
Lv,az,c,40,0.141
Lw,az,c,3,-0.292
Lx,az,c,40,-0.071
Ly,az,c,3,-0.023
Lz,az,h,22,0.01
LA,az,h,22,0.429
LB,az,c,45,-0.233
LC,az,h,22,-0.08
LD,az,c,3,-0.003
LE,az,c,40,0.197
LF,az,c,42,-0.097
LG,az,c,42,-0.077
LH,az,c,3,0.029
LI,az,h,40,-0.286
LJ,az,c,22,-0.027
LK,az,c,3,0.053
LL,az,h,38,-0.194
LM,az,h,3,0.318
LN,az,h,22,-0.006
LO,az,c,3,0.194
LP,az,c,3,-0.205
LQ,az,c,27,0.042
LR,az,c,22,-0.017
LS,az,c,22,0.064
LT,az,c,22,0.082
LU,az,h,3,0.081
LV,az,h,3,-0.126
LW,az,h,3,-0.15
LX,az,o,40,-0.041
LY,aA,c,22,0.383
LZ,aA,h,40,-0.098
Ma,aA,c,22,-0.338
Mb,aA,h,42,0.149
Mc,aA,c,22,-0.11
Md,aA,o,22,0.503
Me,aA,i,42,-0.021
Mf,aA,c,22,0.523
Mg,aA,o,42,0.651
Mh,aA,h,40,-0.005
Mi,aA,c,22,-0.106
Mj,aA,h,3,-0.781
Mk,aA,h,32,0.478
Ml,aA,c,3,0.205
Mm,aA,c,3,-0.105
Mn,aA,n,42,0.291
Mo,aB,c,3,0.339
Mp,aB,c,3,0.644
Mq,aB,h,3,0.764
Mr,aB,h,29,0.298
Ms,aB,o,22,0.216
Mt,aB,c,3,0.032
Mu,aB,h,3,0.035
Mv,aB,i,27,0.565
Mw,aB,c,22,0.016
Mx,aB,o,22,-0.064
My,aB,h,27,0.195
Mz,aB,c,3,0.015
MA,aB,n,22,-0.115
MB,aB,c,27,0.004
MC,aB,o,42,-0.424
MD,aB,h,3,0.391
ME,aB,h,22,0.646
MF,aB,c,22,0.415
MG,aB,c,3,-0.078
MH,aB,i,3,0.644
MI,aB,c,3,1.002
MJ,aB,h,27,-0.592
MK,aB,o,32,0.298
ML,aB,o,40,-0.431
MM,aB,h,27,-0.365
MN,aB,c,40,0.481
MO,aB,c,42,-0.272
MP,aB,h,40,0.492
MQ,aB,h,3,1.002
MR,aC,h,3,-0.074
MS,aC,h,3,0.473
MT,aC,c,29,-0.234
MU,aC,h,3,0.114
MV,aC,c,27,-0.025
MW,aC,h,40,0.144
MX,aC,o,3,0.419
MY,aC,c,14,-0.54
MZ,aC,c,3,-0.322
Na,aC,c,3,-0.658
Nb,aC,h,3,0.555
Nc,aC,h,22,0.24
Nd,aC,o,3,-0.035
Ne,aC,h,40,0.448
Nf,aC,c,29,-0.044
Ng,aC,c,3,-0.13
Nh,aC,o,22,-0.368
Ni,aD,o,42,-0.161
Nj,aD,c,22,-0.309
Nk,aD,c,22,-0.035
Nl,aD,h,22,0.033
Nm,aD,c,42,-0.064
Nn,aD,i,92,0.398
No,aD,c,3,0.664
Np,aD,c,22,0.24
Nq,aD,c,22,0.406
Nr,aD,c,22,0.161
Ns,aD,h,22,0.415
Nt,aD,i,22,0.606
Nu,aD,o,29,0.076
Nv,aD,c,22,0.274
Nw,aD,c,22,0.023
Nx,aD,c,22,0.368
Ny,aD,c,3,-0.41
Nz,aD,h,3,0.232
NA,aD,h,3,0.001
NB,aD,c,27,-0.127
NC,aD,c,3,0.008
ND,aD,h,3,-0.072
NE,aD,h,22,0.036
NF,aD,h,3,-0.104
NG,aD,c,3,-0.547
NH,aE,i,40,-0.33
NI,aE,h,27,-0.057
NJ,aE,h,40,0.465
NK,aE,h,3,0.287
NL,aE,o,3,0.38
NM,aE,c,22,0.477
NN,aE,o,10,0.299
NO,aE,h,40,0.747
NP,aE,i,29,-0.298
NQ,aE,h,3,-0.162
NR,aE,h,42,0.358
NS,aE,c,22,-0.575
NT,aE,i,27,-0.188
NU,aE,c,22,0.024
NV,aE,i,10,-0.033
NW,aF,c,40,0.023
NX,aF,c,27,0.114
NY,aF,h,3,0.378
NZ,aF,c,40,-0.176
Oa,aF,i,22,-0.016
Ob,aF,h,22,-0.307
Oc,aF,h,22,-0.282
Od,aF,h,3,0.301
Oe,aF,h,22,0.083
Of,aF,c,3,0.207
Og,aF,c,3,-0.074
Oh,aF,c,3,-0.222
Oi,aF,c,3,-0.175
Oj,aF,c,3,0.017
Ok,aF,c,40,0.041
Ol,aF,h,22,0.072
Om,aF,o,22,0.235
On,aF,c,38,-0.329
Oo,aF,c,42,-0.107
Op,aF,c,28,0.22
Oq,aF,i,22,0.532
Or,aF,c,10,-0.481
Os,aF,c,3,-0.088
Ot,aF,c,3,0.039
Ou,aF,c,40,0.269
Ov,aF,c,3,0.144
Ow,aF,c,3,0.139
Ox,aF,i,22,-0.026
Oy,aG,c,22,0.184
Oz,aG,o,22,-0.225
OA,aG,i,42,-0.175
OB,aG,h,42,-0.035
OC,aG,c,22,-0.243
OD,aG,h,3,0.012
OE,aG,c,3,0.097
OF,aG,c,22,-0.469
OG,aG,c,3,0.292
OH,aG,h,40,-0.044
OI,aG,c,22,0.027
OJ,aG,c,22,0.169
OK,aG,h,3,-0.072
OL,aG,h,38,0.0
OM,aG,c,3,0.118
ON,aG,c,22,0.071
OO,aG,h,22,-0.205
OP,aG,h,22,-0.144
OQ,aG,h,1,0.136
OR,aG,c,22,0.172
OS,aG,c,3,-0.094
OT,aG,o,40,-0.386
OU,aG,o,27,-0.107
OV,aG,o,3,-0.162
OW,aG,h,3,0.304
OX,aH,c,3,-0.31
OY,aH,h,22,-0.009
OZ,aH,h,22,0.082
Pa,aH,h,3,-0.118
Pb,aH,c,3,-0.043
Pc,aH,c,3,-0.031
Pd,aH,c,3,0.357
Pe,aH,h,22,-0.079
Pf,aH,c,3,0.262
Pg,aH,c,42,0.122
Ph,aH,c,3,-0.09
Pi,aH,c,92,0.052
Pj,aH,h,22,0.163
Pk,aH,c,3,-0.294
Pl,aH,c,26,-0.077
Pm,aH,h,22,0.111
Pn,aH,c,3,0.167
Po,aH,c,38,0.149
Pp,aH,h,22,0.31
Pq,aH,c,40,-0.117
Pr,aH,c,40,0.004
Ps,aH,c,42,-0.45
Pt,aH,h,22,-0.123
Pu,aH,c,3,-0.133
Pv,aH,h,3,0.135
Pw,aH,c,3,0.041
Px,aH,h,22,-0.151
Py,aH,h,3,0.06
Pz,aH,c,3,0.303
PA,aH,c,3,0.194
PB,aH,c,3,-0.222
PC,aH,c,40,0.107
PD,aH,c,3,0.031
PE,aH,h,22,0.105
PF,aH,h,22,0.233
PG,aH,h,22,0.124
PH,aI,c,3,-0.209
PI,aI,h,22,-0.084
PJ,aI,o,22,0.176
PK,aI,c,3,-0.07
PL,aI,h,22,0.22
PM,aI,c,27,-0.155
PN,aI,h,3,-0.112
PO,aI,c,38,-0.198
PP,aI,c,10,-0.225
PQ,aI,h,3,0.268
PR,aI,c,3,0.147
PS,aI,c,38,-0.087
PT,aI,c,3,-0.371
PU,aI,c,3,0.05
PV,aI,o,22,0.021
PW,aI,c,3,-0.083
PX,aI,c,40,0.085
PY,aI,h,22,-0.027
PZ,aI,h,22,-0.127
Qa,aI,c,40,-0.328
Qb,aI,h,3,0.19
Qc,aI,c,3,-0.064
Qd,aI,c,40,-0.13
Qe,aI,h,22,0.153
Qf,aI,c,38,-0.168
Qg,aI,h,3,0.13
Qh,aI,h,22,0.075
Qi,aI,c,3,-0.118
Qj,aI,c,40,-0.291
Qk,aI,c,40,-0.097
Ql,aI,c,3,-0.099
Qm,aI,h,3,-0.332
Qn,aI,h,3,0.031
Qo,aI,c,3,0.177
Qp,aI,c,40,-0.033
Qq,aI,h,22,0.235
Qr,aI,c,40,0.227
Qs,aI,h,22,-0.044
Qt,aI,c,3,-0.179
Qu,aI,c,40,0.225
Qv,aJ,h,22,-0.345
Qw,aJ,h,22,0.324
Qx,aJ,c,3,-0.503
Qy,aJ,c,3,0.461
Qz,aJ,c,40,-0.251
QA,aJ,h,22,0.047
QB,aJ,h,22,0.143
QC,aJ,h,3,0.125
QD,aJ,c,22,0.197
QE,aJ,h,22,0.331
QF,aJ,c,3,0.165
QG,aJ,c,3,-0.359
QH,aJ,h,3,-0.112
QI,aJ,h,3,-0.419
QJ,aJ,o,3,-0.336
QK,aJ,n,22,-0.122
QL,aJ,c,22,-0.267
QM,aJ,c,3,-0.308
QN,aJ,c,3,-0.254
QO,aJ,h,3,0.007
QP,aJ,c,3,-0.152
QQ,aJ,c,40,-0.084
QR,aJ,h,22,0.093
QS,aJ,c,38,-0.023
QT,aJ,c,22,-0.729
QU,aJ,h,3,0.204
QV,aJ,c,3,-0.301
QW,aJ,c,22,0.196
QX,aJ,c,3,0.15
QY,aK,h,3,-0.01
QZ,aK,h,3,0.121
Ra,aK,h,3,0.516
Rb,aK,h,22,-0.173
Rc,aK,h,3,-0.69
Rd,aK,c,22,-0.286
Re,aK,h,40,0.221
Rf,aK,c,3,0.213
Rg,aK,o,22,-0.161
Rh,aK,n,22,0.262
Ri,aK,h,22,0.455
Rj,aK,h,27,-0.056
Rk,aK,c,3,-0.092
Rl,aK,h,40,-0.353
Rm,aK,c,22,0.024
Rn,aK,c,3,-0.094
Ro,aK,c,22,0.333
Rp,aK,c,3,0.214
Rq,aK,c,3,0.157
Rr,aK,c,3,0.034
Rs,aK,h,22,0.101
Rt,aK,h,22,-0.131
Ru,aK,c,22,-0.306
Rv,aK,c,38,0.572
Rw,aK,i,38,0.39
Rx,aL,c,3,0.37
Ry,aL,c,22,0.179
Rz,aL,c,22,-0.231
RA,aL,c,3,0.224
RB,aL,c,40,-0.321
RC,aL,h,3,0.298
RD,aL,h,3,-0.085
RE,aL,c,22,-0.131
RF,aL,h,3,0.091
RG,aL,c,22,0.047
RH,aL,c,22,0.194
RI,aL,h,38,-0.177
RJ,aL,c,40,0.049
RK,aL,c,3,0.47
RL,aL,c,3,0.144
RM,aL,o,28,0.147
RN,aL,c,22,0.437
RO,aL,h,27,0.117
RP,aL,c,22,-0.003
RQ,aL,h,27,0.423
RR,aL,h,3,-0.07
RS,aL,h,3,0.01
RT,aL,c,3,0.202
RU,aL,c,22,-0.045
RV,aL,c,22,0.37
RW,aL,c,3,0.06
RX,aL,c,3,0.356
RY,aL,h,27,-0.356
RZ,aL,c,22,0.269
Sa,aL,c,3,-0.38
Sb,aL,h,3,0.049
Sc,aL,c,3,-0.117
Sd,aL,c,3,0.157
Se,aL,c,42,-0.194
Sf,aL,h,27,0.203
Sg,aL,c,3,-0.188
Sh,aL,h,22,0.201
Si,aL,i,3,0.168
Sj,aL,c,3,-0.075
Sk,aM,c,3,-0.096
Sl,aM,c,22,0.14
Sm,aM,h,40,-0.039
Sn,aM,h,40,0.045
So,aM,n,38,0.128
Sp,aM,h,40,-0.165
Sq,aM,h,3,0.307
Sr,aM,h,3,-0.209
Ss,aM,h,27,0.22
St,aM,h,195,-0.034
Su,aM,h,3,-0.274
Sv,aM,c,3,0.426
Sw,aM,n,40,-0.649
Sx,aM,c,22,-0.16
Sy,aM,c,3,0.191
Sz,aM,h,3,0.329
SA,aM,i,42,0.21
SB,aM,c,40,-0.231
SC,aM,c,22,0.043
SD,aM,c,22,0.131
SE,aM,i,40,-0.267
SF,aM,c,22,0.107
SG,aM,o,38,0.125
SH,aM,o,40,-0.485
SI,aN,c,38,0.273
SJ,aN,h,22,-0.085
SK,aN,i,3,-0.105
SL,aN,c,42,-0.344
SM,aN,c,40,-0.125
SN,aN,h,22,0.148
SO,aN,c,42,0.056
SP,aN,o,3,0.044
SQ,aN,c,42,-0.113
SR,aN,c,40,-0.214
SS,aN,h,42,0.508
ST,aN,c,42,0.172
SU,aN,c,38,-0.17
SV,aN,h,3,0.477
SW,aN,c,27,0.0
SX,aN,h,40,-0.304
SY,aN,h,38,0.32
SZ,aN,o,22,-0.001
Ta,aN,n,3,-0.378
Tb,aN,o,22,-0.134
Tc,aN,c,3,-0.058
Td,aN,n,27,-0.095
Te,aN,c,40,-0.228
Tf,aN,h,3,-0.124
Tg,aN,c,3,0.473
Th,aN,c,3,-0.272
Ti,aO,c,3,0.304
Tj,aO,c,3,0.329
Tk,aO,h,40,-0.407
Tl,aO,h,3,0.425
Tm,aO,h,3,-0.011
Tn,aO,h,3,0.042
To,aO,h,40,0.232
Tp,aO,c,3,-0.265
Tq,aO,h,3,0.388
Tr,aO,c,3,-0.062
Ts,aO,h,3,-0.192
Tt,aO,c,22,-0.245
Tu,aO,c,22,0.403
Tv,aO,h,3,-0.004
Tw,aO,c,3,0.056
Tx,aO,h,22,0.115
Ty,aO,c,22,0.219
Tz,aO,c,22,-0.674
TA,aO,h,3,-0.282
TB,aO,h,22,0.016
TC,aO,c,22,-0.109
TD,aO,c,3,0.155
TE,aO,h,3,0.346
TF,aO,o,40,-0.021
TG,aO,c,3,-0.033
TH,aO,c,22,0.071
TI,aO,o,3,-0.099
TJ,aO,c,3,-0.154
TK,aO,c,22,0.174
TL,aO,n,93,-0.257
TM,aO,c,3,-0.293
TN,aO,c,3,-0.17
TO,aO,h,3,0.069
TP,aO,h,3,-0.061
TQ,aO,h,40,-0.09
TR,aO,c,3,0.079
TS,aP,c,22,0.05
TT,aP,c,40,0.047
TU,aP,c,3,-0.215
TV,aP,c,38,-0.269
TW,aP,c,40,-0.216
TX,aP,h,40,0.009
TY,aP,c,40,-0.189
TZ,aP,c,3,0.058
Ua,aP,c,22,-0.302
Ub,aP,i,40,0.519
Uc,aP,c,22,-0.099
Ud,aP,h,3,-0.021
Ue,aP,c,38,-0.056
Uf,aP,c,22,0.062
Ug,aP,c,3,0.25
Uh,aP,h,10,0.116
Ui,aP,c,27,0.199
Uj,aP,i,40,-0.006
Uk,aP,c,22,0.165
Ul,aP,h,29,0.544
Um,aP,h,3,-0.241
Un,aP,c,27,-0.073
Uo,aP,c,22,0.172
Up,aP,c,22,-0.262
Uq,aP,c,32,0.023
Ur,aP,i,3,0.273
Us,aP,c,22,-0.116
Ut,aP,h,22,-0.205
Uu,aP,h,22,-0.096
Uv,aP,c,3,0.114
Uw,aP,c,27,-0.224
Ux,aP,h,10,0.033
Uy,aP,n,3,-0.366
Uz,aP,c,22,0.144
UA,aQ,c,40,-0.019
UB,aQ,h,22,-0.048
UC,aQ,c,3,0.165
UD,aQ,h,3,-0.039
UE,aQ,c,3,0.279
UF,aQ,c,3,-0.057
UG,aQ,h,3,0.004
UH,aQ,h,22,-0.04
UI,aQ,c,3,-0.051
UJ,aQ,c,22,0.074
UK,aQ,h,3,0.064
UL,aQ,c,26,-0.188
UM,aQ,h,27,-0.188
UN,aQ,c,38,0.012
UO,aQ,h,40,-0.237
UP,aQ,c,22,-0.05
UQ,aQ,c,3,0.06
UR,aQ,h,3,-0.035
US,aQ,h,3,-0.114
UT,aQ,h,3,0.316
UU,aQ,c,22,0.078
UV,aQ,h,3,-0.027
UW,aQ,c,40,0.07
UX,aQ,h,40,-0.147
UY,aQ,h,27,0.183
UZ,aQ,c,28,-0.2
Va,aQ,c,42,0.0
Vb,aQ,c,27,-0.087
Vc,aQ,c,3,-0.049
Vd,aQ,c,3,0.187
Ve,aQ,h,40,0.087
Vf,aQ,h,195,-0.096
Vg,aQ,c,22,0.3
Vh,aQ,c,3,0.008
Vi,aQ,c,22,0.012
Vj,aR,c,3,-0.197
Vk,aR,o,3,0.271
Vl,aR,o,22,0.2
Vm,aR,c,22,0.057
Vn,aR,c,3,0.113
Vo,aR,c,40,0.172
Vp,aR,h,40,-0.212
Vq,aR,c,22,-0.09
Vr,aR,c,22,0.265
Vs,aR,c,3,-0.263
Vt,aR,h,3,0.273
Vu,aR,c,22,0.054
Vv,aR,c,22,-0.013
Vw,aR,c,22,-0.034
Vx,aR,c,22,0.522
Vy,aR,c,22,-0.2
Vz,aR,c,27,-0.346
VA,aR,i,3,0.057
VB,aR,h,40,-0.24
VC,aR,h,22,-0.533
VD,aR,h,22,0.076
VE,aR,c,27,0.02
VF,aR,h,3,0.303
VG,aR,c,22,-0.161
VH,aR,o,3,-0.108
VI,aR,o,3,-0.039
VJ,aR,h,22,-0.135
VK,aR,c,22,0.107
VL,aR,n,21,0.016
VM,aR,c,40,0.04
VN,aS,h,3,0.109
VO,aS,c,22,-0.24
VP,aS,c,3,-0.375
VQ,aS,c,1,-0.011
VR,aS,c,3,-0.454
VS,aS,h,22,0.506
VT,aS,h,40,-0.224
VU,aS,o,27,-0.108
VV,aS,h,3,0.309
VW,aS,c,22,0.114
VX,aS,c,3,0.238
VY,aS,h,3,-0.564
VZ,aS,c,3,0.313
Wa,aS,h,40,-0.09
Wb,aS,h,22,0.609
Wc,aS,h,40,-0.155
Wd,aS,h,42,0.064
We,aS,c,22,-0.046
Wf,aS,c,22,0.204
Wg,aS,o,93,0.172
Wh,aS,o,27,-0.249
Wi,aS,c,22,0.379
Wj,aS,h,22,0.201
Wk,aS,c,3,-0.21
Wl,aS,c,27,-0.035
Wm,aS,c,22,-0.498
Wn,aS,c,3,0.094
Wo,aS,h,3,-0.027
Wp,aS,h,42,-0.276
Wq,aS,o,3,-0.213
Wr,aT,c,22,0.192
Ws,aT,c,3,0.294
Wt,aT,h,40,-0.15
Wu,aT,h,3,-0.571
Wv,aT,o,40,-0.134
Ww,aT,c,22,0.297
Wx,aT,c,40,0.32
Wy,aT,h,40,-0.211
Wz,aT,c,3,-0.21
WA,aT,h,40,-0.36
WB,aT,h,22,0.277
WC,aT,h,22,0.313
WD,aT,h,22,-0.505
WE,aT,h,22,0.236
WF,aT,h,22,0.527
WG,aT,h,3,0.22
WH,aT,c,27,0.44
WI,aT,c,40,-0.266
WJ,aT,c,22,-0.358
WK,aT,c,3,0.406
WL,aT,c,22,0.286
WM,aU,o,22,-0.016
WN,aU,c,21,0.008
WO,aU,o,3,-0.043
WP,aU,h,3,0.097
WQ,aU,c,40,0.117
WR,aU,h,3,0.048
WS,aU,c,3,-0.121
WT,aU,o,22,0.197
WU,aU,h,40,0.094
WV,aU,h,3,-0.025
WW,aU,c,40,-0.203
WX,aU,h,40,0.053
WY,aU,c,27,0.027
WZ,aU,h,40,0.137
Xa,aU,h,27,-0.273
Xb,aU,c,10,0.229
Xc,aU,h,3,-0.202
Xd,aU,c,27,-0.139
Xe,aU,c,3,0.127
Xf,aU,o,3,-0.083
Xg,aU,h,22,0.07
Xh,aU,h,3,0.118
Xi,aU,c,40,-0.061
Xj,aU,h,22,0.093
Xk,aU,n,22,0.372
Xl,aU,c,3,-0.142
Xm,aU,o,22,0.077
Xn,aU,c,40,-0.228
Xo,aV,o,3,-0.245
Xp,aV,h,22,-0.026
Xq,aV,c,22,-0.37
Xr,aV,c,22,-0.036
Xs,aV,c,22,-0.511
Xt,aV,c,22,-0.03
Xu,aV,o,27,0.311
Xv,aV,c,22,0.239
Xw,aV,o,27,0.001
Xx,aV,c,22,0.129
Xy,aV,h,3,0.007
Xz,aV,c,3,0.335
XA,aV,h,3,0.17
XB,aV,c,3,0.647
XC,aV,h,22,-0.441
XD,aV,h,40,-0.329
XE,aV,h,27,-0.036
XF,aV,c,22,-0.263
XG,aV,c,3,0.091
XH,aV,h,3,0.052
XI,aW,c,40,-0.281
XJ,aW,o,3,0.253
XK,aW,c,22,0.038
XL,aW,c,3,-0.137
XM,aW,c,22,0.302
XN,aW,h,22,0.392
XO,aW,c,22,-0.147
XP,aW,c,22,-0.047
XQ,aW,c,3,0.33
XR,aW,n,22,0.01
XS,aW,c,22,-0.053
XT,aW,c,3,0.055
XU,aW,c,3,-0.057
XV,aW,h,3,0.153
XW,aW,h,3,0.31
XX,aW,h,3,0.131
XY,aW,c,22,-0.116
XZ,aW,c,22,0.201
Ya,aW,h,3,-0.004
Yb,aW,c,40,-0.103
Yc,aW,h,22,-0.03
Yd,aW,c,38,-0.046
Ye,aW,c,3,-0.065
Yf,aW,h,22,-0.013
Yg,aW,h,3,0.185
Yh,aW,h,22,-0.077
Yi,aW,i,22,-0.0
Yj,aW,c,3,0.069
Yk,aW,h,22,0.271
Yl,aW,c,22,-0.125
Ym,aW,h,3,-0.035
Yn,aW,h,3,-0.085
Yo,aW,c,3,-0.083
Yp,aW,h,3,-0.041
Yq,aW,c,3,-0.127
Yr,aX,h,3,0.194
Ys,aX,h,3,-0.176
Yt,aX,h,3,-0.265
Yu,aX,c,22,-0.056
Yv,aX,c,22,0.313
Yw,aX,h,38,-0.226
Yx,aX,o,3,0.482
Yy,aX,o,42,0.223
Yz,aX,c,22,0.321
YA,aX,h,22,0.075
YB,aX,h,3,-0.252
YC,aX,h,22,-0.219
YD,aX,c,3,0.239
YE,aX,c,22,0.06
YF,aX,c,3,-0.202
YG,aX,h,3,0.272
YH,aX,c,22,0.335
YI,aX,c,3,-0.08
YJ,aX,n,3,-0.162
YK,aX,c,3,-0.011
YL,aX,c,3,-0.307
YM,aX,h,38,0.127
YN,aX,c,40,0.53
YO,aX,c,3,-0.193
YP,aY,h,3,0.117
YQ,aY,c,22,-0.08
YR,aY,c,22,0.455
YS,aY,h,27,0.002
YT,aY,c,22,0.167
YU,aY,i,38,-0.172
YV,aY,n,32,-0.106
YW,aY,c,22,0.043
YX,aY,c,3,0.039
YY,aY,c,22,0.032
YZ,aY,c,3,-0.354
Za,aY,c,40,0.137
Zb,aY,h,3,-0.248
Zc,aY,c,3,-0.013
Zd,aY,c,22,0.026
Ze,aY,c,22,0.186
Zf,aY,h,3,0.67
Zg,aY,c,22,-0.095
Zh,aY,h,22,-0.122
Zi,aY,c,22,0.241
Zj,aZ,h,3,-0.035
Zk,aZ,h,27,0.329
Zl,aZ,c,3,-0.112
Zm,aZ,c,3,0.142
Zn,aZ,o,40,0.044
Zo,aZ,c,3,0.089
Zp,aZ,c,3,-0.203
Zq,aZ,h,3,-0.299
Zr,aZ,h,3,-0.045
Zs,aZ,h,22,-0.074
Zt,aZ,h,3,-0.352
Zu,aZ,h,27,-0.071
Zv,aZ,c,3,-0.243
Zw,aZ,h,40,-0.047
Zx,aZ,h,3,-0.315
Zy,aZ,o,40,-0.022
Zz,aZ,c,29,-0.079
ZA,aZ,c,29,-0.315
ZB,aZ,c,3,0.433
ZC,aZ,c,3,-0.098
ZD,aZ,c,22,-0.075
ZE,aZ,h,3,-0.139
ZF,aZ,h,27,0.019
ZG,aZ,h,3,-0.003
ZH,aZ,h,1,0.275
ZI,aZ,f,40,0.42
ZJ,aZ,c,22,-0.079
ZK,aZ,c,42,0.275
ZL,aZ,h,22,-0.213
ZM,aZ,c,3,0.073
ZN,aZ,c,22,-0.119
ZO,aZ,h,40,-0.513
ZP,aZ,c,22,0.711
ZQ,aZ,h,3,-0.355
ZR,ba,h,40,-0.112
ZS,ba,o,27,-0.328
ZT,ba,h,3,-0.157
ZU,ba,c,42,-0.291
ZV,ba,c,52,-0.17
ZW,ba,h,93,-0.213
ZX,ba,c,3,0.174
ZY,ba,h,3,-0.44
ZZ,ba,h,22,-0.073
aaa,ba,o,3,-0.376
aab,ba,h,27,-0.148
aac,ba,c,40,-0.46
aad,ba,h,38,-0.288
aae,ba,c,40,-0.576
aaf,ba,c,3,-0.006
aag,ba,c,40,0.255
aah,ba,c,3,0.477
aai,ba,h,40,-0.094
aaj,ba,o,3,0.105
aak,ba,i,22,0.458
aal,ba,h,42,0.067
aam,ba,h,29,-0.494
aan,ba,h,93,0.144
aao,ba,c,22,0.465
aap,ba,h,3,-0.015
aaq,ba,c,3,-0.282
aar,ba,c,3,0.092
aas,ba,c,40,-0.399
aat,ba,h,40,-0.039
aau,ba,h,3,0.342
aav,ba,h,40,0.434
aaw,ba,c,22,0.141
aax,ba,h,42,-0.225
aay,ba,c,27,-0.308
aaz,ba,c,3,-0.405
aaA,ba,c,40,-0.184
aaB,ba,h,27,0.213
aaC,ba,h,3,0.068
aaD,ba,i,22,0.025
aaE,ba,c,3,0.073
aaF,bb,h,3,0.081
aaG,bb,o,40,-0.415
aaH,bb,h,42,0.004
aaI,bb,h,3,-0.273
aaJ,bb,c,22,-0.058
aaK,bb,i,22,-0.237
aaL,bb,c,38,0.017
aaM,bb,h,22,-0.014
aaN,bb,h,22,-0.309
aaO,bb,h,42,-0.127
aaP,bb,h,3,0.063
aaQ,bb,c,38,-0.211
aaR,bb,n,40,-0.076
aaS,bb,i,40,-0.156
aaT,bb,o,27,0.269
aaU,bb,c,42,-0.021
aaV,bb,h,22,0.199
aaW,bc,h,22,0.197
aaX,bc,c,3,-0.195
aaY,bc,c,3,-0.504
aaZ,bc,f,42,0.325
aba,bc,c,27,0.169
abb,bc,h,26,-0.197
abc,bc,o,3,0.168
abd,bc,h,40,-0.067
abe,bc,c,195,-0.432
abf,bc,c,42,-0.237
abg,bc,o,40,-0.273
abh,bc,h,3,0.015
abi,bc,h,40,-0.305
abj,bc,o,22,0.412
abk,bc,h,22,0.408
abl,bc,i,40,0.47
abm,bc,h,3,-0.052
abn,bc,c,22,0.009
abo,bc,h,3,0.172
abp,bc,c,40,-0.117
abq,bc,o,27,-0.597
abr,bc,n,3,-0.001
abs,bc,h,22,0.732
abt,bc,c,22,-0.055
abu,bc,c,3,-0.161
abv,bd,h,22,-0.081
abw,bd,c,195,0.123
abx,bd,h,3,0.455
aby,bd,h,40,0.272
abz,bd,c,22,-0.502
abA,bd,c,3,-0.207
abB,bd,h,3,-0.269
abC,bd,c,3,0.415
abD,bd,n,3,0.469
abE,bd,c,38,0.469
abF,bd,h,40,0.138
abG,bd,h,22,0.248
abH,bd,h,40,-0.093
abI,bd,h,3,-0.23
abJ,bd,o,3,-0.139
abK,bd,h,3,-0.464
abL,bd,h,40,0.319
abM,bd,o,3,0.438
abN,bd,c,3,0.112
abO,bd,c,3,0.026
abP,bd,h,22,0.056
abQ,bd,c,40,-0.187
abR,bd,h,3,-0.013
abS,bd,c,3,-0.326
abT,bd,n,38,-0.063
abU,bd,c,22,-0.124
abV,bd,c,3,-0.475
abW,bd,c,29,0.32
abX,bd,h,3,-0.006
abY,bd,c,40,-0.409
abZ,bd,c,27,-0.305
aca,be,c,22,0.238
acb,be,c,22,-0.035
acc,be,c,3,-0.442
acd,be,h,3,-0.061
ace,be,o,22,0.098
acf,be,c,3,0.421
acg,be,c,40,-0.206
ach,be,h,22,0.064
aci,be,c,22,0.158
acj,be,c,3,-0.441
ack,be,h,3,0.559
acl,be,i,27,-0.13
acm,be,o,27,-0.469
acn,be,c,40,0.081
aco,be,c,3,-0.482
acp,be,h,3,0.374
acq,be,o,22,0.406
acr,be,c,3,-0.219
acs,be,c,10,0.088
act,be,i,22,0.269
acu,be,h,27,-0.288
acv,be,c,32,-0.571
acw,bf,c,40,0.071
acx,bf,c,27,-0.122
acy,bf,h,3,0.264
acz,bf,c,38,-0.152
acA,bf,h,3,0.138
acB,bf,c,3,-0.035
acC,bf,c,3,0.432
acD,bf,c,42,-0.462
acE,bf,c,42,-0.355
acF,bf,c,38,-0.079
acG,bf,h,22,0.185
acH,bf,h,3,0.111
acI,bf,h,22,0.183
acJ,bf,h,3,0.037
acK,bf,c,42,0.141
acL,bf,c,42,-0.256
acM,bf,c,3,-0.092
acN,bf,h,3,-0.061
acO,bf,c,3,-0.018
acP,bf,h,3,0.282
acQ,bf,c,1,-0.436
acR,bf,c,38,-0.093
acS,bf,c,42,0.205
acT,bf,h,3,0.326
acU,bf,c,38,0.158
acV,bf,o,22,-0.162
acW,bf,c,34,-0.506
acX,bg,h,27,0.015
acY,bg,c,22,0.168
acZ,bg,c,40,-0.019
ada,bg,c,40,0.022
adb,bg,c,3,-0.103
adc,bg,c,3,0.109
add,bg,c,3,0.06
ade,bg,c,38,-0.373
adf,bg,h,27,-0.194
adg,bg,h,3,-0.066
adh,bg,o,1,0.06
adi,bg,c,22,0.396
adj,bg,c,3,-0.126
adk,bg,c,22,0.172
adl,bg,h,3,0.084
adm,bg,h,42,-0.352
adn,bg,c,3,0.267
ado,bg,n,3,0.119
adp,bg,c,1,-0.158
adq,bg,o,22,0.201
adr,bg,c,40,0.149
ads,bg,h,40,0.138
adt,bg,c,3,-0.192
adu,bg,c,22,0.178
adv,bg,c,3,0.073
adw,bg,c,27,-0.055
adx,bg,c,3,-0.209
ady,bg,h,3,0.125
adz,bg,c,3,-0.066
adA,bg,h,10,-0.419
adB,bg,h,27,-0.086
adC,bg,h,3,-0.101
adD,bg,h,27,0.135
adE,bg,h,28,-0.183
adF,bg,c,22,0.003
adG,bg,h,3,-0.321
adH,bh,c,3,-0.069
adI,bh,n,22,-0.09
adJ,bh,i,3,0.351
adK,bh,h,22,0.294
adL,bh,c,22,-0.032
adM,bh,h,3,-0.154
adN,bh,h,3,-0.056
adO,bh,c,42,-0.055
adP,bh,c,22,-0.209
adQ,bh,h,22,0.113
adR,bh,h,3,0.269
adS,bh,c,22,0.037
adT,bh,c,3,0.066
adU,bh,c,22,0.054
adV,bh,h,3,0.432
adW,bh,h,3,-0.109
adX,bh,c,3,-0.127
adY,bh,h,3,0.351
adZ,bh,o,3,0.064
aea,bh,c,38,0.189
aeb,bh,c,22,0.227
aec,bh,c,40,-0.331
aed,bh,c,38,-0.125
aee,bh,h,22,0.501
aef,bh,h,3,0.472
aeg,bh,h,40,0.151
aeh,bh,c,3,0.288
aei,bh,c,29,-0.084
aej,bh,h,10,-0.043
aek,bh,h,22,-0.329
ael,bh,c,3,-0.459
aem,bh,h,22,-0.256
aen,bh,c,3,-0.166
aeo,bh,c,3,-0.166
aep,bh,c,22,-0.495
aeq,bh,h,22,0.251
aer,bi,c,3,-0.076
aes,bi,c,3,-0.129
aet,bi,h,40,-0.058
aeu,bi,h,29,0.015
aev,bi,h,3,-0.391
aew,bi,c,3,-0.104
aex,bi,h,22,0.034
aey,bi,h,3,0.065
aez,bi,h,27,0.391
aeA,bi,c,22,0.296
aeB,bi,c,3,-0.044
aeC,bi,o,29,-0.119
aeD,bi,h,38,-0.204
aeE,bi,c,3,-0.039
aeF,bi,c,22,0.337
aeG,bi,h,40,-0.383
aeH,bi,c,3,0.196
aeI,bi,h,3,-0.071
aeJ,bi,c,22,0.239
aeK,bi,c,40,-0.067
aeL,bi,c,40,-0.054
aeM,bi,c,3,-0.236
aeN,bi,h,40,-0.393
aeO,bi,c,42,-0.292
aeP,bi,c,22,-0.049
aeQ,bi,c,42,-0.328
aeR,bj,o,22,0.198
aeS,bj,h,22,-0.538
aeT,bj,o,22,0.416
aeU,bj,o,22,0.363
aeV,bj,c,21,0.014
aeW,bj,c,3,0.032
aeX,bj,c,195,-0.469
aeY,bj,h,28,-0.403
aeZ,bj,c,3,-0.246
afa,bj,c,29,-0.523
afb,bj,h,3,0.371
afc,bj,h,40,0.003
afd,bj,h,22,0.178
afe,bj,c,27,-0.171
aff,bj,h,3,-0.23
afg,bj,h,40,0.318
afh,bj,h,3,0.46
afi,bj,o,3,0.044
afj,bj,o,22,0.293
afk,bj,c,27,0.18
afl,bj,c,27,-0.295
afm,bj,h,40,-0.127
afn,bj,c,40,-0.665
afo,bj,h,22,0.223
afp,bj,c,3,-0.25
afq,bj,h,40,-0.04
afr,bj,h,3,0.01
afs,bj,c,40,0.007
aft,bj,c,27,-0.16
afu,bj,c,40,0.45
afv,bj,h,3,0.034
afw,bj,h,3,0.229
afx,bj,o,22,0.083
afy,bj,h,3,0.462
afz,bj,c,27,-0.196
afA,bj,h,3,-0.084
afB,bj,c,38,-0.285
afC,bk,c,22,0.071
afD,bk,c,40,0.185
afE,bk,h,3,0.36
afF,bk,c,3,-0.248
afG,bk,c,22,0.202
afH,bk,c,3,-0.24
afI,bk,h,3,-0.016
afJ,bk,h,3,-0.262
afK,bk,c,3,0.23
afL,bk,h,3,-0.411
afM,bk,h,3,0.081
afN,bk,c,22,0.194
afO,bk,h,3,-0.014
afP,bk,c,3,-0.138
afQ,bk,c,22,0.143
afR,bk,c,22,-0.037
afS,bk,h,22,-0.297
afT,bk,c,38,-0.04
afU,bk,h,22,0.066
afV,bk,c,3,0.142
afW,bk,h,3,0.288
afX,bk,h,3,0.333
afY,bk,h,3,-0.008
afZ,bk,h,38,-0.001
aga,bk,h,3,-0.254
agb,bk,h,27,0.093
agc,bk,o,22,0.163
agd,bl,h,3,0.174
age,bl,c,3,-0.143
agf,bl,c,3,0.068
agg,bl,c,3,-0.07
agh,bl,c,3,0.206
agi,bl,h,3,0.09
agj,bl,o,22,0.353
agk,bl,c,3,0.023
agl,bl,c,27,0.314
agm,bl,c,40,-0.391
agn,bl,h,22,-0.197
ago,bl,c,3,0.02
agp,bl,h,40,-0.57
agq,bl,c,38,-0.777
agr,bl,c,22,0.171
ags,bl,c,3,0.262
agt,bl,c,42,0.445
agu,bl,h,22,-0.49
agv,bl,c,3,0.316
agw,bl,c,38,-0.147
agx,bl,h,3,-0.274
agy,bl,h,3,-0.085
agz,bl,c,42,-0.343
agA,bl,o,22,0.196
agB,bl,h,38,0.056
agC,bm,c,42,-0.567
agD,bm,c,42,0.352
agE,bm,c,40,-0.115
agF,bm,h,22,0.263
agG,bm,h,3,0.26
agH,bm,c,3,-0.214
agI,bm,h,22,0.079
agJ,bm,h,3,-0.367
agK,bm,c,92,0.084
agL,bm,h,29,0.271
agM,bm,c,22,-0.245
agN,bm,h,42,0.152
agO,bm,h,42,-0.374
agP,bm,h,40,0.049
agQ,bm,c,38,-0.455
agR,bm,c,3,-0.146
agS,bm,c,3,0.048
agT,bm,h,3,0.377
agU,bm,c,40,0.041
agV,bm,h,3,-0.247
agW,bm,h,22,0.553
agX,bm,n,3,0.024
agY,bm,o,40,0.165
agZ,bm,c,22,-0.035
aha,bm,c,40,-0.438
ahb,bm,h,29,-0.201
ahc,bn,c,22,0.241
ahd,bn,h,3,-0.006
ahe,bn,h,22,0.596
ahf,bn,o,3,0.195
ahg,bn,h,40,0.334
ahh,bn,c,22,0.134
ahi,bn,c,22,-0.108
ahj,bn,h,3,-0.128
ahk,bn,n,22,0.133
ahl,bn,c,3,0.457
ahm,bn,h,3,0.1
ahn,bn,h,22,0.075
aho,bn,c,22,-0.454
ahp,bn,c,3,-0.405
ahq,bn,h,22,-0.208
ahr,bn,h,22,-0.223
ahs,bn,o,22,0.29
aht,bn,h,3,-0.258
ahu,bn,n,3,0.088
ahv,bn,h,22,0.609
ahw,bn,h,22,0.456
ahx,bn,c,22,0.51
ahy,bo,c,42,0.625
ahz,bo,c,22,0.262
ahA,bo,c,3,0.098
ahB,bo,h,22,0.281
ahC,bo,c,3,-0.781
ahD,bo,c,3,0.164
ahE,bo,h,22,0.357
ahF,bo,h,3,-0.066
ahG,bo,h,22,0.263
ahH,bo,c,40,0.511
ahI,bo,c,29,-0.057
ahJ,bo,h,22,0.327
ahK,bo,h,3,-0.033
ahL,bo,c,3,0.308
ahM,bo,c,40,0.192
ahN,bo,h,3,0.014
ahO,bo,c,40,-0.478
ahP,bo,h,3,-0.213
ahQ,bo,c,22,-0.127
ahR,bo,c,22,-0.155
ahS,bo,i,22,0.296
ahT,bo,h,40,-0.434
ahU,bo,h,22,0.639
ahV,bo,h,40,0.264
ahW,bo,i,3,0.186
ahX,bp,o,3,-0.091
ahY,bp,c,3,-0.019
ahZ,bp,c,22,-0.073
aia,bp,c,3,0.159
aib,bp,h,22,0.811
aic,bp,h,38,0.233
aid,bp,c,3,0.252
aie,bp,c,3,0.135
aif,bp,h,38,0.712
aig,bp,c,3,-0.396
aih,bp,h,22,0.451
aii,bp,i,38,-0.096
aij,bp,h,3,0.336
aik,bp,i,3,-0.289
ail,bp,h,3,0.346
aim,bp,i,1,-0.521
ain,bp,c,40,-0.065
aio,bp,c,22,0.42
aip,bp,c,10,0.448
aiq,bp,c,22,-0.229
air,bp,c,3,0.075
ais,bp,c,40,-0.132
ait,bp,c,22,-0.376
aiu,bp,i,1,-0.288
aiv,bp,n,3,-0.021
aiw,bp,n,27,0.304
aix,bp,h,14,0.024
aiy,bp,h,3,-0.193
aiz,bp,c,22,0.192
aiA,bp,h,38,0.173
aiB,bq,h,40,0.185
aiC,bq,c,22,0.127
aiD,bq,c,3,-0.29
aiE,bq,o,3,-0.157
aiF,bq,h,29,0.454
aiG,bq,c,22,-0.001
aiH,bq,o,3,-0.105
aiI,bq,c,22,0.043
aiJ,bq,h,27,-0.19
aiK,bq,h,3,0.237
aiL,bq,h,3,-0.025
aiM,bq,c,22,-0.058
aiN,bq,c,22,0.625
aiO,bq,c,22,0.001
aiP,bq,o,22,-0.26
aiQ,bq,c,3,0.088
aiR,bq,c,3,-0.238
aiS,bq,n,3,-0.058
aiT,bq,h,40,0.41
aiU,bq,h,3,-0.702
aiV,br,h,22,0.495
aiW,br,h,22,-0.061
aiX,br,c,27,0.148
aiY,br,o,22,0.498
aiZ,br,c,40,0.224
aja,br,c,40,0.275
ajb,br,c,38,-0.358
ajc,br,h,3,0.136
ajd,br,c,3,0.235
aje,br,o,3,0.265
ajf,br,h,3,0.035
ajg,br,c,42,-0.387
ajh,br,c,38,-0.142
aji,br,c,42,0.264
ajj,br,h,3,0.072
ajk,br,n,22,-0.126
ajl,br,c,40,0.217
ajm,br,c,38,-0.288
ajn,br,h,42,-0.736
ajo,br,c,3,-0.172
ajp,br,h,3,0.238
ajq,br,c,40,-0.201
ajr,bs,o,27,0.363
ajs,bs,h,22,0.252
ajt,bs,h,3,0.362
aju,bs,i,3,0.322
ajv,bs,h,38,-0.261
ajw,bs,c,40,-0.246
ajx,bs,c,3,-0.414
ajy,bs,h,3,-0.358
ajz,bs,o,22,0.063
ajA,bs,c,29,0.106
ajB,bs,c,28,0.011
ajC,bs,c,40,0.151
ajD,bs,i,3,0.033
ajE,bs,c,3,-0.116
ajF,bs,c,27,0.482
ajG,bs,c,3,0.029
ajH,bs,n,22,-0.6
ajI,bs,i,38,0.131
ajJ,bs,c,22,-0.724
ajK,bs,c,40,0.523
ajL,bs,c,3,0.394
ajM,bs,o,22,0.214
ajN,bs,o,22,0.605
ajO,bs,c,3,0.069
ajP,bt,i,22,-0.663
ajQ,bt,c,42,0.572
ajR,bt,h,22,-0.781
ajS,bt,h,3,0.181
ajT,bt,h,22,-0.613
ajU,bt,c,38,0.061
ajV,bt,c,1,0.029
ajW,bt,h,3,0.299
ajX,bt,h,3,0.297
ajY,bt,h,42,-0.176
ajZ,bt,c,38,0.185
aka,bt,h,3,0.403
akb,bt,c,40,-0.018
akc,bt,h,3,0.1
akd,bu,c,38,0.088
ake,bu,h,3,0.224
akf,bu,c,40,0.006
akg,bu,o,3,-0.013
akh,bu,h,22,-0.464
aki,bu,c,22,-0.228
akj,bu,o,22,0.133
akk,bu,h,40,-0.11
akl,bu,c,40,0.09
akm,bu,c,42,-0.172
akn,bu,h,22,0.214
ako,bu,h,22,-0.397
akp,bu,c,3,0.347
akq,bu,i,22,-0.034
akr,bu,c,26,-0.13
aks,bu,c,195,0.15
akt,bu,c,3,0.012
aku,bu,c,42,0.054
akv,bu,h,22,-0.159
akw,bu,o,3,-0.036
akx,bu,c,3,-0.31
aky,bu,h,22,0.237
akz,bu,o,22,0.416
akA,bu,h,22,-0.107
akB,bu,h,22,0.123
akC,bu,c,42,-0.162
akD,bu,c,40,0.02
akE,bu,c,3,0.049
akF,bu,h,3,0.042
akG,bu,h,3,0.204
akH,bu,c,40,-0.168
akI,bv,c,3,-0.301
akJ,bv,h,22,0.154
akK,bv,c,28,-0.274
akL,bv,h,3,-0.209
akM,bv,h,22,-0.039
akN,bv,c,40,-0.341
akO,bv,c,40,-0.068
akP,bv,c,40,0.093
akQ,bv,c,22,0.193
akR,bv,c,3,0.296
akS,bv,h,3,-0.048
akT,bv,h,3,0.05
akU,bv,o,3,0.09
akV,bv,h,3,-0.387
akW,bv,c,3,-0.577
akX,bv,c,3,-0.188
akY,bv,c,22,0.299
akZ,bv,c,3,-0.029
ala,bv,h,22,0.153
alb,bv,h,40,-0.131
alc,bw,c,3,-0.126
ald,bw,h,3,0.12
ale,bw,c,3,-0.132
alf,bw,h,3,-0.057
alg,bw,h,3,0.383
alh,bw,c,10,-0.047
ali,bw,c,3,-0.237
alj,bw,n,22,0.829
alk,bw,c,3,0.017
all,bw,h,3,-0.114
alm,bw,h,40,0.543
aln,bw,c,40,-0.162
alo,bw,h,40,0.338
alp,bw,h,22,-0.236
alq,bx,c,40,-0.147
alr,bx,h,3,0.144
als,bx,h,3,0.149
alt,bx,c,3,-0.226
alu,bx,h,22,-0.088
alv,bx,h,3,0.023
alw,bx,h,3,-0.413
alx,bx,c,28,-0.209
aly,bx,c,40,-0.147
alz,bx,h,3,-0.222
alA,bx,h,3,0.087
alB,bx,c,3,0.187
alC,bx,c,40,-0.092
alD,bx,c,40,-0.375
alE,bx,h,3,-0.194
alF,bx,c,40,-0.36
alG,bx,h,22,0.315
alH,bx,c,3,-0.26
alI,bx,c,27,-0.326
alJ,bx,c,10,0.134
alK,bx,c,27,-0.161
alL,bx,c,3,-0.004
alM,bx,h,3,0.055
alN,bx,c,3,0.409
alO,bx,h,3,0.145
alP,bx,c,3,-0.097
alQ,bx,h,22,-0.198
alR,bx,h,22,-0.231
alS,bx,c,3,-0.087
alT,bx,i,22,-0.052
alU,bx,c,29,-0.006
alV,bx,c,3,0.236
alW,bx,h,40,-0.088
alX,bx,c,42,0.19
alY,bx,c,3,0.34
alZ,bx,c,38,-0.256
ama,by,c,22,-0.449
amb,by,c,3,-0.201
amc,by,o,3,0.072
amd,by,c,22,0.157
ame,by,c,22,0.187
amf,by,c,22,-0.23
amg,by,c,22,0.282
amh,by,c,40,0.082
ami,by,c,22,-0.043
amj,by,c,22,0.009
amk,by,c,3,-0.113
aml,by,c,3,0.081
amm,by,h,40,-0.365
amn,by,h,3,-0.058
amo,by,h,3,-0.548
amp,by,h,3,-0.059
amq,by,h,21,-0.405
amr,by,c,22,0.069
ams,by,c,22,-0.222
amt,by,c,3,0.131
amu,by,h,22,0.295
amv,by,c,3,0.64
amw,by,c,3,-0.078
amx,bz,i,27,-0.456
amy,bz,h,27,-0.112
amz,bz,h,40,-0.069
amA,bz,c,3,0.102
amB,bz,i,38,-0.601
amC,bz,c,22,-0.749
amD,bz,h,22,-0.329
amE,bz,c,3,0.604
amF,bz,h,22,-0.167
amG,bz,h,3,0.136
amH,bz,h,3,-0.563
amI,bz,h,40,-0.054
amJ,bz,c,22,-0.781
amK,bz,c,22,0.036
amL,bA,h,22,0.429
amM,bA,c,27,-0.013
amN,bA,h,3,-0.142
amO,bA,c,3,0.262
amP,bA,h,3,0.019
amQ,bA,c,3,0.094
amR,bA,h,22,0.022
amS,bA,c,22,0.11
amT,bA,h,22,-0.322
amU,bA,c,22,0.14
amV,bA,h,22,0.25
amW,bA,c,22,0.328
amX,bA,c,51,0.196
amY,bA,c,3,-0.125
amZ,bA,c,3,0.256
ana,bA,c,3,-0.253
anb,bA,c,27,-0.128
anc,bA,h,3,-0.041
and,bA,c,3,-0.032
ane,bA,c,3,0.005
anf,bA,h,3,-0.009
ang,bA,c,3,0.241
anh,bA,c,3,0.123
ani,bA,c,3,-0.233
anj,bA,c,38,-0.356
ank,bA,c,3,-0.127
anl,bA,c,3,-0.036
anm,bA,c,40,-0.36
ann,bB,h,22,-0.279
ano,bB,c,27,0.033
anp,bB,i,22,-0.189
anq,bB,o,22,0.644
anr,bB,c,38,0.194
ans,bB,h,3,0.143
ant,bB,i,22,0.488
anu,bB,h,22,-0.595
anv,bB,h,22,-0.095
anw,bB,c,3,-0.194
anx,bB,c,40,0.43
any,bB,c,40,0.136
anz,bB,c,42,-0.057
anA,bB,h,22,0.121
anB,bB,n,22,0.116
anC,bB,h,22,-0.222
anD,bB,h,3,0.098
anE,bB,h,22,-0.211
anF,bB,c,27,0.074
anG,bB,h,22,-0.182
anH,bB,c,3,-0.272
anI,bB,h,3,0.284
anJ,bB,c,10,0.022
anK,bB,h,3,0.403
anL,bC,h,3,0.244
anM,bC,h,40,0.489
anN,bC,c,22,-0.02
anO,bC,h,22,0.039
anP,bC,h,3,0.088
anQ,bC,c,40,-0.277
anR,bC,h,22,0.264
anS,bC,h,3,-0.222
anT,bC,c,3,-0.23
anU,bC,i,22,-0.035
anV,bC,c,3,-0.089
anW,bC,c,10,-0.367
anX,bC,h,10,0.54
anY,bC,c,3,0.077
anZ,bC,c,22,0.137
aoa,bC,h,3,-0.267
aob,bC,o,22,0.558
aoc,bC,c,27,0.033
aod,bC,c,3,0.015
aoe,bC,c,10,0.029
aof,bD,c,3,0.1
aog,bD,h,40,-0.09
aoh,bD,i,42,-0.418
aoi,bD,h,40,-0.074
aoj,bD,c,22,-0.089
aok,bD,h,3,0.313
aol,bD,c,22,0.479
aom,bD,h,3,-0.695
aon,bD,c,22,0.416
aoo,bD,h,3,-0.363
aop,bD,c,3,0.042
aoq,bD,c,3,-0.781
aor,bD,h,3,0.312
aos,bD,o,40,-0.465
aot,bD,h,38,0.243
aou,bD,h,38,-0.181
aov,bD,i,38,-0.781
aow,bD,h,3,0.139
aox,bD,c,22,-0.141
aoy,bD,c,22,-0.154
aoz,bD,c,3,0.181
aoA,bD,c,22,0.15
aoB,bE,c,40,0.417
aoC,bE,c,3,0.167
aoD,bE,h,22,-0.041
aoE,bE,h,3,-0.32
aoF,bE,h,40,-0.068
aoG,bE,c,10,0.216
aoH,bE,h,3,-0.173
aoI,bE,c,3,0.119
aoJ,bE,h,3,0.072
aoK,bE,c,22,-0.232
aoL,bE,h,14,0.571
aoM,bE,c,3,-0.11
aoN,bE,h,3,0.248
aoO,bE,c,3,-0.036
aoP,bE,h,22,0.001
aoQ,bE,c,40,-0.329
aoR,bE,i,22,0.074
aoS,bE,h,3,-0.031
aoT,bE,c,3,0.1
aoU,bF,h,40,-0.024
aoV,bF,h,22,0.24
aoW,bF,h,40,0.118
aoX,bF,h,3,-0.781
aoY,bF,c,3,-0.216
aoZ,bF,o,1,-0.159
apa,bF,o,22,-0.412
apb,bF,c,3,0.146
apc,bF,h,3,-0.328
apd,bF,c,27,0.371
ape,bF,i,40,-0.145
apf,bF,c,3,0.037
apg,bF,h,22,0.376
aph,bF,c,40,0.084
api,bF,n,28,0.15
apj,bF,h,3,0.346
apk,bF,h,40,0.255
apl,bF,c,3,-0.122
apm,bF,c,40,-0.217
apn,bF,o,22,-0.443
apo,bF,c,22,0.207
app,bF,i,42,0.016
apq,bG,h,3,0.29
apr,bG,c,40,-0.153
aps,bG,o,40,0.496
apt,bG,h,3,0.082
apu,bG,o,3,0.325
apv,bG,h,40,0.145
apw,bG,o,22,0.528
apx,bG,c,22,0.348
apy,bG,h,22,0.111
apz,bG,c,22,0.06
apA,bG,h,40,0.105
apB,bG,o,27,-0.112
apC,bG,c,3,-0.117
apD,bG,c,38,0.089
apE,bG,c,3,-0.439
apF,bG,h,3,0.49
apG,bG,c,3,0.066
apH,bG,h,21,-0.032
apI,bG,c,3,-0.313
apJ,bG,c,3,-0.432
apK,bG,c,40,-0.51
apL,bG,o,42,0.074
apM,bH,o,29,-0.225
apN,bH,i,3,-0.547
apO,bH,h,40,-0.299
apP,bH,c,3,-0.448
apQ,bH,c,22,0.356
apR,bH,h,42,-0.054
apS,bH,c,27,0.821
apT,bH,c,29,0.127
apU,bH,h,42,-0.378
apV,bH,c,3,0.528
apW,bH,h,40,-0.19
apX,bH,h,1,-0.337
apY,bH,c,22,0.099
apZ,bH,h,3,0.315
aqa,bI,c,22,-0.231
aqb,bI,c,22,0.133
aqc,bI,c,22,-0.176
aqd,bI,c,22,-0.235
aqe,bI,c,42,-0.126
aqf,bI,c,3,0.082
aqg,bI,h,3,-0.244
aqh,bI,c,22,0.005
aqi,bI,c,3,-0.061
aqj,bI,h,22,-0.016
aqk,bI,h,22,-0.005
aql,bI,c,22,0.194
aqm,bI,h,3,-0.149
aqn,bI,h,3,0.194
aqo,bI,c,3,-0.222
aqp,bI,c,22,0.123
aqq,bI,c,40,-0.006
aqr,bI,c,3,-0.15
aqs,bI,c,27,0.064
aqt,bI,c,3,0.271
aqu,bI,h,3,-0.231
aqv,bI,c,22,-0.11
aqw,bI,h,3,0.112
aqx,bI,c,22,0.325
aqy,bI,c,3,-0.226
aqz,bI,h,3,0.063
aqA,bI,c,22,0.151
aqB,bI,c,3,0.07
aqC,bI,c,3,0.259
aqD,bI,c,3,0.328
aqE,bI,h,22,-0.09
aqF,bJ,c,27,0.294
aqG,bJ,h,40,0.574
aqH,bJ,c,22,0.177
aqI,bJ,c,22,0.136
aqJ,bJ,c,22,0.139
aqK,bJ,o,40,-0.153
aqL,bJ,h,3,-0.101
aqM,bJ,h,27,-0.666
aqN,bJ,c,3,-0.024
aqO,bJ,h,3,-0.13
aqP,bJ,c,42,0.422
aqQ,bJ,c,40,0.125
aqR,bJ,c,22,0.198
aqS,bJ,h,22,0.632
aqT,bJ,c,3,-0.541
aqU,bJ,c,3,0.122
aqV,bK,c,27,-0.186
aqW,bK,h,3,0.107
aqX,bK,c,3,-0.453
aqY,bK,c,3,-0.316
aqZ,bK,c,3,0.189
ara,bK,c,3,0.009
arb,bK,c,38,-0.036
arc,bK,h,27,0.388
ard,bK,h,40,-0.152
are,bK,o,1,-0.156
arf,bK,c,22,0.305
arg,bK,c,22,-0.28
arh,bK,c,22,0.643
ari,bK,c,40,-0.362
arj,bK,h,38,0.051
ark,bK,c,3,0.052
arl,bK,i,32,0.242
arm,bK,c,3,0.096
arn,bK,c,22,0.184
aro,bK,h,38,-0.127
arp,bK,c,38,-0.191
arq,bK,h,27,-0.302
arr,bK,c,22,0.207
ars,bK,h,3,-0.002
art,bK,h,3,-0.175
aru,bK,h,42,-0.015
arv,bK,c,22,-0.134
arw,bK,o,42,-0.369
arx,bK,c,22,-0.385
ary,bK,c,22,0.363
arz,bK,c,3,0.053
arA,bK,c,22,-0.439
arB,bK,h,40,0.155
arC,bK,c,3,0.082
arD,bL,h,22,0.146
arE,bL,c,3,-0.228
arF,bL,c,3,-0.005
arG,bL,c,16,-0.163
arH,bL,h,3,0.214
arI,bL,c,40,-0.087
arJ,bL,c,3,0.003
arK,bL,h,3,-0.157
arL,bL,h,22,-0.074
arM,bL,c,22,-0.048
arN,bL,c,29,0.025
arO,bL,h,3,-0.485
arP,bL,h,3,-0.133
arQ,bL,h,3,-0.054
arR,bL,c,40,0.204
arS,bL,c,40,0.056
arT,bL,c,40,0.327
arU,bL,c,27,-0.038
arV,bL,h,22,-0.075
arW,bL,c,3,-0.187
arX,bL,c,27,0.1
arY,bL,h,22,0.008
arZ,bL,h,22,0.076
asa,bL,h,22,0.333
asb,bL,c,3,-0.329
asc,bL,h,22,-0.126
asd,bM,h,27,-0.419
ase,bM,h,27,-0.483
asf,bM,h,3,-0.256
asg,bM,h,3,-0.185
ash,bM,c,3,0.052
asi,bM,c,3,-0.193
asj,bM,h,22,0.057
ask,bM,h,3,0.182
asl,bM,o,3,-0.029
asm,bM,h,3,-0.286
asn,bM,o,3,0.096
aso,bM,c,42,-0.145
asp,bM,c,3,0.154
asq,bM,h,3,0.197
asr,bM,c,3,0.108
ass,bM,h,22,-0.141
ast,bM,c,3,-0.08
asu,bM,o,22,-0.245
asv,bM,c,3,0.081
asw,bM,h,22,-0.155
asx,bM,c,21,0.022
asy,bM,h,3,0.032
asz,bM,c,3,-0.065
asA,bM,c,42,-0.593
asB,bM,h,27,0.029
asC,bN,c,3,0.078
asD,bN,c,3,-0.378
asE,bN,c,22,-0.015
asF,bN,c,3,-0.032
asG,bN,c,3,0.473
asH,bN,i,29,-0.51
asI,bN,h,40,0.407
asJ,bN,c,26,-0.191
asK,bN,h,22,0.197
asL,bN,c,3,-0.11
asM,bN,c,22,0.346
asN,bN,h,3,-0.263
asO,bN,i,40,0.079
asP,bN,c,3,-0.232
asQ,bN,c,38,-0.311
asR,bN,h,27,-0.141
asS,bN,h,38,-0.043
asT,bN,o,3,-0.371
asU,bN,c,3,-0.125
asV,bN,c,22,-0.206
asW,bN,h,3,0.161
asX,bN,c,3,0.081
asY,bN,c,3,0.196
asZ,bN,c,22,0.452
ata,bO,c,3,0.235
atb,bO,c,3,0.301
atc,bO,h,42,0.054
atd,bO,h,27,0.538
ate,bO,h,40,0.262
atf,bO,c,3,-0.172
atg,bO,c,22,0.425
ath,bO,c,40,-0.316
ati,bO,i,3,-0.155
atj,bO,i,22,0.515
atk,bO,h,38,-0.124
atl,bO,c,22,0.254
atm,bO,h,3,0.321
atn,bO,o,22,0.335
ato,bO,h,3,-0.211
atp,bO,h,22,0.389
atq,bO,c,40,0.15
atr,bP,h,22,0.207
ats,bP,c,38,0.143
att,bP,c,40,0.052
atu,bP,h,22,0.248
atv,bP,h,22,-0.087
atw,bP,c,40,0.017
atx,bP,c,26,0.007
aty,bP,c,38,-0.271
atz,bP,c,3,0.162
atA,bP,c,32,0.273
atB,bP,c,27,-0.147
atC,bP,c,22,-0.068
atD,bP,h,3,-0.157
atE,bP,c,22,0.009
atF,bP,h,40,-0.412
atG,bP,h,3,0.077
atH,bP,h,22,0.097
atI,bP,c,27,-0.145
atJ,bP,c,10,-0.409
atK,bP,c,3,-0.14
atL,bP,c,22,0.166
atM,bP,c,21,-0.274
atN,bP,h,22,0.229
atO,bP,c,22,0.338
atP,bP,h,3,0.027
atQ,bP,h,22,-0.222
atR,bP,h,22,0.609
atS,bP,h,40,0.169
atT,bP,h,22,0.025
atU,bP,h,22,0.061
atV,bQ,c,3,-0.094
atW,bQ,h,3,-0.256
atX,bQ,h,42,-0.419
atY,bQ,i,22,0.173
atZ,bQ,h,3,-0.49
aua,bQ,o,3,-0.133
aub,bQ,c,22,0.721
auc,bQ,c,38,0.375
aud,bQ,c,40,-0.215
aue,bQ,h,3,-0.013
auf,bQ,i,3,-0.129
aug,bQ,h,22,-0.052
auh,bQ,c,40,0.165
aui,bQ,h,22,0.479
auj,bQ,o,3,-0.13
auk,bQ,c,3,0.334
aul,bQ,c,3,-0.612
aum,bQ,h,22,-0.104
aun,bQ,c,22,0.449
auo,bQ,c,3,0.654
aup,bQ,c,27,0.195
auq,bQ,i,38,-0.001
aur,bQ,c,3,0.218
aus,bQ,h,3,-0.576
aut,bQ,c,3,0.107
auu,bQ,h,40,-0.102
auv,bR,h,22,0.032
auw,bR,h,3,0.084
aux,bR,c,3,-0.248
auy,bR,h,40,0.392
auz,bR,c,27,0.116
auA,bR,h,40,0.41
auB,bR,c,22,0.229
auC,bR,h,42,-0.166
auD,bR,i,3,-0.275
auE,bR,c,22,-0.173
auF,bR,h,3,-0.023
auG,bR,h,3,-0.142
auH,bR,h,22,0.226
auI,bR,c,3,0.223
auJ,bR,h,22,0.142
auK,bR,h,3,0.341
auL,bR,c,3,-0.284
auM,bR,h,3,0.251
auN,bR,c,22,0.161
auO,bR,c,3,0.199
auP,bR,c,3,0.416
auQ,bR,c,3,0.036
auR,bR,h,40,-0.621
auS,bR,c,22,-0.117
auT,bR,c,40,0.005
auU,bR,n,3,0.115
auV,bR,c,3,0.035
auW,bR,c,22,-0.18
auX,bS,c,22,-0.527
auY,bS,h,3,-0.049
auZ,bS,h,3,0.531
ava,bS,h,3,-0.101
avb,bS,c,3,0.015
avc,bS,h,3,-0.262
avd,bS,c,27,-0.13
ave,bS,c,42,0.033
avf,bS,o,3,-0.064
avg,bS,h,34,0.385
avh,bS,o,22,0.126
avi,bS,c,21,-0.009
avj,bS,c,3,-0.296
avk,bS,c,38,-0.434
avl,bS,h,3,-0.343
avm,bS,c,3,0.244
avn,bS,i,22,0.09
avo,bS,n,22,-0.08
avp,bS,h,3,0.055
avq,bS,o,3,-0.164
avr,bS,h,40,0.117
avs,bS,i,22,0.01
avt,bS,h,22,0.335
avu,bS,h,3,-0.424
avv,bS,h,3,0.304
avw,bS,h,22,-0.15
avx,bS,o,3,-0.116
avy,bS,c,26,-0.216
avz,bS,c,22,-0.105
avA,bT,c,22,0.277
avB,bT,i,14,0.247
avC,bT,c,3,0.364
avD,bT,h,3,-0.323
avE,bT,c,22,0.117
avF,bT,o,40,-0.148
avG,bT,i,42,-0.005
avH,bT,c,22,0.349
avI,bT,c,3,0.321
avJ,bT,c,22,-0.156
avK,bT,i,38,0.161
avL,bT,h,40,0.32
avM,bT,h,22,-0.351
avN,bT,c,22,0.207
avO,bT,c,3,0.185
avP,bT,c,22,-0.215
avQ,bT,i,42,0.175
avR,bT,c,22,-0.051
avS,bT,h,22,0.168
avT,bT,c,3,0.456
avU,bU,h,22,0.014
avV,bU,i,1,-0.048
avW,bU,c,3,0.165
avX,bU,c,22,0.306
avY,bU,h,40,0.026
avZ,bU,o,38,-0.012
awa,bU,h,22,0.186
awb,bU,h,42,-0.335
awc,bU,n,3,0.596
awd,bU,h,27,-0.377
awe,bU,h,40,-0.009
awf,bU,h,3,-0.561
awg,bU,h,42,-0.152
awh,bU,h,42,-0.055
awi,bU,c,22,0.143
awj,bU,c,22,-0.679
awk,bU,h,40,-0.306
awl,bU,h,22,0.301
awm,bU,h,3,0.076
awn,bU,h,3,0.264
awo,bU,h,22,0.17
awp,bU,c,3,-0.204
awq,bU,h,22,-0.084
awr,bU,c,3,0.339
aws,bU,c,27,-0.255
awt,bU,c,22,-0.23
awu,bU,c,40,-0.163
awv,bU,c,21,0.089
aww,bU,h,22,0.085
awx,bU,c,22,0.005
awy,bU,o,3,-0.049
awz,bU,h,3,-0.25
awA,bU,h,3,0.149
awB,bU,n,22,0.432
awC,bV,h,3,0.163
awD,bV,n,3,0.165
awE,bV,c,22,0.112
awF,bV,c,3,-0.085
awG,bV,c,22,0.056
awH,bV,c,3,0.273
awI,bV,c,3,-0.094
awJ,bV,c,22,0.241
awK,bV,c,3,-0.188
awL,bV,c,22,-0.065
awM,bV,c,22,0.042
awN,bV,h,3,0.115
awO,bV,c,22,0.133
awP,bV,c,3,0.007
awQ,bV,c,22,0.248
awR,bV,h,3,0.223
awS,bV,c,22,-0.281
awT,bV,c,22,0.397
awU,bV,c,22,0.121
awV,bV,h,22,0.198
awW,bV,c,22,0.174
awX,bV,c,3,-0.42
awY,bV,c,3,-0.452
awZ,bV,c,22,-0.083
axa,bV,c,3,0.028
axb,bV,c,22,-0.161
axc,bV,c,3,-0.332
axd,bV,c,22,0.414
axe,bV,c,22,0.412
axf,bW,c,3,-0.504
axg,bW,h,3,0.311
axh,bW,h,29,-0.056
axi,bW,c,22,0.148
axj,bW,n,3,-0.038
axk,bW,c,22,0.237
axl,bW,h,27,-0.424
axm,bW,h,22,0.052
axn,bW,h,34,-0.1
axo,bW,c,27,0.086
axp,bW,h,40,0.529
axq,bW,c,3,-0.668
axr,bW,c,3,-0.198
axs,bW,c,40,-0.175
axt,bW,c,22,0.059
axu,bW,c,27,0.391
axv,bW,h,27,-0.069
axw,bW,c,3,-0.303
axx,bW,h,40,-0.379
axy,bW,h,3,-0.269
axz,bW,c,22,0.071
axA,bW,c,22,-0.104
axB,bW,c,3,-0.164
axC,bW,h,42,-0.515
axD,bW,c,3,-0.182
axE,bW,h,22,0.157
axF,bX,c,27,-0.082
axG,bX,h,40,-0.441
axH,bX,c,40,-0.128
axI,bX,c,22,0.085
axJ,bX,c,40,-0.036
axK,bX,c,40,-0.227
axL,bX,c,40,-0.147
axM,bX,c,27,0.132
axN,bX,h,3,0.102
axO,bX,h,22,0.428
axP,bX,c,42,0.003
axQ,bX,c,22,-0.011
axR,bX,c,40,-0.154
axS,bX,c,42,-0.061
axT,bX,c,38,-0.167
axU,bX,h,22,0.139
axV,bX,c,27,0.115
axW,bX,c,3,-0.285
axX,bX,h,3,0.003
axY,bX,c,3,0.198
axZ,bX,c,3,-0.414
aya,bX,c,3,-0.291
ayb,bX,c,42,0.071
ayc,bX,c,22,0.198
ayd,bX,c,40,0.044
aye,bX,c,27,-0.064
ayf,bX,o,22,-0.052
ayg,bX,c,38,-0.3
ayh,bX,c,26,-0.136
ayi,bX,c,40,-0.153
ayj,bX,c,3,-0.25
ayk,bX,h,22,0.082
ayl,bY,c,3,0.404
aym,bY,c,3,-0.303
ayn,bY,o,40,-0.275
ayo,bY,c,3,0.18
ayp,bY,h,40,0.089
ayq,bY,c,3,0.055
ayr,bY,h,21,-0.093
ays,bY,i,42,-0.241
ayt,bY,n,27,-0.116
ayu,bY,c,3,0.012
ayv,bY,c,3,-0.001
ayw,bY,h,3,-0.318
ayx,bY,c,40,-0.063
ayy,bY,h,3,0.133
ayz,bY,n,29,0.353
ayA,bY,c,22,0.102
ayB,bY,h,22,0.168
ayC,bZ,c,38,0.289
ayD,bZ,c,3,-0.13
ayE,bZ,c,3,-0.466
ayF,bZ,c,38,-0.074
ayG,bZ,h,3,-0.232
ayH,bZ,c,22,0.32
ayI,bZ,h,26,-0.146
ayJ,bZ,c,22,0.102
ayK,bZ,c,22,0.337
ayL,bZ,c,22,-0.761
ayM,bZ,c,3,0.22
ayN,bZ,h,8,-0.162
ayO,bZ,c,40,-0.157
ayP,bZ,c,3,0.038
ayQ,bZ,c,38,0.039
ayR,bZ,h,38,-0.352
ayS,bZ,h,3,0.067
ayT,bZ,c,22,-0.198
ayU,bZ,h,3,0.391
ayV,bZ,c,3,-0.065
ayW,bZ,c,3,-0.132
ayX,bZ,c,42,-0.509
ayY,bZ,c,3,0.25
ayZ,bZ,c,22,-0.111
aza,bZ,o,22,-0.371
azb,bZ,c,27,0.335
azc,bZ,h,22,-0.087
azd,bZ,h,3,0.232
aze,bZ,c,40,0.104
azf,bZ,h,3,0.263
azg,ca,i,22,-0.416
azh,ca,h,22,0.095
azi,ca,o,3,-0.52
azj,ca,h,3,0.037
azk,ca,h,22,-0.106
azl,ca,c,40,0.198
azm,ca,h,40,-0.261
azn,ca,o,22,-0.483
azo,ca,h,38,-0.464
azp,ca,c,40,0.132
azq,ca,h,3,-0.377
azr,ca,h,3,-0.707
azs,ca,c,38,0.316
azt,ca,h,38,-0.107
azu,ca,c,22,-0.103
azv,ca,c,3,-0.09
azw,ca,n,3,-0.117
azx,ca,c,22,0.364
azy,ca,h,3,0.246
azz,ca,h,38,0.012
azA,ca,c,3,0.108
azB,ca,c,22,0.089
azC,ca,c,40,0.302
azD,cb,c,3,-0.157
azE,cb,c,3,-0.033
azF,cb,h,22,0.158
azG,cb,h,3,0.129
azH,cb,o,3,-0.184
azI,cb,h,22,0.475
azJ,cb,h,3,0.479
azK,cb,i,22,0.152
azL,cb,h,22,0.284
azM,cb,c,3,0.157
azN,cb,c,21,0.023
azO,cb,i,40,-0.559
azP,cb,h,3,0.162
azQ,cb,h,22,0.099
azR,cb,c,3,-0.126
azS,cb,h,27,-0.054
azT,cb,h,22,-0.064
azU,cb,h,28,-0.369
azV,cb,c,3,-0.092
azW,cb,c,3,0.127
azX,cb,o,22,0.409
azY,cb,o,22,0.25
azZ,cb,h,22,0.234
aAa,cb,h,3,0.271
aAb,cb,c,3,-0.365
aAc,cb,c,3,-0.24
aAd,cb,c,40,0.064
aAe,cb,c,3,-0.221
aAf,cb,c,40,0.325
aAg,cb,h,27,-0.262
aAh,cc,h,3,0.138
aAi,cc,c,27,-0.041
aAj,cc,c,3,0.058
aAk,cc,c,3,0.373
aAl,cc,c,195,-0.486
aAm,cc,c,40,0.35
aAn,cc,c,3,0.086
aAo,cc,o,22,0.107
aAp,cc,h,22,0.264
aAq,cc,c,42,0.126
aAr,cc,h,3,-0.014
aAs,cc,c,40,-0.781
aAt,cc,c,3,0.237
aAu,cc,c,29,-0.07
aAv,cc,c,3,-0.163
aAw,cc,n,22,0.057
aAx,cc,h,22,-0.094
aAy,cc,c,40,-0.243
aAz,cc,h,3,0.245
aAA,cc,o,22,0.213
aAB,cc,c,3,-0.292
aAC,cc,c,40,-0.414
aAD,cc,c,1,-0.108
aAE,cc,c,3,0.079
aAF,cc,c,27,0.135
aAG,cd,c,3,0.521
aAH,cd,i,42,-0.553
aAI,cd,c,22,0.441
aAJ,cd,n,3,0.132
aAK,cd,c,3,0.206
aAL,cd,c,22,-0.005
aAM,cd,h,3,-0.273
aAN,cd,h,40,0.231
aAO,cd,h,3,0.438
aAP,cd,c,3,0.336
aAQ,cd,h,42,-0.39
aAR,cd,h,29,-0.326
aAS,cd,h,22,0.178
aAT,cd,h,3,0.069
aAU,cd,h,42,-0.353
aAV,cd,h,42,-0.211
aAW,cd,c,40,-0.071
aAX,cd,h,42,-0.345
aAY,cd,h,3,0.367
aAZ,cd,c,3,-0.144
aBa,cd,h,3,0.4
aBb,ce,c,22,0.176
aBc,ce,c,1,-0.196
aBd,ce,c,3,0.179
aBe,ce,i,40,0.415
aBf,ce,c,3,-0.139
aBg,ce,c,3,-0.05
aBh,ce,h,22,0.168
aBi,ce,h,28,0.198
aBj,ce,h,22,0.106
aBk,ce,c,3,0.192
aBl,ce,c,27,-0.066
aBm,ce,h,40,0.186
aBn,ce,h,22,0.129
aBo,ce,h,22,0.043
aBp,ce,h,22,0.154
aBq,ce,h,22,0.23
aBr,ce,c,3,0.109
aBs,ce,c,3,0.125
aBt,ce,c,40,-0.138
aBu,ce,c,3,-0.036
aBv,ce,h,27,0.231
aBw,ce,c,3,-0.031
aBx,ce,c,3,-0.162
aBy,ce,h,22,0.17
aBz,ce,c,38,-0.392
aBA,ce,c,3,0.067
aBB,ce,c,22,0.142
aBC,cf,c,22,-0.267
aBD,cf,n,3,-0.051
aBE,cf,n,42,-0.205
aBF,cf,h,3,-0.074
aBG,cf,c,22,-0.772
aBH,cf,i,28,-0.243
aBI,cf,c,27,0.029
aBJ,cf,c,3,-0.327
aBK,cf,c,1,-0.453
aBL,cf,h,40,0.138
aBM,cf,o,3,0.404
aBN,cf,i,40,0.089
aBO,cf,c,22,-0.307
aBP,cf,c,3,0.564
aBQ,cf,h,3,-0.027
aBR,cf,c,3,-0.103
aBS,cf,c,22,-0.074
aBT,cf,h,40,-0.279
aBU,cf,n,38,0.034
aBV,cf,h,3,-0.003
aBW,cf,h,27,-0.051
aBX,cf,c,3,-0.194
aBY,cf,h,3,-0.105
aBZ,cf,h,3,-0.001
aCa,cf,o,3,0.06
aCb,cg,h,3,-0.23
aCc,cg,c,38,0.291
aCd,cg,c,22,-0.37
aCe,cg,h,27,-0.323
aCf,cg,c,3,-0.039
aCg,cg,h,3,0.146
aCh,cg,n,42,-0.485
aCi,cg,c,3,-0.314
aCj,cg,c,22,0.248
aCk,cg,c,22,-0.086
aCl,cg,c,22,-0.084
aCm,cg,c,3,-0.023
aCn,cg,c,22,0.412
aCo,cg,h,3,0.048
aCp,cg,h,3,-0.263
aCq,cg,o,3,-0.337
aCr,cg,h,3,-0.029
aCs,cg,h,3,0.319
aCt,cg,c,3,-0.058
aCu,cg,c,22,-0.153
aCv,cg,c,22,0.039
aCw,cg,c,3,0.225
aCx,cg,c,22,0.013
aCy,cg,h,3,0.003
aCz,ch,h,3,0.076
aCA,ch,i,42,-0.568
aCB,ch,h,27,0.105
aCC,ch,h,32,-0.164
aCD,ch,h,22,0.322
aCE,ch,c,22,0.165
aCF,ch,c,22,0.596
aCG,ch,o,93,0.291
aCH,ch,c,3,-0.163
aCI,ch,h,3,0.002
aCJ,ch,c,3,0.258
aCK,ch,h,3,-0.408
aCL,ch,h,27,0.184
aCM,ch,h,3,0.003
aCN,ch,h,3,-0.116
aCO,ch,i,42,-0.234
aCP,ch,h,38,0.362
aCQ,ch,n,38,-0.138
aCR,ch,h,40,0.242
aCS,ch,c,3,-0.193
aCT,ch,o,3,-0.152
aCU,ch,n,29,0.51
aCV,ch,c,22,0.23
aCW,ch,h,3,0.263
aCX,ci,h,27,-0.483
aCY,ci,h,22,-0.032
aCZ,ci,i,40,0.245
aDa,ci,n,22,0.117
aDb,ci,c,40,0.468
aDc,ci,c,40,-0.132
aDd,ci,c,40,-0.356
aDe,ci,h,40,-0.021
aDf,ci,h,22,0.457
aDg,ci,c,3,0.129
aDh,ci,c,22,0.552
aDi,ci,c,27,-0.144
aDj,ci,c,3,-0.195
aDk,ci,c,3,-0.229
aDl,ci,h,29,-0.075
aDm,ci,c,22,0.224
aDn,ci,h,3,0.058
aDo,ci,c,3,-0.092
aDp,ci,c,3,0.021
aDq,ci,h,40,-0.511
aDr,ci,h,3,0.535
aDs,ci,c,3,-0.054
aDt,ci,h,22,-0.002
aDu,ci,c,40,0.01
aDv,ci,c,3,0.091
aDw,ci,h,3,0.244
aDx,ci,h,3,-0.517
aDy,ci,h,3,0.23
aDz,ci,h,3,-0.144
aDA,ci,c,3,0.236
aDB,ci,h,22,-0.285
aDC,ci,c,3,0.189
aDD,cj,h,22,0.2
aDE,cj,h,22,-0.096
aDF,cj,h,3,0.091
aDG,cj,h,3,-0.007
aDH,cj,c,38,-0.176
aDI,cj,h,22,0.533
aDJ,cj,h,22,-0.13
aDK,cj,h,22,0.048
aDL,cj,h,22,0.032
aDM,cj,h,22,0.109
aDN,cj,h,22,0.279
aDO,cj,c,3,0.248
aDP,cj,c,29,-0.137
aDQ,cj,c,3,0.208
aDR,cj,c,3,0.336
aDS,cj,h,3,0.062
aDT,cj,c,3,0.276
aDU,cj,o,22,-0.325
aDV,cj,c,42,-0.375
aDW,cj,c,3,-0.019
aDX,cj,c,42,-0.086
aDY,cj,c,40,-0.314
aDZ,cj,c,3,-0.06
aEa,cj,h,22,-0.217
aEb,cj,h,3,-0.028
aEc,ck,c,22,-0.237
aEd,ck,c,40,0.131
aEe,ck,c,22,-0.096
aEf,ck,h,22,-0.3
aEg,ck,c,27,-0.208
aEh,ck,c,3,-0.31
aEi,ck,h,22,-0.132
aEj,ck,c,22,-0.087
aEk,ck,n,22,0.009
aEl,ck,c,22,0.098
aEm,ck,c,22,0.229
aEn,ck,c,40,-0.104
aEo,ck,c,22,-0.215
aEp,ck,c,3,0.03
aEq,ck,c,22,0.052
aEr,ck,c,3,-0.143
aEs,ck,c,3,0.347
aEt,ck,c,22,-0.298
aEu,ck,c,3,-0.005
aEv,ck,h,22,0.298
aEw,ck,c,3,-0.201
aEx,ck,c,40,0.071
aEy,ck,h,22,0.01
aEz,ck,c,22,-0.027
aEA,ck,c,3,-0.086
aEB,ck,h,3,0.25
aEC,ck,h,22,0.101
aED,ck,h,22,-0.149
aEE,ck,h,22,0.007
aEF,ck,c,3,-0.254
aEG,ck,h,22,-0.31
aEH,ck,h,22,0.34
aEI,ck,c,3,-0.041
aEJ,cl,h,42,-0.322
aEK,cl,h,3,-0.129
aEL,cl,o,22,0.158
aEM,cl,h,3,0.511
aEN,cl,c,42,-0.183
aEO,cl,h,38,0.078
aEP,cl,h,195,0.042
aEQ,cl,i,3,-0.04
aER,cl,c,3,-0.027
aES,cl,h,3,-0.395
aET,cl,c,42,-0.272
aEU,cl,h,3,0.264
aEV,cl,h,27,0.585
aEW,cl,c,3,1.002
aEX,cl,h,40,-0.09
aEY,cl,h,3,-0.333
aEZ,cl,c,38,-0.257
aFa,cl,h,3,-0.533
aFb,cl,c,29,-0.221
aFc,cm,h,3,0.401
aFd,cm,i,40,-0.219
aFe,cm,h,3,-0.121
aFf,cm,c,3,-0.355
aFg,cm,h,22,0.301
aFh,cm,o,40,-0.17
aFi,cm,o,22,-0.468
aFj,cm,h,22,0.562
aFk,cm,h,40,-0.172
aFl,cm,h,3,0.076
aFm,cm,c,3,0.068
aFn,cm,c,3,-0.16
aFo,cm,h,3,0.599
aFp,cm,i,3,-0.348
aFq,cm,c,22,0.588
aFr,cm,o,40,0.132
aFs,cm,h,3,-0.26
aFt,cm,o,3,0.25
aFu,cm,i,38,0.564
aFv,cm,h,38,-0.074
aFw,cm,c,40,0.168
aFx,cm,i,3,0.572
aFy,cm,h,40,0.022
aFz,cm,o,40,0.305
aFA,cm,h,3,0.096
aFB,cm,c,3,0.206
aFC,cm,h,3,0.206
aFD,cn,h,22,0.289
aFE,cn,c,40,-0.781
aFF,cn,h,3,-0.371
aFG,cn,c,40,-0.208
aFH,cn,h,10,-0.243
aFI,cn,h,3,0.162
aFJ,cn,c,3,-0.08
aFK,cn,n,3,-0.182
aFL,cn,h,3,-0.154
aFM,cn,h,3,0.382
aFN,cn,c,40,0.057
aFO,cn,c,22,0.041
aFP,cn,h,27,-0.382
aFQ,cn,c,40,-0.1
aFR,cn,c,3,0.363
aFS,cn,h,22,0.122
aFT,cn,n,38,0.322
aFU,cn,h,3,0.164
aFV,cn,c,22,-0.604
aFW,cn,h,22,-0.168
aFX,cn,c,3,0.086
aFY,cn,c,40,0.303
aFZ,co,c,10,0.061
aGa,co,n,22,0.48
aGb,co,c,3,0.307
aGc,co,h,3,-0.592
aGd,co,c,22,0.154
aGe,co,c,40,-0.563
aGf,co,h,3,-0.578
aGg,co,c,3,0.065
aGh,co,c,22,-0.292
aGi,co,h,40,-0.187
aGj,co,h,22,0.209
aGk,co,i,3,-0.064
aGl,co,h,3,0.432
aGm,co,o,22,-0.375
aGn,cp,c,22,-0.16
aGo,cp,c,22,0.061
aGp,cp,c,22,-0.204
aGq,cp,c,3,0.196
aGr,cp,c,27,-0.183
aGs,cp,h,3,-0.088
aGt,cp,n,42,0.093
aGu,cp,h,3,0.426
aGv,cp,h,40,0.116
aGw,cp,c,22,-0.416
aGx,cp,c,10,-0.191
aGy,cp,c,3,0.011
aGz,cp,h,22,-0.107
aGA,cp,h,3,-0.153
aGB,cp,h,40,-0.001
aGC,cp,c,27,-0.163
aGD,cp,i,3,0.253
aGE,cp,h,22,0.616
aGF,cp,h,3,0.056
aGG,cp,c,22,-0.156
aGH,cp,c,3,-0.157
aGI,cp,c,3,0.303
aGJ,cp,h,22,-0.054
aGK,cp,c,40,0.002
aGL,cp,h,22,0.72
aGM,cp,o,40,-0.027
aGN,cp,h,22,0.104
aGO,cp,c,22,0.363
aGP,cp,c,10,-0.477
aGQ,cq,c,3,0.214
aGR,cq,c,22,-0.004
aGS,cq,o,3,-0.058
aGT,cq,c,3,0.164
aGU,cq,o,22,-0.087
aGV,cq,c,3,0.087
aGW,cq,h,3,-0.081
aGX,cq,c,22,-0.244
aGY,cq,c,22,0.288
aGZ,cq,c,22,0.374
aHa,cq,h,22,-0.078
aHb,cq,h,3,0.118
aHc,cq,c,3,0.256
aHd,cq,i,22,-0.303
aHe,cq,h,3,-0.509
aHf,cq,c,22,0.367
aHg,cq,h,27,-0.27
aHh,cq,o,40,-0.171
aHi,cq,c,40,-0.286
aHj,cq,n,3,-0.016
aHk,cq,c,3,0.145
aHl,cr,h,38,0.117
aHm,cr,h,40,0.052
aHn,cr,c,3,0.059
aHo,cr,c,40,-0.029
aHp,cr,o,42,-0.157
aHq,cr,c,3,0.048
aHr,cr,h,3,-0.173
aHs,cr,c,22,0.048
aHt,cr,h,22,0.1
aHu,cr,h,38,-0.103
aHv,cr,h,3,-0.062
aHw,cr,h,22,0.193
aHx,cr,c,3,0.129
aHy,cr,h,3,0.084
aHz,cr,h,38,-0.249
aHA,cr,c,40,-0.068
aHB,cr,n,27,0.604
aHC,cr,c,38,-0.242
aHD,cr,c,3,0.038
aHE,cr,c,3,-0.081
aHF,cr,i,3,0.364
aHG,cr,o,22,-0.059
aHH,cr,c,16,-0.034
aHI,cs,n,40,-0.198
aHJ,cs,c,27,-0.218
aHK,cs,c,3,-0.177
aHL,cs,c,22,-0.142
aHM,cs,c,22,0.07
aHN,cs,c,3,0.601
aHO,cs,h,3,0.216
aHP,cs,i,42,-0.169
aHQ,cs,c,3,0.201
aHR,cs,c,3,-0.097
aHS,cs,h,22,-0.013
aHT,cs,c,3,0.284
aHU,cs,c,22,0.274
aHV,cs,h,3,-0.163
aHW,cs,c,40,0.1
aHX,cs,c,22,-0.134
aHY,cs,o,3,0.013
aHZ,cs,h,3,0.035
aIa,cs,c,22,0.339
aIb,cs,c,40,0.047
aIc,cs,c,40,-0.274
aId,cs,h,22,0.797
aIe,ct,h,3,0.402
aIf,ct,h,3,0.833
aIg,ct,c,3,-0.059
aIh,ct,c,22,0.73
aIi,ct,c,22,-0.118
aIj,ct,h,40,-0.241
aIk,ct,h,22,-0.164
aIl,ct,h,3,-0.394
aIm,ct,c,22,0.552
aIn,ct,c,22,0.436
aIo,ct,h,3,0.048
aIp,ct,o,40,0.397
aIq,ct,h,3,-0.651
aIr,ct,h,40,-0.099
aIs,ct,c,22,0.177
aIt,ct,c,22,0.131
aIu,ct,h,3,0.293
aIv,ct,c,3,0.141
aIw,ct,h,40,-0.141
aIx,ct,h,3,-0.507
aIy,cu,c,3,-0.189
aIz,cu,c,3,-0.109
aIA,cu,h,40,-0.077
aIB,cu,c,3,-0.016
aIC,cu,c,40,0.667
aID,cu,h,3,0.144
aIE,cu,c,40,0.297
aIF,cu,h,3,0.008
aIG,cu,c,38,-0.498
aIH,cu,c,22,0.147
aII,cu,h,3,-0.111
aIJ,cu,c,38,0.065
aIK,cu,c,42,-0.042
aIL,cu,c,3,0.095
aIM,cu,c,40,0.255
aIN,cu,n,3,0.036
aIO,cu,o,3,0.377
aIP,cu,h,3,-0.164
aIQ,cu,c,22,-0.308
aIR,cu,h,3,-0.221
aIS,cu,c,3,-0.034
aIT,cu,c,3,-0.185
aIU,cu,h,22,0.15
aIV,cu,h,3,0.338
aIW,cu,c,22,-0.601
aIX,cu,c,3,0.074
aIY,cu,h,22,0.128
aIZ,cu,h,22,0.269
aJa,cv,c,40,-0.133
aJb,cv,c,27,0.191
aJc,cv,h,22,0.16
aJd,cv,c,40,-0.387
aJe,cv,h,22,-0.661
aJf,cv,o,22,0.087
aJg,cv,c,3,-0.046
aJh,cv,c,3,-0.571
aJi,cv,c,40,-0.535
aJj,cv,h,3,0.239
aJk,cv,c,38,-0.147
aJl,cv,c,3,-0.414
aJm,cv,c,40,-0.016
aJn,cv,c,3,-0.211
aJo,cv,c,40,0.106
aJp,cv,c,3,0.007
aJq,cv,c,38,0.069
aJr,cv,o,22,0.278
aJs,cv,c,10,0.04
aJt,cv,h,22,0.362
aJu,cv,h,22,-0.169
aJv,cv,o,3,0.374
aJw,cv,c,26,-0.253
aJx,cv,h,22,-0.107
aJy,cv,c,40,0.252
aJz,cv,c,3,-0.223
aJA,cv,c,40,0.134
aJB,cw,c,22,-0.081
aJC,cw,c,3,0.096
aJD,cw,i,22,0.034
aJE,cw,c,22,-0.339
aJF,cw,c,27,-0.004
aJG,cw,h,22,-0.086
aJH,cw,c,1,-0.247
aJI,cw,h,22,0.122
aJJ,cw,h,22,0.012
aJK,cw,c,42,0.097
aJL,cw,c,3,-0.021
aJM,cw,h,40,-0.046
aJN,cw,h,22,0.03
aJO,cw,c,3,-0.259
aJP,cw,c,3,0.046
aJQ,cw,c,27,-0.212
aJR,cw,c,40,-0.192
aJS,cw,c,22,0.032
aJT,cw,h,3,0.115
aJU,cw,c,3,0.248
aJV,cw,h,3,0.438
aJW,cw,h,3,0.051
aJX,cw,c,22,-0.042
aJY,cw,c,38,0.046
aJZ,cw,c,22,-0.147
aKa,cw,c,3,-0.272
aKb,cw,h,40,-0.158
aKc,cw,c,40,-0.295
aKd,cw,c,3,-0.214
aKe,cw,c,3,0.074
aKf,cw,c,22,0.505
aKg,cw,c,22,0.204
aKh,cw,h,3,0.027
aKi,cx,i,3,0.526
aKj,cx,c,3,0.413
aKk,cx,h,3,-0.175
aKl,cx,c,22,0.317
aKm,cx,c,27,0.448
aKn,cx,c,27,-0.274
aKo,cx,h,1,0.336
aKp,cx,c,28,0.722
aKq,cx,c,34,-0.064
aKr,cx,i,3,-0.315
aKs,cx,h,40,0.234
aKt,cx,h,3,-0.297
aKu,cx,h,40,-0.632
aKv,cx,h,27,0.163
aKw,cx,c,42,-0.538
aKx,cx,h,3,-0.365
aKy,cx,c,3,-0.346
aKz,cx,n,22,-0.114
aKA,cx,h,3,-0.314
aKB,cx,o,22,0.08
aKC,cy,h,3,0.282
aKD,cy,c,29,0.132
aKE,cy,i,22,-0.323
aKF,cy,c,27,-0.03
aKG,cy,h,40,-0.508
aKH,cy,h,40,-0.343
aKI,cy,c,3,0.21
aKJ,cy,n,22,-0.066
aKK,cy,c,38,-0.702
aKL,cy,h,3,0.027
aKM,cy,h,3,0.292
aKN,cy,h,40,-0.162
aKO,cy,h,3,-0.329
aKP,cy,c,40,-0.06
aKQ,cy,c,3,-0.053
aKR,cy,c,42,-0.752
aKS,cy,i,3,0.528
aKT,cy,c,40,-0.619
aKU,cy,h,3,0.217
aKV,cy,c,40,0.102
aKW,cy,h,3,0.112
aKX,cy,c,3,-0.714
aKY,cy,c,3,-0.494
aKZ,cy,c,40,-0.113
aLa,cy,h,27,0.295
aLb,cz,h,22,0.298
aLc,cz,o,3,0.738
aLd,cz,c,40,-0.042
aLe,cz,h,3,0.128
aLf,cz,c,42,-0.055
aLg,cz,h,22,0.351
aLh,cz,h,22,0.18
aLi,cz,h,22,0.163
aLj,cz,c,3,0.334
aLk,cz,c,40,-0.159
aLl,cz,c,40,-0.045
aLm,cz,c,22,-0.081
aLn,cz,c,40,-0.046
aLo,cz,c,27,-0.185
aLp,cz,h,22,0.134
aLq,cz,c,42,-0.151
aLr,cz,h,3,-0.047
aLs,cz,c,40,-0.454
aLt,cz,h,3,0.171
aLu,cz,h,27,-0.24
aLv,cz,h,3,0.037
aLw,cz,n,3,0.139
aLx,cz,c,27,-0.176
aLy,cz,c,28,-0.195
aLz,cz,c,38,0.155
aLA,cz,c,3,-0.078
aLB,cz,c,29,0.046
aLC,cz,h,22,-0.226
aLD,cz,c,40,-0.532
aLE,cz,h,22,-0.118
aLF,cz,h,3,0.016
aLG,cA,c,22,-0.125
aLH,cA,i,42,-0.565
aLI,cA,c,22,0.37
aLJ,cA,h,3,0.029
aLK,cA,c,3,0.206
aLL,cA,h,3,0.143
aLM,cA,o,27,-0.092
aLN,cA,h,3,-0.45
aLO,cA,h,3,0.355
aLP,cA,c,22,-0.01
aLQ,cA,i,26,0.234
aLR,cA,c,22,0.444
aLS,cA,c,3,-0.026
aLT,cA,h,22,0.524
aLU,cA,c,22,-0.074
aLV,cA,c,22,0.003
aLW,cA,h,40,0.163
aLX,cA,h,40,0.056
aLY,cA,o,40,-0.147
aLZ,cA,c,22,-0.358
aMa,cA,h,3,-0.149
aMb,cA,o,38,-0.031
aMc,cA,h,3,0.128
aMd,cA,c,3,-0.003
aMe,cA,i,38,-0.21
aMf,cA,h,3,0.026
aMg,cA,h,3,-0.408
aMh,cA,c,3,0.155
aMi,cA,c,3,-0.356
aMj,cA,h,3,-0.06
aMk,cA,h,3,0.069
aMl,cA,c,22,0.566
aMm,cA,c,22,-0.367
aMn,cA,c,3,0.579
aMo,cA,o,3,0.468
aMp,cB,c,22,-0.106
aMq,cB,c,3,0.205
aMr,cB,h,22,0.014
aMs,cB,c,38,-0.104
aMt,cB,o,3,-0.368
aMu,cB,h,40,0.166
aMv,cB,o,3,0.381
aMw,cB,c,3,-0.176
aMx,cB,c,3,0.065
aMy,cB,c,38,0.346
aMz,cB,c,3,0.003
aMA,cB,c,3,-0.014
aMB,cB,c,22,-0.33
aMC,cB,o,40,0.262
aMD,cB,o,3,-0.023
aME,cB,o,3,0.026
aMF,cB,c,3,0.1
aMG,cB,h,3,-0.213
aMH,cB,c,40,-0.259
aMI,cB,h,1,0.175
aMJ,cB,h,3,0.34
aMK,cB,c,3,-0.287
aML,cB,c,3,-0.115
aMM,cB,c,3,-0.298
aMN,cB,h,42,-0.281
aMO,cB,c,42,0.266
aMP,cB,c,40,-0.353
aMQ,cB,c,22,0.425
aMR,cB,c,22,0.095
aMS,cB,h,42,-0.079
aMT,cC,c,3,-0.389
aMU,cC,c,3,0.253
aMV,cC,c,3,0.127
aMW,cC,h,3,-0.208
aMX,cC,c,3,-0.068
aMY,cC,c,1,-0.286
aMZ,cC,c,40,0.213
aNa,cC,h,27,-0.174
aNb,cC,c,27,-0.098
aNc,cC,c,3,-0.5
aNd,cC,c,3,0.185
aNe,cC,c,32,0.126
aNf,cC,c,40,0.012
aNg,cC,c,3,-0.189
aNh,cC,c,42,-0.06
aNi,cC,h,3,0.326
aNj,cC,c,3,-0.232
aNk,cC,c,3,-0.081
aNl,cC,c,22,-0.287
aNm,cC,c,42,0.146
aNn,cC,c,40,-0.295
aNo,cC,h,3,-0.02
aNp,cC,h,22,-0.035
aNq,cC,c,40,-0.023
aNr,cD,c,22,0.053
aNs,cD,h,40,-0.41
aNt,cD,h,3,-0.454
aNu,cD,h,40,0.311
aNv,cD,h,3,-0.251
aNw,cD,c,22,-0.333
aNx,cD,i,195,0.031
aNy,cD,h,22,-0.158
aNz,cD,h,3,0.213
aNA,cD,c,22,0.11
aNB,cD,h,3,-0.498
aNC,cD,h,3,0.005
aND,cD,h,3,-0.621
aNE,cD,c,22,0.558
aNF,cD,c,22,0.022
aNG,cD,h,40,0.23
aNH,cD,c,22,-0.582
aNI,cD,h,27,0.001
aNJ,cD,h,3,-0.234
aNK,cD,c,22,-0.313
aNL,cD,c,3,0.053
aNM,cD,c,22,0.493
aNN,cD,h,3,-0.139
aNO,cD,c,22,0.015
aNP,cD,h,3,-0.353
aNQ,cE,c,3,-0.05
aNR,cE,o,10,-0.467
aNS,cE,h,22,-0.052
aNT,cE,h,3,0.056
aNU,cE,h,3,-0.242
aNV,cE,h,3,0.317
aNW,cE,c,3,-0.011
aNX,cE,h,40,0.251
aNY,cE,c,3,-0.333
aNZ,cE,c,40,-0.117
aOa,cE,c,3,-0.231
aOb,cE,h,3,0.194
aOc,cE,h,40,0.017
aOd,cE,h,40,-0.16
aOe,cE,c,22,0.086
aOf,cE,h,3,-0.181
aOg,cE,c,3,-0.125
aOh,cE,c,22,-0.337
aOi,cE,h,40,0.423
aOj,cE,h,3,-0.017
aOk,cE,h,3,0.052
aOl,cE,h,3,-0.282
aOm,cE,c,22,0.24
aOn,cE,c,3,0.334
aOo,cE,c,3,-0.218
aOp,cE,c,22,0.152
aOq,cE,h,3,0.087
aOr,cE,h,3,-0.244
aOs,cE,h,40,0.057
aOt,cE,i,10,-0.029
aOu,cE,c,42,-0.333
aOv,cF,h,3,-0.033
aOw,cF,o,22,0.11
aOx,cF,c,3,0.212
aOy,cF,h,3,0.126
aOz,cF,h,3,0.069
aOA,cF,o,22,-0.1
aOB,cF,o,22,0.067
aOC,cF,h,22,0.386
aOD,cF,h,3,0.077
aOE,cF,h,22,0.038
aOF,cF,c,38,-0.06
aOG,cF,h,22,-0.033
aOH,cF,i,22,-0.295
aOI,cF,c,42,0.254
aOJ,cF,h,22,0.259
aOK,cF,c,3,-0.382
aOL,cF,h,3,0.548
aOM,cF,h,3,0.411
aON,cF,h,3,-0.144
aOO,cF,c,29,0.059
aOP,cF,c,27,0.122
aOQ,cF,i,22,0.22
aOR,cF,h,3,-0.145
